timestamp,adjclose,close,low,high,open,volume
2020-10-23 00:00:00,0.19173499941825867,0.19173499941825867,0.18209299445152283,0.5308629870414734,0.4841110110282898,6839767
2020-10-24 00:00:00,0.2344920039176941,0.2344920039176941,0.14865200221538544,0.29624098539352417,0.19175200164318085,37803226
2020-10-25 00:00:00,0.18446700274944305,0.18446700274944305,0.18446700274944305,0.25922098755836487,0.2344920039176941,9628807
2020-10-26 00:00:00,0.1658809930086136,0.1658809930086136,0.158392995595932,0.1995300054550171,0.18446700274944305,5357607
2020-10-27 00:00:00,0.1601009964942932,0.1601009964942932,0.15517699718475342,0.18529999256134033,0.1658809930086136,4138298
2020-10-28 00:00:00,0.11455699801445007,0.11455699801445007,0.11143899708986282,0.16010400652885437,0.1601009964942932,2777076
2020-10-29 00:00:00,0.09957700222730637,0.09957700222730637,0.09255799651145935,0.1158590018749237,0.11455699801445007,919706
2020-10-30 00:00:00,0.12145300209522247,0.12145300209522247,0.09664800018072128,0.14145199954509735,0.09957700222730637,6087835
2020-10-31 00:00:00,0.11165100336074829,0.11165100336074829,0.10532599687576294,0.12250299751758575,0.12145300209522247,2566478
2020-11-01 00:00:00,0.10082899779081345,0.10082899779081345,0.0996989980340004,0.11250100284814835,0.11165100336074829,700647
2020-11-02 00:00:00,0.09338700026273727,0.09338700026273727,0.09304700046777725,0.10219299793243408,0.10082899779081345,480686
2020-11-03 00:00:00,0.0823260024189949,0.0823260024189949,0.07774200290441513,0.09487300366163254,0.09338700026273727,1104105
2020-11-04 00:00:00,0.09944400191307068,0.09944400191307068,0.08034700155258179,0.11501500010490417,0.0823260024189949,437992
2020-11-05 00:00:00,0.09299500286579132,0.09299500286579132,0.08660600334405899,0.10374800115823746,0.09944400191307068,1165955
2020-11-06 00:00:00,0.0993650034070015,0.0993650034070015,0.09163100272417068,0.10108300298452377,0.09299500286579132,771804
2020-11-07 00:00:00,0.09961000084877014,0.09961000084877014,0.09509900212287903,0.11531499773263931,0.0993650034070015,156516
2020-11-08 00:00:00,0.12600499391555786,0.12600499391555786,0.09823200106620789,0.126693993806839,0.09973300248384476,58419
2020-11-09 00:00:00,0.12545299530029297,0.12545299530029297,0.11749500036239624,0.15074199438095093,0.12600499391555786,4220681
2020-11-10 00:00:00,0.139723002910614,0.139723002910614,0.1236720010638237,0.1479869931936264,0.125450998544693,2131530
2020-11-11 00:00:00,0.1304759979248047,0.1304759979248047,0.12815900146961212,0.1489119976758957,0.13972899317741394,1746128
2020-11-12 00:00:00,0.15147200226783752,0.15147200226783752,0.12879900634288788,0.16191400587558746,0.13047100603580475,3000204
2020-11-13 00:00:00,0.15048399567604065,0.15048399567604065,0.14652399718761444,0.17156100273132324,0.15146799385547638,3129519
2020-11-14 00:00:00,0.129611998796463,0.129611998796463,0.12833300232887268,0.15605400502681732,0.15050800144672394,1903515
2020-11-15 00:00:00,0.14032599329948425,0.14032599329948425,0.12667599320411682,0.1461549997329712,0.129598006606102,121801
2020-11-16 00:00:00,0.1430159956216812,0.1430159956216812,0.13597699999809265,0.1536789983510971,0.14033299684524536,703884
2020-11-17 00:00:00,0.18275800347328186,0.18275800347328186,0.14301300048828125,0.19003699719905853,0.14652200043201447,222191
2020-11-18 00:00:00,0.151760995388031,0.151760995388031,0.1359499990940094,0.18981699645519257,0.18267099559307098,4058551
2020-11-19 00:00:00,0.13937599956989288,0.13937599956989288,0.13808299601078033,0.1570490002632141,0.15173999965190887,1962634
2020-11-20 00:00:00,0.13771699368953705,0.13771699368953705,0.1363379955291748,0.1477849930524826,0.1393750011920929,1305876
2020-11-21 00:00:00,0.13499000668525696,0.13499000668525696,0.12933799624443054,0.14016200602054596,0.13771100342273712,1445952
2020-11-22 00:00:00,0.12730500102043152,0.12730500102043152,0.12722399830818176,0.1420149952173233,0.13499100506305695,1317443
2020-11-23 00:00:00,0.13527800142765045,0.13527800142765045,0.12219599634408951,0.13808800280094147,0.12730300426483154,1532194
2020-11-24 00:00:00,0.12392300367355347,0.12392300367355347,0.1223979964852333,0.13553600013256073,0.13530699908733368,1131742
2020-11-25 00:00:00,0.12021700292825699,0.12021700292825699,0.11722999811172485,0.1283559948205948,0.12392199784517288,826037
2020-11-26 00:00:00,0.10024099797010422,0.10024099797010422,0.09014499932527542,0.12092400342226028,0.12017100304365158,1222787
2020-11-27 00:00:00,0.12752999365329742,0.12752999365329742,0.10028699785470963,0.15682899951934814,0.10028699785470963,9035384
2020-11-28 00:00:00,0.13208800554275513,0.13208800554275513,0.11902199685573578,0.13842099905014038,0.12741899490356445,3432055
2020-11-29 00:00:00,0.13015900552272797,0.13015900552272797,0.12422200292348862,0.13927899301052094,0.13173599541187286,1440512
2020-11-30 00:00:00,0.12523800134658813,0.12523800134658813,0.12285400182008743,0.1336130052804947,0.1301569938659668,1203327
2020-12-01 00:00:00,0.12449000030755997,0.12449000030755997,0.1185699999332428,0.13038000464439392,0.12523500621318817,1168076
2020-12-02 00:00:00,0.1371690034866333,0.1371690034866333,0.12162499874830246,0.14779099822044373,0.12449099868535995,2305792
2020-12-03 00:00:00,0.13966800272464752,0.13966800272464752,0.1318970024585724,0.14409199357032776,0.13671399652957916,1482134
2020-12-04 00:00:00,0.13393500447273254,0.13393500447273254,0.1321839988231659,0.148375004529953,0.13967999815940857,1261193
2020-12-05 00:00:00,0.1533930003643036,0.1533930003643036,0.13260599970817566,0.16926899552345276,0.13383999466896057,3735926
2020-12-06 00:00:00,0.15709200501441956,0.15709200501441956,0.15307599306106567,0.17201100289821625,0.15324600040912628,1853180
2020-12-07 00:00:00,0.16454799473285675,0.16454799473285675,0.1479160040616989,0.1666249930858612,0.15696699917316437,1995989
2020-12-08 00:00:00,0.19166800379753113,0.19166800379753113,0.16145199537277222,0.22702400386333466,0.16456100344657898,16457691
2020-12-09 00:00:00,0.18512199819087982,0.18512199819087982,0.1646379977464676,0.20681899785995483,0.19223999977111816,8282012
2020-12-10 00:00:00,0.16504299640655518,0.16504299640655518,0.1636510044336319,0.18992899358272552,0.1850930005311966,2154859
2020-12-11 00:00:00,0.16227999329566956,0.16227999329566956,0.1480329930782318,0.16510799527168274,0.16413600742816925,67895
2020-12-12 00:00:00,0.16556400060653687,0.16556400060653687,0.16216200590133667,0.18450599908828735,0.16394799947738647,2562462
2020-12-13 00:00:00,0.17403699457645416,0.17403699457645416,0.16346900165081024,0.17730000615119934,0.16635100543498993,1438655
2020-12-14 00:00:00,0.16923299431800842,0.16923299431800842,0.15956300497055054,0.17733900249004364,0.17410899698734283,1663468
2020-12-15 00:00:00,0.17316800355911255,0.17316800355911255,0.16717299818992615,0.18592199683189392,0.16869400441646576,2332542
2020-12-16 00:00:00,0.20851999521255493,0.20851999521255493,0.17201000452041626,0.21972499787807465,0.173334002494812,5350625
2020-12-17 00:00:00,0.23294100165367126,0.23294100165367126,0.20892000198364258,0.2716180086135864,0.20892000198364258,15098174
2020-12-18 00:00:00,0.2150769978761673,0.2150769978761673,0.20926499366760254,0.2430029958486557,0.2320989966392517,4873232
2020-12-19 00:00:00,0.202906996011734,0.202906996011734,0.20093600451946259,0.23265300691127777,0.2152950018644333,2340849
2020-12-20 00:00:00,0.1876010000705719,0.1876010000705719,0.18479299545288086,0.2058819979429245,0.20291100442409515,459491
2020-12-21 00:00:00,0.17011800408363342,0.17011800408363342,0.16802099347114563,0.18837900459766388,0.18723900616168976,1775360
2020-12-22 00:00:00,0.18479099869728088,0.18479099869728088,0.1639849990606308,0.19402000308036804,0.16968199610710144,1993060
2020-12-23 00:00:00,0.15457600355148315,0.15457600355148315,0.1479330062866211,0.1852560043334961,0.18480700254440308,1236908
2020-12-24 00:00:00,0.1583629995584488,0.1583629995584488,0.13885800540447235,0.15919999778270721,0.15442299842834473,773755
2020-12-25 00:00:00,0.1465359926223755,0.1465359926223755,0.14428000152111053,0.16096800565719604,0.15831400454044342,613234
2020-12-26 00:00:00,0.14621500670909882,0.14621500670909882,0.14344100654125214,0.15090599656105042,0.14652399718761444,464193
2020-12-27 00:00:00,0.18431100249290466,0.18431100249290466,0.14458900690078735,0.1991260051727295,0.14616000652313232,4346845
2020-12-28 00:00:00,0.16800500452518463,0.16800500452518463,0.16650700569152832,0.2125370055437088,0.18432000279426575,4723192
2020-12-29 00:00:00,0.16105200350284576,0.16105200350284576,0.15510399639606476,0.17759999632835388,0.1682949960231781,380115
2020-12-30 00:00:00,0.14970099925994873,0.14970099925994873,0.14540599286556244,0.16465599834918976,0.16104799509048462,391715
2020-12-31 00:00:00,0.15307599306106567,0.15307599306106567,0.13588200509548187,0.17228999733924866,0.14972800016403198,1787182
2021-01-01 00:00:00,0.16004100441932678,0.16004100441932678,0.15244799852371216,0.16075199842453003,0.15307599306106567,773859
2021-01-02 00:00:00,0.15693500638008118,0.15693500638008118,0.15230199694633484,0.16193099319934845,0.1600559949874878,615401
2021-01-03 00:00:00,0.16098399460315704,0.16098399460315704,0.15099400281906128,0.1684029996395111,0.1568550020456314,1233397
2021-01-04 00:00:00,0.1520709991455078,0.1520709991455078,0.14271999895572662,0.16468000411987305,0.1610250025987625,51305
2021-01-05 00:00:00,0.15677900612354279,0.15677900612354279,0.14906099438667297,0.16219699382781982,0.15416300296783447,1076270
2021-01-06 00:00:00,0.16851800680160522,0.16851800680160522,0.15508399903774261,0.17343099415302277,0.15679000318050385,1474087
2021-01-07 00:00:00,0.176938995718956,0.176938995718956,0.1622450053691864,0.18411199748516083,0.1684959977865219,2263816
2021-01-08 00:00:00,0.1912200003862381,0.1912200003862381,0.1681710034608841,0.1944340020418167,0.17760199308395386,2621112
2021-01-09 00:00:00,0.18142299354076385,0.18142299354076385,0.17593400180339813,0.19331899285316467,0.19099199771881104,1169786
2021-01-10 00:00:00,0.19332599639892578,0.19332599639892578,0.18312600255012512,0.20926499366760254,0.18312600255012512,3806140
2021-01-11 00:00:00,0.1726430058479309,0.1726430058479309,0.16360600292682648,0.19471600651741028,0.19329999387264252,1630730
2021-01-12 00:00:00,0.1686909943819046,0.1686909943819046,0.1669519990682602,0.17837800085544586,0.1695999950170517,887004
2021-01-13 00:00:00,0.17412500083446503,0.17412500083446503,0.16479900479316711,0.17621999979019165,0.1686680018901825,1370881
2021-01-14 00:00:00,0.1745540052652359,0.1745540052652359,0.1716179996728897,0.18189099431037903,0.17414699494838715,968754
2021-01-15 00:00:00,0.1837339997291565,0.1837339997291565,0.16879600286483765,0.187049999833107,0.17470699548721313,1688355
2021-01-16 00:00:00,0.18840299546718597,0.18840299546718597,0.17879900336265564,0.19989599287509918,0.18381400406360626,1970609
2021-01-17 00:00:00,0.18119500577449799,0.18119500577449799,0.17275899648666382,0.18984299898147583,0.18839499354362488,1574186
2021-01-18 00:00:00,0.20816899836063385,0.20816899836063385,0.1809539943933487,0.21131199598312378,0.18275600671768188,3814091
2021-01-19 00:00:00,0.19536900520324707,0.19536900520324707,0.19474799931049347,0.21215100586414337,0.20813199877738953,1976331
2021-01-20 00:00:00,0.18602199852466583,0.18602199852466583,0.1747180074453354,0.19600200653076172,0.19541099667549133,2122951
2021-01-21 00:00:00,0.20830699801445007,0.20830699801445007,0.1806270033121109,0.21907000243663788,0.18684400618076324,6213529
2021-01-22 00:00:00,0.21483099460601807,0.21483099460601807,0.20214299857616425,0.23089200258255005,0.20741499960422516,6339403
2021-01-23 00:00:00,0.20452800393104553,0.20452800393104553,0.19972200691699982,0.2151300013065338,0.2149360030889511,3304779
2021-01-24 00:00:00,0.20665399730205536,0.20665399730205536,0.2004680037498474,0.21590399742126465,0.20453299582004547,3241366
2021-01-25 00:00:00,0.19689300656318665,0.19689300656318665,0.19646500051021576,0.2085070013999939,0.20664699375629425,1868528
2021-01-26 00:00:00,0.2494570016860962,0.2494570016860962,0.19396500289440155,0.25436800718307495,0.1970670074224472,9775468
2021-01-27 00:00:00,0.2166540026664734,0.2166540026664734,0.2142930030822754,0.28307801485061646,0.24913500249385834,10092501
2021-01-28 00:00:00,0.22349099814891815,0.22349099814891815,0.21109400689601898,0.24026399850845337,0.21678000688552856,4976284
2021-01-29 00:00:00,0.20874899625778198,0.20874899625778198,0.2043440043926239,0.22424399852752686,0.2202569991350174,4343485
2021-01-30 00:00:00,0.21470099687576294,0.21470099687576294,0.20747800171375275,0.21849200129508972,0.2090359926223755,2064949
2021-01-31 00:00:00,0.21350200474262238,0.21350200474262238,0.2088010013103485,0.22707200050354004,0.21471500396728516,2382602
2021-02-01 00:00:00,0.21211500465869904,0.21211500465869904,0.20670199394226074,0.21663899719715118,0.2137089967727661,1441169
2021-02-02 00:00:00,0.21479299664497375,0.21479299664497375,0.20702800154685974,0.21933099627494812,0.21209999918937683,1950582
2021-02-03 00:00:00,0.22647100687026978,0.22647100687026978,0.21263499557971954,0.23458300530910492,0.2147739976644516,2571120
2021-02-04 00:00:00,0.24547399580478668,0.24547399580478668,0.22247199714183807,0.2556920051574707,0.22616499662399292,4621844
2021-02-05 00:00:00,0.2740199863910675,0.2740199863910675,0.24506600201129913,0.27952998876571655,0.24587300419807434,6827069
2021-02-06 00:00:00,0.24928300082683563,0.24928300082683563,0.24709099531173706,0.27533599734306335,0.27448898553848267,3865216
2021-02-07 00:00:00,0.29558899998664856,0.29558899998664856,0.2479490041732788,0.3261150121688843,0.24939100444316864,13093072
2021-02-08 00:00:00,0.2971290051937103,0.2971290051937103,0.2901430130004883,0.35231900215148926,0.29577499628067017,3560924
2021-02-09 00:00:00,0.3213900029659271,0.3213900029659271,0.2943980097770691,0.3376710116863251,0.2970860004425049,6929509
2021-02-10 00:00:00,0.38357099890708923,0.38357099890708923,0.31571099162101746,0.39655300974845886,0.3216469883918762,10005226
2021-02-11 00:00:00,0.3916360139846802,0.3916360139846802,0.3777399957180023,0.4029429852962494,0.38302600383758545,6354568
2021-02-12 00:00:00,0.40009599924087524,0.40009599924087524,0.37025898694992065,0.40531298518180847,0.3927130103111267,5706489
2021-02-13 00:00:00,0.39983001351356506,0.39983001351356506,0.3947179913520813,0.4251689910888672,0.40154099464416504,6407889
2021-02-14 00:00:00,0.3590629994869232,0.3590629994869232,0.35519498586654663,0.4029160141944885,0.3999289870262146,5837547
2021-02-15 00:00:00,0.3499070107936859,0.3499070107936859,0.3216109871864319,0.36368000507354736,0.35947200655937195,3402604
2021-02-16 00:00:00,0.34680500626564026,0.34680500626564026,0.34007400274276733,0.3554750084877014,0.3498370051383972,2095599
2021-02-17 00:00:00,0.35844698548316956,0.35844698548316956,0.3385530114173889,0.35985898971557617,0.34671899676322937,2917332
2021-02-18 00:00:00,0.4458850026130676,0.4458850026130676,0.35704201459884644,0.45134100317955017,0.35704201459884644,7311199
2021-02-19 00:00:00,0.4582740068435669,0.4582740068435669,0.42936599254608154,0.49653300642967224,0.44607600569725037,12294859
2021-02-20 00:00:00,0.4082080125808716,0.4082080125808716,0.405472993850708,0.45775899291038513,0.4569289982318878,4705501
2021-02-21 00:00:00,0.42485499382019043,0.42485499382019043,0.40745100378990173,0.4293909966945648,0.4091629981994629,2591092
2021-02-22 00:00:00,0.4131610095500946,0.4131610095500946,0.33956199884414673,0.444707989692688,0.42339199781417847,5853505
2021-02-23 00:00:00,0.3835180103778839,0.3835180103778839,0.36153000593185425,0.4141930043697357,0.41307100653648376,5100838
2021-02-24 00:00:00,0.4254089891910553,0.4254089891910553,0.37756699323654175,0.42666199803352356,0.38388198614120483,3942984
2021-02-25 00:00:00,0.46572399139404297,0.46572399139404297,0.42528900504112244,0.4829919934272766,0.4254859983921051,8348035
2021-02-26 00:00:00,0.4569549858570099,0.4569549858570099,0.450982004404068,0.5328959822654724,0.46379199624061584,15020535
2021-02-27 00:00:00,0.40533000230789185,0.40533000230789185,0.4013029932975769,0.46276500821113586,0.4568290114402771,3683072
2021-02-28 00:00:00,0.37964800000190735,0.37964800000190735,0.3523330092430115,0.40793201327323914,0.4059250056743622,4093534
2021-03-01 00:00:00,0.403654009103775,0.403654009103775,0.3771109879016876,0.41878798604011536,0.3802190124988556,3147320
2021-03-02 00:00:00,0.4560439884662628,0.4560439884662628,0.40128400921821594,0.456820011138916,0.4036090075969696,4472725
2021-03-03 00:00:00,0.49776801466941833,0.49776801466941833,0.45630401372909546,0.5261650085449219,0.45630401372909546,5757486
2021-03-04 00:00:00,0.6071509718894958,0.6071509718894958,0.4670960009098053,0.7766090035438538,0.4976379871368408,36929777
2021-03-05 00:00:00,0.6011549830436707,0.6011549830436707,0.5501580238342285,0.7238960266113281,0.6089839935302734,27879313
2021-03-06 00:00:00,1.0276470184326172,1.0276470184326172,0.6001620292663574,1.2326539754867554,0.601036012172699,230267640
2021-03-07 00:00:00,0.8827430009841919,0.8827430009841919,0.8484150171279907,1.026298999786377,1.0115059614181519,55773588
2021-03-08 00:00:00,0.9411259889602661,0.9411259889602661,0.8691949844360352,0.9584239721298218,0.8831110000610352,7434504
2021-03-09 00:00:00,1.1082359552383423,1.1082359552383423,0.9185640215873718,1.3525910377502441,0.944267988204956,80519907
2021-03-10 00:00:00,1.0133099555969238,1.0133099555969238,0.9781180024147034,1.1477830410003662,1.0864959955215454,27556299
2021-03-11 00:00:00,1.0774739980697632,1.0774739980697632,0.9406039714813232,1.098734974861145,1.0127700567245483,29207475
2021-03-12 00:00:00,1.0073519945144653,1.0073519945144653,0.9569349884986877,1.126688003540039,1.0786540508270264,34892273
2021-03-13 00:00:00,1.47822904586792,1.47822904586792,0.9782999753952026,1.5522010326385498,1.0096009969711304,88179019
2021-03-14 00:00:00,1.4101589918136597,1.4101589918136597,1.3147180080413818,1.5087169408798218,1.467879056930542,41923175
2021-03-15 00:00:00,1.7622929811477661,1.7622929811477661,1.1917320489883423,1.891422986984253,1.4104969501495361,86353060
2021-03-16 00:00:00,1.733314037322998,1.733314037322998,1.6105170249938965,2.032757043838501,1.7702840566635132,139908138
2021-03-17 00:00:00,1.6294840574264526,1.6294840574264526,1.4455349445343018,1.7464280128479004,1.7397489547729492,41255429
2021-03-18 00:00:00,1.5087389945983887,1.5087389945983887,1.4892139434814453,1.769821047782898,1.6292409896850586,20989769
2021-03-19 00:00:00,1.5415459871292114,1.5415459871292114,1.474284052848816,1.605057954788208,1.5093610286712646,19186096
2021-03-20 00:00:00,1.403090000152588,1.403090000152588,1.4029550552368164,1.6144579648971558,1.5406450033187866,15389990
2021-03-21 00:00:00,1.5537060499191284,1.5537060499191284,1.3268829584121704,1.5618540048599243,1.4033600091934204,23304905
2021-03-22 00:00:00,1.7683080434799194,1.7683080434799194,1.5527909994125366,1.982239007949829,1.5571049451828003,104680456
2021-03-23 00:00:00,1.8783669471740723,1.8783669471740723,1.6515229940414429,1.8929870128631592,1.766772985458374,34852553
2021-03-24 00:00:00,2.055795907974243,2.055795907974243,1.7315380573272705,2.413602113723755,1.878538966178894,111162344
2021-03-25 00:00:00,2.372009038925171,2.372009038925171,1.8628120422363281,2.5320780277252197,2.05851411819458,119210588
2021-03-26 00:00:00,2.9973928928375244,2.9973928928375244,2.3529369831085205,3.4379680156707764,2.3998970985412598,236045536
2021-03-27 00:00:00,4.044723033905029,4.044723033905029,2.922873020172119,4.994372844696045,3.0002589225769043,584962188
2021-03-28 00:00:00,3.676193952560425,3.676193952560425,3.4192121028900146,4.175265789031982,4.033610820770264,229214826
2021-03-29 00:00:00,3.3190510272979736,3.3190510272979736,3.2512800693511963,3.7688260078430176,3.6796209812164307,97900054
2021-03-30 00:00:00,3.423213005065918,3.423213005065918,3.148343086242676,3.6208550930023193,3.3204450607299805,114640804
2021-03-31 00:00:00,3.155142068862915,3.155142068862915,2.9985198974609375,3.467797040939331,3.424865961074829,67576057
2021-04-01 00:00:00,3.136662006378174,3.136662006378174,3.026499032974243,3.4470419883728027,3.1673169136047363,77067847
2021-04-02 00:00:00,3.187041997909546,3.187041997909546,3.053096055984497,3.432368040084839,3.1329538822174072,67095723
2021-04-03 00:00:00,3.0961859226226807,3.0961859226226807,3.0436179637908936,3.4261980056762695,3.189168930053711,58379447
2021-04-04 00:00:00,3.064084053039551,3.064084053039551,3.0426580905914307,3.1999990940093994,3.095123052597046,37280859
2021-04-05 00:00:00,2.7535400390625,2.7535400390625,2.730504035949707,3.083333969116211,3.0630528926849365,60570568
2021-04-06 00:00:00,2.402601957321167,2.402601957321167,2.3914730548858643,2.769186019897461,2.7559831142425537,50653754
2021-04-07 00:00:00,2.474864959716797,2.474864959716797,2.125454902648926,2.690887928009033,2.3992810249328613,72457156
2021-04-08 00:00:00,2.4205639362335205,2.4205639362335205,2.36655592918396,2.755971908569336,2.470889091491699,63579952
2021-04-09 00:00:00,2.391916036605835,2.391916036605835,2.359438896179199,2.5613300800323486,2.420073986053467,36801145
2021-04-10 00:00:00,2.3538970947265625,2.3538970947265625,2.307598114013672,2.542628049850464,2.3932011127471924,32314802
2021-04-11 00:00:00,2.2686069011688232,2.2686069011688232,2.1788330078125,2.365689992904663,2.35294508934021,26892923
2021-04-12 00:00:00,2.6280250549316406,2.6280250549316406,2.243618965148926,3.1879210472106934,2.26884388923645,200877924
2021-04-13 00:00:00,2.6177918910980225,2.6177918910980225,2.4513189792633057,2.8468809127807617,2.6305339336395264,72078472
2021-04-14 00:00:00,2.504852056503296,2.504852056503296,2.37412691116333,2.6998109817504883,2.6117711067199707,41200527
2021-04-15 00:00:00,2.6147561073303223,2.6147561073303223,2.442152976989746,2.6948928833007812,2.5079119205474854,34201524
2021-04-16 00:00:00,2.498945951461792,2.498945951461792,2.3529551029205322,2.6321799755096436,2.602231025695801,31937116
2021-04-17 00:00:00,2.389137029647827,2.389137029647827,2.388235092163086,2.5084478855133057,2.480987071990967,26448950
2021-04-18 00:00:00,2.1581709384918213,2.1581709384918213,2.000180959701538,2.411133050918579,2.39148211479187,36522840
2021-04-19 00:00:00,1.931388020515442,1.931388020515442,1.9215480089187622,2.28405499458313,2.1616439819335938,24521043
2021-04-20 00:00:00,1.8882960081100464,1.8882960081100464,1.760612964630127,2.049053907394409,1.9300669431686401,32212958
2021-04-21 00:00:00,1.7597709894180298,1.7597709894180298,1.7406549453735352,1.9758219718933105,1.894031047821045,27322994
2021-04-22 00:00:00,1.7051420211791992,1.7051420211791992,1.675400972366333,2.115165948867798,1.7532620429992676,46255250
2021-04-23 00:00:00,1.605409026145935,1.605409026145935,1.4218080043792725,1.7431520223617554,1.701835036277771,38451069
2021-04-24 00:00:00,1.9330639839172363,1.9330639839172363,1.5283739566802979,2.0776169300079346,1.60349702835083,66193219
2021-04-25 00:00:00,1.9268590211868286,1.9268590211868286,1.7644670009613037,2.2590761184692383,1.9346040487289429,82712857
2021-04-26 00:00:00,2.278681993484497,2.278681993484497,1.923854947090149,2.496953010559082,1.9393609762191772,81223133
2021-04-27 00:00:00,2.4450840950012207,2.4450840950012207,2.1654160022735596,2.485213041305542,2.274367094039917,56970885
2021-04-28 00:00:00,2.2633180618286133,2.2633180618286133,2.1102030277252197,2.4614779949188232,2.4478209018707275,40653122
2021-04-29 00:00:00,2.2163538932800293,2.2163538932800293,2.1198999881744385,2.39212703704834,2.2652480602264404,27770128
2021-04-30 00:00:00,2.275296926498413,2.275296926498413,2.1739330291748047,2.388411045074463,2.218759059906006,25133518
2021-05-01 00:00:00,2.6673738956451416,2.6673738956451416,2.2411539554595947,2.8251850605010986,2.274704933166504,87828981
2021-05-02 00:00:00,2.686655044555664,2.686655044555664,2.4969658851623535,3.0772929191589355,2.6679389476776123,111708431
2021-05-03 00:00:00,2.637377977371216,2.637377977371216,2.561187982559204,2.867213010787964,2.684032917022705,48761917
2021-05-04 00:00:00,2.276577949523926,2.276577949523926,2.233311891555786,2.6319940090179443,2.628643035888672,38459327
2021-05-05 00:00:00,2.4308691024780273,2.4308691024780273,2.23140811920166,2.4541430473327637,2.2688820362091064,30787264
2021-05-06 00:00:00,2.3442389965057373,2.3442389965057373,2.3041419982910156,2.542987108230591,2.4283480644226074,31549416
2021-05-07 00:00:00,2.2814130783081055,2.2814130783081055,2.2292630672454834,2.38659405708313,2.344886064529419,23102619
2021-05-08 00:00:00,2.2241930961608887,2.2241930961608887,2.1768798828125,2.3790628910064697,2.2832860946655273,22645829
2021-05-09 00:00:00,2.15283203125,2.15283203125,2.054734945297241,2.3219430446624756,2.2270030975341797,20434526
2021-05-10 00:00:00,2.076082944869995,2.076082944869995,1.9997669458389282,2.5584568977355957,2.1517629623413086,41833271
2021-05-11 00:00:00,2.1435821056365967,2.1435821056365967,1.971601963043213,2.1686251163482666,2.074371099472046,25749285
2021-05-12 00:00:00,1.7973339557647705,1.7973339557647705,1.7973339557647705,2.184252977371216,2.1452789306640625,18388961
2021-05-13 00:00:00,1.8074489831924438,1.8074489831924438,1.7006579637527466,1.947666049003601,1.7755359411239624,20975226
2021-05-14 00:00:00,1.9982470273971558,1.9982470273971558,1.811279058456421,2.099925994873047,1.8139619827270508,20803972
2021-05-15 00:00:00,1.8002890348434448,1.8002890348434448,1.7588310241699219,2.0157010555267334,1.9959739446640015,15570098
2021-05-16 00:00:00,1.8425719738006592,1.8425719738006592,1.6200300455093384,1.8977429866790771,1.7975330352783203,18488473
2021-05-17 00:00:00,2.055402994155884,2.055402994155884,1.728948950767517,2.3580169677734375,1.8455840349197388,89871758
2021-05-18 00:00:00,2.000123977661133,2.000123977661133,1.9588350057601929,2.3212850093841553,2.0525801181793213,43889002
2021-05-19 00:00:00,1.2658740282058716,1.2658740282058716,1.0503439903259277,2.0524909496307373,2.000606060028076,45182694
2021-05-20 00:00:00,1.422327995300293,1.422327995300293,1.166260004043579,1.5016340017318726,1.2538659572601318,27226747
2021-05-21 00:00:00,1.2107150554656982,1.2107150554656982,1.0836910009384155,1.4907959699630737,1.4164559841156006,18117824
2021-05-22 00:00:00,1.0957469940185547,1.0957469940185547,1.0723199844360352,1.2364059686660767,1.2122859954833984,12291776
2021-05-23 00:00:00,0.9281079769134521,0.9281079769134521,0.7329400181770325,1.1379250288009644,1.09621000289917,24118886
2021-05-24 00:00:00,1.1616120338439941,1.1616120338439941,0.8914809823036194,1.1699130535125732,0.9159539937973022,22045447
2021-05-25 00:00:00,1.1754499673843384,1.1754499673843384,1.0201129913330078,1.1945689916610718,1.1622589826583862,20660895
2021-05-26 00:00:00,1.270401954650879,1.270401954650879,1.146520972251892,1.2931809425354004,1.176023006439209,18526903
2021-05-27 00:00:00,1.224892020225525,1.224892020225525,1.1596020460128784,1.3536059856414795,1.270429015159607,18593617
2021-05-28 00:00:00,1.0559329986572266,1.0559329986572266,1.0246020555496216,1.2349090576171875,1.2247660160064697,14333655
2021-05-29 00:00:00,0.9599279761314392,0.9599279761314392,0.9227889776229858,1.0984970331192017,1.0558099746704102,11300289
2021-05-30 00:00:00,1.0038939714431763,1.0038939714431763,0.9024909734725952,1.0729440450668335,0.9614139795303345,15416755
2021-05-31 00:00:00,1.0682209730148315,1.0682209730148315,0.9445469975471497,1.0796769857406616,1.003255009651184,12702610
2021-06-01 00:00:00,1.1099940538406372,1.1099940538406372,1.0254050493240356,1.188452959060669,1.067091941833496,30634888
2021-06-02 00:00:00,1.1700949668884277,1.1700949668884277,1.095304012298584,1.1871730089187622,1.1086349487304688,15617243
2021-06-03 00:00:00,1.1718690395355225,1.1718690395355225,1.146981954574585,1.2693220376968384,1.1731029748916626,16383931
2021-06-04 00:00:00,1.078631043434143,1.078631043434143,1.040671944618225,1.184257984161377,1.1749199628829956,14743435
2021-06-05 00:00:00,1.0382169485092163,1.0382169485092163,1.0178890228271484,1.1342170238494873,1.07846999168396,9675500
2021-06-06 00:00:00,1.0909500122070312,1.0909500122070312,1.034540057182312,1.0987340211868286,1.0394630432128906,7619564
2021-06-07 00:00:00,0.9973689913749695,0.9973689913749695,0.9945430159568787,1.1331490278244019,1.0909559726715088,10136258
2021-06-08 00:00:00,1.0001840591430664,1.0001840591430664,0.909500002861023,1.037593960762024,0.9990770220756531,19263515
2021-06-09 00:00:00,1.0541659593582153,1.0541659593582153,0.9648029804229736,1.0600039958953857,0.9983940124511719,12570495
2021-06-10 00:00:00,0.9984380006790161,0.9984380006790161,0.9817590117454529,1.059620976448059,1.0541870594024658,8861755
2021-06-11 00:00:00,1.0333850383758545,1.0333850383758545,0.9760029911994934,1.222267985343933,0.9979090094566345,22833469
2021-06-12 00:00:00,0.9862440228462219,0.9862440228462219,0.9671970009803772,1.0578149557113647,1.0342520475387573,13295716
2021-06-13 00:00:00,1.031919002532959,1.031919002532959,0.9679669737815857,1.039443016052246,0.9862430095672607,10442607
2021-06-14 00:00:00,1.053933024406433,1.053933024406433,1.0209850072860718,1.213884949684143,1.0293049812316895,11353518
2021-06-15 00:00:00,1.1055799722671509,1.1055799722671509,1.0649830102920532,1.1296509504318237,1.1010940074920654,18229432
2021-06-16 00:00:00,1.0164999961853027,1.0164999961853027,1.0111989974975586,1.1334279775619507,1.0736470222473145,10205374
2021-06-17 00:00:00,1.0157229900360107,1.0157229900360107,0.9682809710502625,1.0824389457702637,1.0171749591827393,8638089
2021-06-18 00:00:00,0.9144240021705627,0.9144240021705627,0.885308027267456,1.0434679985046387,1.0193179845809937,8981744
2021-06-19 00:00:00,0.8921329975128174,0.8921329975128174,0.8894699811935425,0.9425449967384338,0.9144750237464905,5806365
2021-06-20 00:00:00,0.8923050165176392,0.8923050165176392,0.8164190053939819,0.9098560214042664,0.8900480270385742,6951755
2021-06-21 00:00:00,0.7442529797554016,0.7442529797554016,0.7405099868774414,0.9024770259857178,0.8935610055923462,7831556
2021-06-22 00:00:00,0.664080023765564,0.664080023765564,0.5917140245437622,0.7923039793968201,0.7441800236701965,13705217
2021-06-23 00:00:00,0.7248470187187195,0.7248470187187195,0.6496710181236267,0.7661240100860596,0.6646580100059509,8885029
2021-06-24 00:00:00,0.7295190095901489,0.7295190095901489,0.7016749978065491,0.7455869913101196,0.7285929918289185,5673415
2021-06-25 00:00:00,0.6582810282707214,0.6582810282707214,0.6523839831352234,0.7447260022163391,0.7295910120010376,6395203
2021-06-26 00:00:00,0.7084220051765442,0.7084220051765442,0.6376259922981262,0.7250769734382629,0.6582390069961548,8287182
2021-06-27 00:00:00,0.7454140186309814,0.7454140186309814,0.6660439968109131,0.7521950006484985,0.7097399830818176,12668523
2021-06-28 00:00:00,0.7681530117988586,0.7681530117988586,0.7325800061225891,0.8616989850997925,0.7460610270500183,17599585
2021-06-29 00:00:00,0.7966099977493286,0.7966099977493286,0.7638030052185059,0.8423169851303101,0.7681609988212585,11404696
2021-06-30 00:00:00,0.7849559783935547,0.7849559783935547,0.7384570240974426,0.8131300210952759,0.7987790107727051,11059201
2021-07-01 00:00:00,0.7593939900398254,0.7593939900398254,0.7347670197486877,0.7980329990386963,0.784945011138916,12250080
2021-07-02 00:00:00,0.825564980506897,0.825564980506897,0.7515360116958618,0.8502510190010071,0.7585110068321228,14051505
2021-07-03 00:00:00,0.8667160272598267,0.8667160272598267,0.8184700012207031,0.8813049793243408,0.824554979801178,18349310
2021-07-04 00:00:00,0.8492270112037659,0.8492270112037659,0.8420569896697998,0.8882949948310852,0.8681529760360718,10602993
2021-07-05 00:00:00,0.7903900146484375,0.7903900146484375,0.7819179892539978,0.8536949753761292,0.8485280275344849,20008921
2021-07-06 00:00:00,0.8506019711494446,0.8506019711494446,0.7877830266952515,0.8507490158081055,0.7895560264587402,14569978
2021-07-07 00:00:00,0.913981020450592,0.913981020450592,0.8336979746818542,1.0559849739074707,0.8506540060043335,30404543
2021-07-08 00:00:00,0.8276240229606628,0.8276240229606628,0.8150230050086975,0.928741991519928,0.9127690196037292,24082021
2021-07-09 00:00:00,0.8509610295295715,0.8509610295295715,0.7907119989395142,0.8640530109405518,0.8290979862213135,14974599
2021-07-10 00:00:00,0.82185298204422,0.82185298204422,0.8015819787979126,0.8663570284843445,0.8487280011177063,18852559
2021-07-11 00:00:00,1.0007250308990479,1.0007250308990479,0.811693012714386,1.076280951499939,0.8226820230484009,51784213
2021-07-12 00:00:00,0.9292529821395874,0.9292529821395874,0.9137340188026428,1.0442559719085693,1.0043699741363525,24168549
2021-07-13 00:00:00,1.2628300189971924,1.2628300189971924,0.911454975605011,1.402614951133728,0.9284440279006958,102369384
2021-07-14 00:00:00,1.2856760025024414,1.2856760025024414,1.0974400043487549,1.4067349433898926,1.265921950340271,90534178
2021-07-15 00:00:00,1.130260944366455,1.130260944366455,1.0925489664077759,1.333292007446289,1.283866047859192,47978580
2021-07-16 00:00:00,0.964497983455658,0.964497983455658,0.9567019939422607,1.1411230564117432,1.1391799449920654,34883658
2021-07-17 00:00:00,0.9086520075798035,0.9086520075798035,0.9012969732284546,0.9770249724388123,0.9629949927330017,15647194
2021-07-18 00:00:00,1.0405369997024536,1.0405369997024536,0.9063550233840942,1.1437170505523682,0.9082199931144714,47971076
2021-07-19 00:00:00,0.8911380171775818,0.8911380171775818,0.8894860148429871,1.0608259439468384,1.0432649850845337,20370837
2021-07-20 00:00:00,0.8271470069885254,0.8271470069885254,0.7940359711647034,0.913703978061676,0.8896989822387695,16875309
2021-07-21 00:00:00,0.9217489957809448,0.9217489957809448,0.8084700107574463,0.9732279777526855,0.8271549940109253,19198239
2021-07-22 00:00:00,0.9451249837875366,0.9451249837875366,0.8964830040931702,1.0228869915008545,0.9271680116653442,29848648
2021-07-23 00:00:00,1.0201539993286133,1.0201539993286133,0.8932579755783081,1.0246599912643433,0.9478150010108948,34441896
2021-07-24 00:00:00,1.112771987915039,1.112771987915039,1.0002269744873047,1.2640960216522217,1.0242079496383667,69139217
2021-07-25 00:00:00,1.2534090280532837,1.2534090280532837,1.0417040586471558,1.2783550024032593,1.110679030418396,58487640
2021-07-26 00:00:00,1.122810959815979,1.122810959815979,1.100142002105713,1.331516981124878,1.252938985824585,36313296
2021-07-27 00:00:00,1.2078889608383179,1.2078889608383179,1.0485639572143555,1.2426220178604126,1.1224110126495361,26732798
2021-07-28 00:00:00,1.1231130361557007,1.1231130361557007,1.098958969116211,1.2196760177612305,1.207373023033142,17196264
2021-07-29 00:00:00,1.1240899562835693,1.1240899562835693,1.105146050453186,1.1914080381393433,1.1265159845352173,14180175
2021-07-30 00:00:00,1.1286489963531494,1.1286489963531494,1.0606460571289062,1.1402699947357178,1.1250890493392944,14281311
2021-07-31 00:00:00,1.1650680303573608,1.1650680303573608,1.110334038734436,1.2124559879302979,1.121495008468628,17525972
2021-08-01 00:00:00,1.1256710290908813,1.1256710290908813,1.1099170446395874,1.2001299858093262,1.1601179838180542,17135967
2021-08-02 00:00:00,1.1261310577392578,1.1261310577392578,1.108538031578064,1.1642190217971802,1.1233420372009277,10622607
2021-08-03 00:00:00,1.0727159976959229,1.0727159976959229,1.0526349544525146,1.135267972946167,1.1260989904403687,17365633
2021-08-04 00:00:00,1.1401989459991455,1.1401989459991455,1.052888035774231,1.164942979812622,1.0736210346221924,12346393
2021-08-05 00:00:00,1.1660959720611572,1.1660959720611572,1.0840320587158203,1.1665929555892944,1.140125036239624,15423694
2021-08-06 00:00:00,1.3461970090866089,1.3461970090866089,1.1632859706878662,1.4003340005874634,1.1716749668121338,40069726
2021-08-07 00:00:00,1.3455899953842163,1.3455899953842163,1.2758549451828003,1.4501169919967651,1.3482190370559692,31485286
2021-08-08 00:00:00,1.2689709663391113,1.2689709663391113,1.2055130004882812,1.3572579622268677,1.3465089797973633,18323857
2021-08-09 00:00:00,1.3557590246200562,1.3557590246200562,1.2266089916229248,1.4361000061035156,1.2651469707489014,24527080
2021-08-10 00:00:00,1.4680670499801636,1.4680670499801636,1.3319740295410156,1.4815880060195923,1.3531450033187866,22232312
2021-08-11 00:00:00,1.5655540227890015,1.5655540227890015,1.451640009880066,1.7389520406723022,1.4622540473937988,40350560
2021-08-12 00:00:00,1.4730329513549805,1.4730329513549805,1.4131410121917725,1.6432960033416748,1.5626349449157715,22591825
2021-08-13 00:00:00,1.7007620334625244,1.7007620334625244,1.4554619789123535,1.7585020065307617,1.4790220260620117,29606506
2021-08-14 00:00:00,1.5908600091934204,1.5908600091934204,1.5516799688339233,1.7420400381088257,1.7026679515838623,21985358
2021-08-15 00:00:00,1.6013439893722534,1.6013439893722534,1.5212769508361816,1.636260986328125,1.589387059211731,16051743
2021-08-16 00:00:00,2.7065279483795166,2.7065279483795166,1.5806490182876587,2.965121030807495,1.603234052658081,361497071
2021-08-17 00:00:00,2.8738999366760254,2.8738999366760254,2.531688928604126,4.025179862976074,2.7365291118621826,908630930
2021-08-18 00:00:00,3.0764570236206055,3.0764570236206055,2.6101720333099365,3.5505170822143555,2.866882085800171,400345615
2021-08-19 00:00:00,3.2929561138153076,3.2929561138153076,2.981153964996338,3.6697258949279785,3.059885025024414,269617283
2021-08-20 00:00:00,3.1596970558166504,3.1596970558166504,3.1282079219818115,3.438749074935913,3.2904410362243652,112293743
2021-08-21 00:00:00,2.8715128898620605,2.8715128898620605,2.86784291267395,3.1652939319610596,3.1652939319610596,110254066
2021-08-22 00:00:00,2.8222930431365967,2.8222930431365967,2.710448980331421,2.9894089698791504,2.872411012649536,56934107
2021-08-23 00:00:00,3.0901620388031006,3.0901620388031006,2.8214869499206543,3.2170679569244385,2.827018976211548,144873537
2021-08-24 00:00:00,2.7181520462036133,2.7181520462036133,2.6630239486694336,3.089245080947876,3.089245080947876,78495353
2021-08-25 00:00:00,2.7382938861846924,2.7382938861846924,2.56713604927063,2.8568758964538574,2.7172749042510986,61103657
2021-08-26 00:00:00,2.431040048599243,2.431040048599243,2.394761085510254,2.818571090698242,2.747814893722534,71971995
2021-08-27 00:00:00,2.543121099472046,2.543121099472046,2.2448298931121826,2.633133888244629,2.4281458854675293,74251908
2021-08-28 00:00:00,2.9167959690093994,2.9167959690093994,2.4604620933532715,3.134654998779297,2.547873020172119,160183905
2021-08-29 00:00:00,2.829396963119507,2.829396963119507,2.6950669288635254,3.0877509117126465,2.9338419437408447,122835386
2021-08-30 00:00:00,2.5024819374084473,2.5024819374084473,2.484847068786621,2.8294830322265625,2.8294830322265625,70086256
2021-08-31 00:00:00,2.4665579795837402,2.4665579795837402,2.3944740295410156,2.741305112838745,2.5102860927581787,59693178
2021-09-01 00:00:00,2.5358519554138184,2.5358519554138184,2.357728958129883,2.5758581161499023,2.465301036834717,59465860
2021-09-02 00:00:00,2.6370999813079834,2.6370999813079834,2.4749810695648193,2.753364086151123,2.5428919792175293,86759064
2021-09-03 00:00:00,2.854595899581909,2.854595899581909,2.5580790042877197,3.0807158946990967,2.6317789554595947,152630482
2021-09-04 00:00:00,2.781481981277466,2.781481981277466,2.7277939319610596,2.9128270149230957,2.8446149826049805,59105846
2021-09-05 00:00:00,2.867872953414917,2.867872953414917,2.739475965499878,2.918674945831299,2.7750771045684814,51671742
2021-09-06 00:00:00,2.683608055114746,2.683608055114746,2.562511920928955,3.0147440433502197,2.868730068206787,83087272
2021-09-07 00:00:00,2.078516960144043,2.078516960144043,1.9065200090408325,2.824105978012085,2.6817409992218018,117421207
2021-09-08 00:00:00,2.1393990516662598,2.1393990516662598,1.8639849424362183,2.250631093978882,2.0811290740966797,68024958
2021-09-09 00:00:00,2.4473650455474854,2.4473650455474854,2.1081769466400146,2.5315799713134766,2.126765012741089,82617621
2021-09-10 00:00:00,2.1975650787353516,2.1975650787353516,2.141555070877075,2.518198013305664,2.450305938720703,51368592
2021-09-11 00:00:00,2.284337043762207,2.284337043762207,2.1822409629821777,2.3395559787750244,2.1996910572052,27445535
2021-09-12 00:00:00,2.296196937561035,2.296196937561035,2.221303939819336,2.422729969024658,2.283174991607666,30310414
2021-09-13 00:00:00,2.138819932937622,2.138819932937622,2.02095103263855,2.3159608840942383,2.2963340282440186,30915284
2021-09-14 00:00:00,2.1902010440826416,2.1902010440826416,2.1286890506744385,2.2530839443206787,2.139561891555786,25395103
2021-09-15 00:00:00,2.261730909347534,2.261730909347534,2.107532024383545,2.2669179439544678,2.1940090656280518,34782411
2021-09-16 00:00:00,2.990967035293579,2.990967035293579,2.236008882522583,2.9939229488372803,2.2590510845184326,213347925
2021-09-17 00:00:00,2.6869349479675293,2.6869349479675293,2.6378109455108643,3.20756196975708,2.964385986328125,170286174
2021-09-18 00:00:00,2.7286219596862793,2.7286219596862793,2.636931896209717,2.8952410221099854,2.6890289783477783,48435031
2021-09-19 00:00:00,3.082047939300537,3.082047939300537,2.630441904067993,3.124130964279175,2.7236039638519287,95037231
2021-09-20 00:00:00,2.292135000228882,2.292135000228882,2.221235990524292,3.128757953643799,3.055424928665161,121919120
2021-09-21 00:00:00,1.9891879558563232,1.9891879558563232,1.9429229497909546,2.5455539226531982,2.308756113052368,72227515
2021-09-22 00:00:00,2.2990429401397705,2.2990429401397705,1.9572889804840088,2.3787739276885986,1.9861650466918945,61482722
2021-09-23 00:00:00,2.2982239723205566,2.2982239723205566,2.1779580116271973,2.343561887741089,2.2990610599517822,38139293
2021-09-24 00:00:00,2.1207571029663086,2.1207571029663086,1.9385089874267578,2.3031609058380127,2.300123929977417,42156618
2021-09-25 00:00:00,2.0810599327087402,2.0810599327087402,2.018312931060791,2.168657064437866,2.122731924057007,26658650
2021-09-26 00:00:00,2.061573028564453,2.061573028564453,1.9215790033340454,2.155930995941162,2.081078052520752,30566499
2021-09-27 00:00:00,2.0120251178741455,2.0120251178741455,2.0049259662628174,2.1960370540618896,2.06646990776062,23870826
2021-09-28 00:00:00,1.9247080087661743,1.9247080087661743,1.9146740436553955,2.105288028717041,2.0110390186309814,22942700
2021-09-29 00:00:00,1.9636059999465942,1.9636059999465942,1.9096460342407227,2.062001943588257,1.9255340099334717,16731098
2021-09-30 00:00:00,2.0963220596313477,2.0963220596313477,1.9496819972991943,2.1538751125335693,1.96452796459198,24904952
2021-10-01 00:00:00,2.3521790504455566,2.3521790504455566,2.0923290252685547,2.37123703956604,2.098283052444458,34351381
2021-10-02 00:00:00,2.3129611015319824,2.3129611015319824,2.257704973220825,2.4579169750213623,2.355333089828491,30351772
2021-10-03 00:00:00,2.3746280670166016,2.3746280670166016,2.2449700832366943,2.557673931121826,2.304701089859009,34501040
2021-10-04 00:00:00,2.2397379875183105,2.2397379875183105,2.220503091812134,2.3792591094970703,2.3764829635620117,28123928
2021-10-05 00:00:00,2.2110788822174072,2.2110788822174072,2.1570839881896973,2.319727897644043,2.2416539192199707,25264952
2021-10-06 00:00:00,2.153913974761963,2.153913974761963,2.021888017654419,2.2777180671691895,2.214975118637085,38880375
2021-10-07 00:00:00,2.1107490062713623,2.1107490062713623,2.079658031463623,2.224735975265503,2.152704954147339,27152913
2021-10-08 00:00:00,2.1050820350646973,2.1050820350646973,2.075299024581909,2.172300100326538,2.110805034637451,26736353
2021-10-09 00:00:00,2.1173009872436523,2.1173009872436523,2.0819458961486816,2.1694939136505127,2.1012439727783203,19578177
2021-10-10 00:00:00,1.9788310527801514,1.9788310527801514,1.9649380445480347,2.1220219135284424,2.1220219135284424,18491829
2021-10-11 00:00:00,2.0192151069641113,2.0192151069641113,1.9344860315322876,2.0819790363311768,1.9750529527664185,20235914
2021-10-12 00:00:00,1.9619070291519165,1.9619070291519165,1.8319590091705322,2.0193591117858887,2.0193591117858887,22854075
2021-10-13 00:00:00,2.006237030029297,2.006237030029297,1.891294002532959,2.0327401161193848,1.9591490030288696,23052389
2021-10-14 00:00:00,2.0311129093170166,2.0311129093170166,1.9979300498962402,2.090869903564453,2.004188060760498,21539579
2021-10-15 00:00:00,2.0472700595855713,2.0472700595855713,1.955746054649353,2.1273210048675537,2.034069061279297,27338756
2021-10-16 00:00:00,2.037148952484131,2.037148952484131,2.0211338996887207,2.169440984725952,2.045275926589966,30288636
2021-10-17 00:00:00,1.9715509414672852,1.9715509414672852,1.9113940000534058,2.08109188079834,2.0341200828552246,23269274
2021-10-18 00:00:00,1.945093035697937,1.945093035697937,1.9338610172271729,2.083369016647339,1.9705599546432495,23610733
2021-10-19 00:00:00,1.9522169828414917,1.9522169828414917,1.912261962890625,1.987496018409729,1.9450390338897705,14576888
2021-10-20 00:00:00,2.0297141075134277,2.0297141075134277,1.9167640209197998,2.04988694190979,1.9531949758529663,18329240
2021-10-21 00:00:00,1.9690649509429932,1.9690649509429932,1.9521729946136475,2.117600917816162,2.0348050594329834,26110395
2021-10-22 00:00:00,2.051703929901123,2.051703929901123,1.9678939580917358,2.1155149936676025,1.97005295753479,25185542
2021-10-23 00:00:00,2.136854887008667,2.136854887008667,2.0336759090423584,2.233062982559204,2.051738977432251,37764544
2021-10-24 00:00:00,2.215639114379883,2.215639114379883,2.122389078140259,2.373621940612793,2.1367859840393066,56084929
2021-10-25 00:00:00,2.392707109451294,2.392707109451294,2.1991100311279297,2.4019150733947754,2.2134768962860107,40321084
2021-10-26 00:00:00,2.225532054901123,2.225532054901123,2.185353994369507,2.413917064666748,2.38457989692688,25622696
2021-10-27 00:00:00,1.927662968635559,1.927662968635559,1.8318259716033936,2.274909019470215,2.2245209217071533,35561908
2021-10-28 00:00:00,1.975823998451233,1.975823998451233,1.9083470106124878,2.0333409309387207,1.9295710325241089,21522582
2021-10-29 00:00:00,2.0491011142730713,2.0491011142730713,1.9591480493545532,2.1138720512390137,1.9749599695205688,25216912
2021-10-30 00:00:00,2.3499369621276855,2.3499369621276855,1.9723279476165771,2.3725759983062744,2.0501151084899902,52720889
2021-10-31 00:00:00,2.2208919525146484,2.2208919525146484,2.1601829528808594,2.6859729290008545,2.321341037750244,103477241
2021-11-01 00:00:00,2.296955108642578,2.296955108642578,2.12111496925354,2.4982709884643555,2.22279691696167,73567772
2021-11-02 00:00:00,2.5660738945007324,2.5660738945007324,2.27243709564209,2.9108059406280518,2.2967369556427,139899173
2021-11-03 00:00:00,2.6329119205474854,2.6329119205474854,2.4632039070129395,2.7559990882873535,2.5690910816192627,66206636
2021-11-04 00:00:00,2.62465500831604,2.62465500831604,2.4885149002075195,2.757388114929199,2.6368510723114014,52535312
2021-11-05 00:00:00,2.591986894607544,2.591986894607544,2.550626039505005,2.9317851066589355,2.6214439868927,58623050
2021-11-06 00:00:00,2.5441908836364746,2.5441908836364746,2.454706907272339,2.70361590385437,2.5910239219665527,30022944
2021-11-07 00:00:00,2.5888679027557373,2.5888679027557373,2.5266740322113037,2.658036947250366,2.541682004928589,25765338
2021-11-08 00:00:00,2.6803150177001953,2.6803150177001953,2.5079500675201416,2.6935911178588867,2.589900016784668,34222590
2021-11-09 00:00:00,2.619373083114624,2.619373083114624,2.563236951828003,2.8251850605010986,2.680243968963623,52311543
2021-11-10 00:00:00,2.3452320098876953,2.3452320098876953,2.180656909942627,2.642098903656006,2.617582082748413,58522502
2021-11-11 00:00:00,2.3555140495300293,2.3555140495300293,2.2741589546203613,2.421180009841919,2.3441550731658936,25754271
2021-11-12 00:00:00,2.2655889987945557,2.2655889987945557,2.190584897994995,2.376115083694458,2.3525679111480713,32851195
2021-11-13 00:00:00,2.3902359008789062,2.3902359008789062,2.2624149322509766,2.4796550273895264,2.2624149322509766,35765787
2021-11-14 00:00:00,2.541469097137451,2.541469097137451,2.379646062850952,2.6185050010681152,2.390075922012329,38388683
2021-11-15 00:00:00,2.384119987487793,2.384119987487793,2.370405912399292,2.5475358963012695,2.535038948059082,23584995
2021-11-16 00:00:00,2.160881996154785,2.160881996154785,2.01944899559021,2.480139970779419,2.389707088470459,34794252
2021-11-17 00:00:00,2.279125928878784,2.279125928878784,2.082990884780884,2.279125928878784,2.1605288982391357,34130770
2021-11-18 00:00:00,2.1430790424346924,2.1430790424346924,2.1067299842834473,3.689547061920166,2.284830093383789,478756651
2021-11-19 00:00:00,2.1695380210876465,2.1695380210876465,2.0804429054260254,2.305772066116333,2.1438939571380615,71655566
2021-11-20 00:00:00,2.2569079399108887,2.2569079399108887,2.1331300735473633,2.3012149333953857,2.1750988960266113,49734758
2021-11-21 00:00:00,2.2358999252319336,2.2358999252319336,2.166140079498291,2.3753879070281982,2.246464967727661,46028680
2021-11-22 00:00:00,2.0760929584503174,2.0760929584503174,2.040627956390381,2.256650924682617,2.2377638816833496,53038776
2021-11-23 00:00:00,2.7872159481048584,2.7872159481048584,2.0496370792388916,3.0511269569396973,2.081044912338257,338839740
2021-11-24 00:00:00,2.6670429706573486,2.6670429706573486,2.4508609771728516,3.0255179405212402,2.7857871055603027,361705903
2021-11-25 00:00:00,2.573498010635376,2.573498010635376,2.4373788833618164,2.753833055496216,2.616858959197998,121476381
2021-11-26 00:00:00,2.184195041656494,2.184195041656494,2.1497890949249268,2.498634099960327,2.4399430751800537,66764669
2021-11-27 00:00:00,2.443998098373413,2.443998098373413,2.1830050945281982,2.6255929470062256,2.1917519569396973,112406725
2021-11-28 00:00:00,2.423711061477661,2.423711061477661,2.2264649868011475,2.450939893722534,2.450939893722534,57230436
2021-11-29 00:00:00,2.4049909114837646,2.4049909114837646,2.375865936279297,2.5711541175842285,2.4223649501800537,55024952
2021-11-30 00:00:00,2.298624038696289,2.298624038696289,2.294166088104248,2.4823110103607178,2.4063398838043213,43302980
2021-12-01 00:00:00,2.3627309799194336,2.3627309799194336,2.2943499088287354,2.5661520957946777,2.2950029373168945,77009142
2021-12-02 00:00:00,2.239543914794922,2.239543914794922,2.210843086242676,2.37172794342041,2.3607540130615234,42691445
2021-12-03 00:00:00,2.1725640296936035,2.1725640296936035,2.0835299491882324,2.3371870517730713,2.2454628944396973,41224560
2021-12-04 00:00:00,1.8972059488296509,1.8972059488296509,1.4279450178146362,2.18414306640625,2.18414306640625,64612953
2021-12-05 00:00:00,1.7293189764022827,1.7293189764022827,1.6864579916000366,1.9308710098266602,1.9000329971313477,31140455
2021-12-06 00:00:00,1.7527170181274414,1.7527170181274414,1.5465179681777954,1.823559045791626,1.7324470281600952,41735250
2021-12-07 00:00:00,1.7306469678878784,1.7306469678878784,1.693207025527954,1.8573509454727173,1.7554140090942383,32414125
2021-12-08 00:00:00,1.761836051940918,1.761836051940918,1.6133389472961426,1.8682990074157715,1.7237180471420288,37795861
2021-12-09 00:00:00,1.6014920473098755,1.6014920473098755,1.6014920473098755,1.8780460357666016,1.7589479684829712,33766188
2021-12-10 00:00:00,1.5589649677276611,1.5589649677276611,1.5544309616088867,1.7514029741287231,1.6029189825057983,49317375
2021-12-11 00:00:00,1.6260639429092407,1.6260639429092407,1.5357229709625244,1.6467150449752808,1.562777042388916,17073351
2021-12-12 00:00:00,1.6299190521240234,1.6299190521240234,1.5745550394058228,1.6543240547180176,1.6268399953842163,18611404
2021-12-13 00:00:00,1.4281729459762573,1.4281729459762573,1.398028016090393,1.6420689821243286,1.6326309442520142,23136168
2021-12-14 00:00:00,1.4457850456237793,1.4457850456237793,1.378890037536621,1.4605950117111206,1.429129958152771,17021866
2021-12-15 00:00:00,1.4845620393753052,1.4845620393753052,1.3429349660873413,1.522359013557434,1.4485059976577759,23267876
2021-12-16 00:00:00,1.4512699842453003,1.4512699842453003,1.4469139575958252,1.5517959594726562,1.4855279922485352,19302387
2021-12-17 00:00:00,1.387619972229004,1.387619972229004,1.357293963432312,1.5046360492706299,1.4534260034561157,17653847
2021-12-18 00:00:00,1.4144220352172852,1.4144220352172852,1.360780954360962,1.4433820247650146,1.3864589929580688,12324230
2021-12-19 00:00:00,1.5154889822006226,1.5154889822006226,1.4004759788513184,1.7195940017700195,1.4142099618911743,77200304
2021-12-20 00:00:00,1.472579002380371,1.472579002380371,1.372588038444519,1.5602970123291016,1.517930030822754,34409460
2021-12-21 00:00:00,1.5432779788970947,1.5432779788970947,1.4487440586090088,1.5489180088043213,1.4727510213851929,20209787
2021-12-22 00:00:00,1.5785959959030151,1.5785959959030151,1.519858956336975,1.6289490461349487,1.542565941810608,22131921
2021-12-23 00:00:00,1.6966179609298706,1.6966179609298706,1.5389200448989868,1.7696280479431152,1.578482985496521,29132453
2021-12-24 00:00:00,1.7409340143203735,1.7409340143203735,1.6427890062332153,1.8437440395355225,1.6997090578079224,42745353
2021-12-25 00:00:00,1.7868390083312988,1.7868390083312988,1.7278900146484375,1.8515510559082031,1.7429239749908447,28351829
2021-12-26 00:00:00,1.8972229957580566,1.8972229957580566,1.7830109596252441,2.0301990509033203,1.7830109596252441,63215429
2021-12-27 00:00:00,2.05057692527771,2.05057692527771,1.8764079809188843,2.1146559715270996,1.899857997894287,65895469
2021-12-28 00:00:00,1.7889339923858643,1.7889339923858643,1.7657619714736938,2.08331298828125,2.0598950386047363,45938297
2021-12-29 00:00:00,1.6633869409561157,1.6633869409561157,1.6472320556640625,1.8546669483184814,1.783722996711731,25175848
2021-12-30 00:00:00,1.6594070196151733,1.6594070196151733,1.6196479797363281,1.7135980129241943,1.6645070314407349,19089799
2021-12-31 00:00:00,1.6033680438995361,1.6033680438995361,1.5674339532852173,1.7246520519256592,1.6595180034637451,33112409
2022-01-01 00:00:00,1.653283953666687,1.653283953666687,1.5973609685897827,1.6540659666061401,1.6034660339355469,17481033
2022-01-02 00:00:00,1.6473020315170288,1.6473020315170288,1.6307580471038818,1.6810059547424316,1.6528140306472778,20790613
2022-01-03 00:00:00,1.6131939888000488,1.6131939888000488,1.5824949741363525,1.6873589754104614,1.6471669673919678,31211453
2022-01-04 00:00:00,1.5899490118026733,1.5899490118026733,1.563364028930664,1.6575779914855957,1.6131930351257324,24334534
2022-01-05 00:00:00,1.4590489864349365,1.4590489864349365,1.3748250007629395,1.6319390535354614,1.5906269550323486,30667799
2022-01-06 00:00:00,1.461243987083435,1.461243987083435,1.3929380178451538,1.4662909507751465,1.4589680433273315,21253484
2022-01-07 00:00:00,1.3794430494308472,1.3794430494308472,1.3439680337905884,1.4631999731063843,1.4609650373458862,19346894
2022-01-08 00:00:00,1.3329789638519287,1.3329789638519287,1.2863160371780396,1.417019009590149,1.3795160055160522,15640450
2022-01-09 00:00:00,1.339516043663025,1.339516043663025,1.3062280416488647,1.370398998260498,1.3329659700393677,11608621
2022-01-10 00:00:00,1.291821002960205,1.291821002960205,1.219959020614624,1.353060007095337,1.3395390510559082,16615617
2022-01-11 00:00:00,1.3864589929580688,1.3864589929580688,1.286141037940979,1.3962140083312988,1.2922099828720093,19428314
2022-01-12 00:00:00,1.4899770021438599,1.4899770021438599,1.383810043334961,1.5102510452270508,1.3865489959716797,21925613
2022-01-13 00:00:00,1.389840006828308,1.389840006828308,1.389840006828308,1.5283839702606201,1.4898979663848877,25602157
2022-01-14 00:00:00,1.4337890148162842,1.4337890148162842,1.36155104637146,1.4401860237121582,1.3899149894714355,20014372
2022-01-15 00:00:00,1.4393680095672607,1.4393680095672607,1.4190880060195923,1.4773999452590942,1.433756947517395,13660435
2022-01-16 00:00:00,1.453313946723938,1.453313946723938,1.4215470552444458,1.477977991104126,1.4394140243530273,11259060
2022-01-17 00:00:00,1.327417016029358,1.327417016029358,1.317060947418213,1.455536961555481,1.4533729553222656,13850440
2022-01-18 00:00:00,1.3105499744415283,1.3105499744415283,1.26528799533844,1.347048044204712,1.3275120258331299,14835125
2022-01-19 00:00:00,1.2598999738693237,1.2598999738693237,1.2460670471191406,1.324671983718872,1.3106770515441895,12978752
2022-01-20 00:00:00,1.1893559694290161,1.1893559694290161,1.1893559694290161,1.3274240493774414,1.2597140073776245,10601599
2022-01-21 00:00:00,0.9962620139122009,0.9962620139122009,0.9763169884681702,1.2048929929733276,1.1898820400238037,26932097
2022-01-22 00:00:00,0.8855400085449219,0.8855400085449219,0.8247730135917664,1.0344690084457397,0.9965680241584778,31441980
2022-01-23 00:00:00,0.9360619783401489,0.9360619783401489,0.8818349838256836,0.9687259793281555,0.8862130045890808,16685672
2022-01-24 00:00:00,0.8456670045852661,0.8456670045852661,0.7691469788551331,0.937425971031189,0.9365170001983643,25186088
2022-01-25 00:00:00,0.8665099740028381,0.8665099740028381,0.8147550225257874,0.8810219764709473,0.8456439971923828,13518460
2022-01-26 00:00:00,0.8803650140762329,0.8803650140762329,0.8527820110321045,0.9673669934272766,0.8660529851913452,18777990
2022-01-27 00:00:00,0.8490489721298218,0.8490489721298218,0.8158869743347168,0.8913390040397644,0.8802539706230164,14214285
2022-01-28 00:00:00,0.8844370245933533,0.8844370245933533,0.8387269973754883,0.887952983379364,0.8487470149993896,11920045
2022-01-29 00:00:00,0.9107300043106079,0.9107300043106079,0.8835790157318115,0.9243000149726868,0.8843100070953369,11433967
2022-01-30 00:00:00,0.9034029841423035,0.9034029841423035,0.8772950172424316,0.9572089910507202,0.9111089706420898,14879157
2022-01-31 00:00:00,0.9211260080337524,0.9211260080337524,0.8490509986877441,0.9285069704055786,0.9035220146179199,14490734
2022-02-01 00:00:00,0.9829379916191101,0.9829379916191101,0.9180099964141846,1.0186810493469238,0.9210339784622192,28413922
2022-02-02 00:00:00,0.9024289846420288,0.9024289846420288,0.9024289846420288,1.0229439735412598,0.9830939769744873,20607764
2022-02-03 00:00:00,0.9122639894485474,0.9122639894485474,0.8842049837112427,0.9188370108604431,0.9026240110397339,12748937
2022-02-04 00:00:00,1.019237995147705,1.019237995147705,0.9081249833106995,1.0194590091705322,0.9127539992332458,20979347
2022-02-05 00:00:00,1.0233039855957031,1.0233039855957031,0.9960920214653015,1.0785009860992432,1.0193790197372437,20022824
2022-02-06 00:00:00,1.1010340452194214,1.1010340452194214,1.0183299779891968,1.1199480295181274,1.023398995399475,25356341
2022-02-07 00:00:00,1.142598032951355,1.142598032951355,1.098080039024353,1.1624250411987305,1.1015180349349976,23549148
2022-02-08 00:00:00,1.0878750085830688,1.0878750085830688,1.0475679636001587,1.172598958015442,1.1429049968719482,17158194
2022-02-09 00:00:00,1.1554310321807861,1.1554310321807861,1.063284993171692,1.1777889728546143,1.0876020193099976,15780531
2022-02-10 00:00:00,1.1882660388946533,1.1882660388946533,1.0895580053329468,1.2465970516204834,1.1554750204086304,45049601
2022-02-11 00:00:00,1.0826560258865356,1.0826560258865356,1.0565299987792969,1.2726199626922607,1.1893800497055054,54519486
2022-02-12 00:00:00,1.071619987487793,1.071619987487793,1.0459749698638916,1.1272269487380981,1.0828050374984741,16627535
2022-02-13 00:00:00,1.0411139726638794,1.0411139726638794,1.0315810441970825,1.0978460311889648,1.0715709924697876,12767800
2022-02-14 00:00:00,0.9956049919128418,0.9956049919128418,0.9706860184669495,1.0418980121612549,1.040153980255127,18190890
2022-02-15 00:00:00,1.0904289484024048,1.0904289484024048,0.994862973690033,1.0923750400543213,0.9954969882965088,23973805
2022-02-16 00:00:00,1.1135720014572144,1.1135720014572144,1.0427240133285522,1.1739979982376099,1.0905510187149048,54505670
2022-02-17 00:00:00,0.9760029911994934,0.9760029911994934,0.972582995891571,1.1256710290908813,1.1130399703979492,30294671
2022-02-18 00:00:00,0.9621850252151489,0.9621850252151489,0.9348869919776917,1.0123339891433716,0.9763960242271423,20839181
2022-02-19 00:00:00,0.9575430154800415,0.9575430154800415,0.9325460195541382,0.9948449730873108,0.9617940187454224,15948497
2022-02-20 00:00:00,0.8891639709472656,0.8891639709472656,0.8655340075492859,0.9578379988670349,0.9578379988670349,15455159
2022-02-21 00:00:00,0.8050690293312073,0.8050690293312073,0.8025749921798706,0.9448930025100708,0.8891770243644714,24303865
2022-02-22 00:00:00,0.8376200199127197,0.8376200199127197,0.7798370122909546,0.8387669920921326,0.8050490021705627,16545453
2022-02-23 00:00:00,0.7900239825248718,0.7900239825248718,0.7900239825248718,0.8670510053634644,0.8373849987983704,13980736
2022-02-24 00:00:00,0.7699400186538696,0.7699400186538696,0.6591060161590576,0.7922379970550537,0.7895089983940125,31296489
2022-02-25 00:00:00,0.803987979888916,0.803987979888916,0.7502700090408325,0.8131290078163147,0.7704570293426514,22865444
2022-02-26 00:00:00,0.7827339768409729,0.7827339768409729,0.7747399806976318,0.8294540047645569,0.8044170141220093,23086502
2022-02-27 00:00:00,0.7346310019493103,0.7346310019493103,0.7228490114212036,0.7994580268859863,0.7826020121574402,19617349
2022-02-28 00:00:00,0.8194400072097778,0.8194400072097778,0.7227630019187927,0.8198249936103821,0.7342169880867004,18804736
2022-03-01 00:00:00,0.8228679895401001,0.8228679895401001,0.8101419806480408,0.8752139806747437,0.8194969892501831,25975400
2022-03-02 00:00:00,0.823419988155365,0.823419988155365,0.8069220185279846,0.8578069806098938,0.8229860067367554,24134519
2022-03-03 00:00:00,0.7880139946937561,0.7880139946937561,0.7711949944496155,0.8284149765968323,0.8239349722862244,14765580
2022-03-04 00:00:00,0.7240610122680664,0.7240610122680664,0.7171199917793274,0.7948939800262451,0.7881389856338501,14543168
2022-03-05 00:00:00,0.7554280161857605,0.7554280161857605,0.7096019983291626,0.7583969831466675,0.7244430184364319,9301002
2022-03-06 00:00:00,0.7047960162162781,0.7047960162162781,0.7037749886512756,0.7588909864425659,0.7552649974822998,10057060
2022-03-07 00:00:00,0.7019360065460205,0.7019360065460205,0.677232027053833,0.7415120005607605,0.7047939896583557,12922353
2022-03-08 00:00:00,0.7211710214614868,0.7211710214614868,0.6976649761199951,0.7411270141601562,0.7018539905548096,13845203
2022-03-09 00:00:00,0.7793830037117004,0.7793830037117004,0.7214140295982361,0.7938699722290039,0.7214140295982361,17786023
2022-03-10 00:00:00,0.7278199791908264,0.7278199791908264,0.7103049755096436,0.7791939973831177,0.7791939973831177,19480101
2022-03-11 00:00:00,0.7048569917678833,0.7048569917678833,0.7031880021095276,0.7406759858131409,0.727787971496582,11105462
2022-03-12 00:00:00,0.7053350210189819,0.7053350210189819,0.7040960192680359,0.7220849990844727,0.7048239707946777,8164823
2022-03-13 00:00:00,0.6834099888801575,0.6834099888801575,0.6827210187911987,0.7290470004081726,0.7051870226860046,11908152
2022-03-14 00:00:00,0.7070490121841431,0.7070490121841431,0.6767759919166565,0.7108830213546753,0.683131992816925,10127740
2022-03-15 00:00:00,0.7097060084342957,0.7097060084342957,0.6885709762573242,0.7196450233459473,0.7071639895439148,10736641
2022-03-16 00:00:00,0.7414150238037109,0.7414150238037109,0.701233983039856,0.7414759993553162,0.7096840143203735,14460702
2022-03-17 00:00:00,0.7330570220947266,0.7330570220947266,0.7329409718513489,0.7570850253105164,0.7416250109672546,10724299
2022-03-18 00:00:00,0.7640050053596497,0.7640050053596497,0.7219380140304565,0.7683830261230469,0.7326149940490723,13178548
2022-03-19 00:00:00,1.127930998802185,1.127930998802185,0.7636070251464844,1.2320669889450073,0.7638890147209167,450018086
2022-03-20 00:00:00,1.0483609437942505,1.0483609437942505,1.0111520290374756,1.1752749681472778,1.1273980140686035,144250143
2022-03-21 00:00:00,1.0064150094985962,1.0064150094985962,0.9977909922599792,1.171444058418274,1.048812985420227,118952552
2022-03-22 00:00:00,1.0044679641723633,1.0044679641723633,1.0042619705200195,1.047793984413147,1.0065540075302124,43222844
2022-03-23 00:00:00,1.0267839431762695,1.0267839431762695,0.9712330102920532,1.0667730569839478,1.004760980606079,63352858
2022-03-24 00:00:00,1.0476490259170532,1.0476490259170532,0.9981899857521057,1.0893880128860474,1.0267800092697144,61660293
2022-03-25 00:00:00,1.0037089586257935,1.0037089586257935,0.9884430170059204,1.0823370218276978,1.0482280254364014,31439987
2022-03-26 00:00:00,1.032755970954895,1.032755970954895,0.9806410074234009,1.032755970954895,1.0037339925765991,20835152
2022-03-27 00:00:00,1.0598820447921753,1.0598820447921753,1.013077974319458,1.0719939470291138,1.0331120491027832,31881580
2022-03-28 00:00:00,1.0380549430847168,1.0380549430847168,1.0307890176773071,1.149999976158142,1.0595580339431763,55411198
2022-03-29 00:00:00,1.1133249998092651,1.1133249998092651,1.0371780395507812,1.198032021522522,1.0371780395507812,57890022
2022-03-30 00:00:00,1.2015509605407715,1.2015509605407715,1.0707999467849731,1.2680649757385254,1.1126999855041504,101282762
2022-03-31 00:00:00,1.1346999406814575,1.1346999406814575,1.110983967781067,1.3109170198440552,1.2022809982299805,83165187
2022-04-01 00:00:00,1.1758270263671875,1.1758270263671875,1.07704496383667,1.2144759893417358,1.1353329420089722,42884631
2022-04-02 00:00:00,1.1578099727630615,1.1578099727630615,1.1572990417480469,1.2519090175628662,1.1757060289382935,38836210
2022-04-03 00:00:00,1.4430550336837769,1.4430550336837769,1.1315220594406128,1.550874948501587,1.157384991645813,281289090
2022-04-04 00:00:00,1.7257189750671387,1.7257189750671387,1.3558180332183838,1.7852979898452759,1.4449280500411987,396408873
2022-04-05 00:00:00,1.5018470287322998,1.5018470287322998,1.4773969650268555,1.7829580307006836,1.7229280471801758,171244605
2022-04-06 00:00:00,1.2885390520095825,1.2885390520095825,1.2880619764328003,1.5877599716186523,1.503728985786438,93144063
2022-04-07 00:00:00,1.2811700105667114,1.2811700105667114,1.234732985496521,1.309785008430481,1.2886539697647095,56792765
2022-04-08 00:00:00,1.1524100303649902,1.1524100303649902,1.146070957183838,1.3297499418258667,1.281630039215088,45385789
2022-04-09 00:00:00,1.2018300294876099,1.2018300294876099,1.1527470350265503,1.2197060585021973,1.1527470350265503,21404814
2022-04-10 00:00:00,1.1359570026397705,1.1359570026397705,1.1359570026397705,1.205502986907959,1.2029579877853394,20503539
2022-04-11 00:00:00,1.0164259672164917,1.0164259672164917,1.0011680126190186,1.1333340406417847,1.1333340406417847,32813482
2022-04-12 00:00:00,1.0409990549087524,1.0409990549087524,0.9979259967803955,1.0986939668655396,1.0164389610290527,33011187
2022-04-13 00:00:00,1.106503963470459,1.106503963470459,1.0294339656829834,1.117313027381897,1.0405629873275757,27642024
2022-04-14 00:00:00,1.1897039413452148,1.1897039413452148,1.1045949459075928,1.310562014579773,1.106490969657898,129514970
2022-04-15 00:00:00,1.2924319505691528,1.2924319505691528,1.1866949796676636,1.3093600273132324,1.189447045326233,99348837
2022-04-16 00:00:00,1.3017489910125732,1.3017489910125732,1.2674390077590942,1.3296020030975342,1.2935940027236938,71078506
2022-04-17 00:00:00,1.3771239519119263,1.3771239519119263,1.2331329584121704,1.4448139667510986,1.3015350103378296,104342972
2022-04-18 00:00:00,1.371108055114746,1.371108055114746,1.2553240060806274,1.4040559530258179,1.3780699968338013,146220171
2022-04-19 00:00:00,1.3255259990692139,1.3255259990692139,1.3196079730987549,1.427901029586792,1.3712430000305176,81290180
2022-04-20 00:00:00,1.2943229675292969,1.2943229675292969,1.2565269470214844,1.3623969554901123,1.3252880573272705,63283610
2022-04-21 00:00:00,1.1865110397338867,1.1865110397338867,1.169625997543335,1.3253810405731201,1.294564962387085,48077751
2022-04-22 00:00:00,1.175246000289917,1.175246000289917,1.1640419960021973,1.2381819486618042,1.1864700317382812,34347254
2022-04-23 00:00:00,1.2544020414352417,1.2544020414352417,1.143807053565979,1.290071964263916,1.175266981124878,46270451
2022-04-24 00:00:00,1.1892540454864502,1.1892540454864502,1.178521990776062,1.2692660093307495,1.255784034729004,43303496
2022-04-25 00:00:00,1.1521990299224854,1.1521990299224854,1.082321047782898,1.1922709941864014,1.1895309686660767,49419078
2022-04-26 00:00:00,1.0418460369110107,1.0418460369110107,1.034479022026062,1.2138019800186157,1.1519529819488525,48459255
2022-04-27 00:00:00,1.1101349592208862,1.1101349592208862,1.0337079763412476,1.1290210485458374,1.0423120260238647,47227490
2022-04-28 00:00:00,1.0615819692611694,1.0615819692611694,1.0548009872436523,1.1127090454101562,1.110079050064087,46936527
2022-04-29 00:00:00,0.9593560099601746,0.9593560099601746,0.9515339732170105,1.080649971961975,1.0617049932479858,35838376
2022-04-30 00:00:00,0.8350269794464111,0.8350269794464111,0.790710985660553,0.9886220097541809,0.9592999815940857,37099238
2022-05-01 00:00:00,0.8881289958953857,0.8881289958953857,0.8256490230560303,0.9473289847373962,0.8349900245666504,47530286
2022-05-02 00:00:00,0.8446270227432251,0.8446270227432251,0.8258169889450073,0.896448016166687,0.8875219821929932,32719786
2022-05-03 00:00:00,0.8252879977226257,0.8252879977226257,0.8112829923629761,0.8806089758872986,0.8445109724998474,23885148
2022-05-04 00:00:00,0.9106569886207581,0.9106569886207581,0.8251990079879761,0.9274889826774597,0.8251990079879761,44450346
2022-05-05 00:00:00,0.8065299987792969,0.8065299987792969,0.7759960293769836,0.9379969835281372,0.9107990264892578,47920878
2022-05-06 00:00:00,0.8008139729499817,0.8008139729499817,0.7661960124969482,0.8292809724807739,0.806302011013031,32321809
2022-05-07 00:00:00,0.7603899836540222,0.7603899836540222,0.7367900013923645,0.8034669756889343,0.80069500207901,21727161
2022-05-08 00:00:00,0.7496479749679565,0.7496479749679565,0.7343140244483948,0.782148003578186,0.7603030204772949,22877337
2022-05-09 00:00:00,0.5999330282211304,0.5999330282211304,0.5999330282211304,0.768110990524292,0.7497460246086121,40021997
2022-05-10 00:00:00,0.6077470183372498,0.6077470183372498,0.5710639953613281,0.6985340118408203,0.5977579951286316,57000952
2022-05-11 00:00:00,0.39459800720214844,0.39459800720214844,0.3679549992084503,0.6225900053977966,0.607276976108551,57895736
2022-05-12 00:00:00,0.37776800990104675,0.37776800990104675,0.30024200677871704,0.42813798785209656,0.3949599862098694,34243534
2022-05-13 00:00:00,0.41592100262641907,0.41592100262641907,0.37407800555229187,0.46327999234199524,0.37762999534606934,25151422
2022-05-14 00:00:00,0.43689200282096863,0.43689200282096863,0.3772599995136261,0.4451510012149811,0.41585999727249146,16174911
2022-05-15 00:00:00,0.5039539933204651,0.5039539933204651,0.4201950132846832,0.5039539933204651,0.43672800064086914,26208899
2022-05-16 00:00:00,0.4322580099105835,0.4322580099105835,0.42535901069641113,0.5052779912948608,0.503944993019104,28307340
2022-05-17 00:00:00,0.46687400341033936,0.46687400341033936,0.4324760138988495,0.4870840013027191,0.4324760138988495,35121690
2022-05-18 00:00:00,0.4075919985771179,0.4075919985771179,0.4064289927482605,0.4855610132217407,0.4668169915676117,29833115
2022-05-19 00:00:00,0.43864700198173523,0.43864700198173523,0.39379099011421204,0.4424459934234619,0.4070169925689697,29423847
2022-05-20 00:00:00,0.4090540111064911,0.4090540111064911,0.39563798904418945,0.4446659982204437,0.4386039972305298,26873509
2022-05-21 00:00:00,0.4477199912071228,0.4477199912071228,0.4004969894886017,0.4589160084724426,0.40903300046920776,31374355
2022-05-22 00:00:00,0.46716800332069397,0.46716800332069397,0.4421370029449463,0.48055198788642883,0.4477970004081726,36739901
2022-05-23 00:00:00,0.4422129988670349,0.4422129988670349,0.44183799624443054,0.502036988735199,0.46678999066352844,36933807
2022-05-24 00:00:00,0.45868200063705444,0.45868200063705444,0.4270020127296448,0.463454008102417,0.4424290060997009,33814448
2022-05-25 00:00:00,0.4778519868850708,0.4778519868850708,0.4585219919681549,0.5049980282783508,0.4588010013103485,56998416
2022-05-26 00:00:00,0.4061509966850281,0.4061509966850281,0.40011098980903625,0.49132999777793884,0.47793498635292053,39900275
2022-05-27 00:00:00,0.3750370144844055,0.3750370144844055,0.3643360137939453,0.4096829891204834,0.4060940146446228,29578190
2022-05-28 00:00:00,0.3746899962425232,0.3746899962425232,0.3610149919986725,0.3860589861869812,0.37477201223373413,20271918
2022-05-29 00:00:00,0.39650899171829224,0.39650899171829224,0.35630398988723755,0.4003559947013855,0.3746449947357178,18196548
2022-05-30 00:00:00,0.4360800087451935,0.4360800087451935,0.3916659951210022,0.44277000427246094,0.3965100049972534,41638291
2022-05-31 00:00:00,0.4632459878921509,0.4632459878921509,0.41221100091934204,0.490339994430542,0.43612900376319885,52616815
2022-06-01 00:00:00,0.4060240089893341,0.4060240089893341,0.40101099014282227,0.48633500933647156,0.4632050096988678,46469221
2022-06-02 00:00:00,0.41846999526023865,0.41846999526023865,0.39291200041770935,0.4205949902534485,0.4059950113296509,26216874
2022-06-03 00:00:00,0.3879869878292084,0.3879869878292084,0.3798930048942566,0.4184820055961609,0.4184820055961609,24981825
2022-06-04 00:00:00,0.40584099292755127,0.40584099292755127,0.3823539912700653,0.41296499967575073,0.38815200328826904,25424823
2022-06-05 00:00:00,0.397132009267807,0.397132009267807,0.39162200689315796,0.40957099199295044,0.40587300062179565,15125026
2022-06-06 00:00:00,0.4184519946575165,0.4184519946575165,0.39695098996162415,0.43618500232696533,0.39747801423072815,25390295
2022-06-07 00:00:00,0.42352500557899475,0.42352500557899475,0.38320499658584595,0.4339120090007782,0.41843101382255554,36933429
2022-06-08 00:00:00,0.43937399983406067,0.43937399983406067,0.41543400287628174,0.4583509862422943,0.4234820008277893,53585323
2022-06-09 00:00:00,0.4285300076007843,0.4285300076007843,0.42543700337409973,0.4537760019302368,0.43915799260139465,22943781
2022-06-10 00:00:00,0.3957819938659668,0.3957819938659668,0.3896540105342865,0.4379369914531708,0.4285140037536621,17867877
2022-06-11 00:00:00,0.3585819900035858,0.3585819900035858,0.35803699493408203,0.4102360010147095,0.39579200744628906,13752744
2022-06-12 00:00:00,0.3248409926891327,0.3248409926891327,0.3248409926891327,0.36233600974082947,0.35853898525238037,16276051
2022-06-13 00:00:00,0.3021700084209442,0.3021700084209442,0.2720310091972351,0.32461801171302795,0.32422301173210144,25767484
2022-06-14 00:00:00,0.30486398935317993,0.30486398935317993,0.27501899003982544,0.31772100925445557,0.3021659851074219,18018986
2022-06-15 00:00:00,0.3386490046977997,0.3386490046977997,0.2795639932155609,0.34168800711631775,0.30476999282836914,23796162
2022-06-16 00:00:00,0.296970009803772,0.296970009803772,0.2917410135269165,0.34615498781204224,0.3385559916496277,15832715
2022-06-17 00:00:00,0.30519598722457886,0.30519598722457886,0.29436200857162476,0.31309300661087036,0.29715201258659363,10992669
2022-06-18 00:00:00,0.2826800048351288,0.2826800048351288,0.26170599460601807,0.3102169930934906,0.3051370084285736,15017110
2022-06-19 00:00:00,0.3053950071334839,0.3053950071334839,0.2692449986934662,0.3071329891681671,0.28262099623680115,11899935
2022-06-20 00:00:00,0.3121599853038788,0.3121599853038788,0.29033300280570984,0.3185119926929474,0.3052250146865845,13280304
2022-06-21 00:00:00,0.32131901383399963,0.32131901383399963,0.306102991104126,0.3529210090637207,0.31213900446891785,18504757
2022-06-22 00:00:00,0.34097298979759216,0.34097298979759216,0.3070479929447174,0.39757999777793884,0.32163700461387634,71028421
2022-06-23 00:00:00,0.3704349994659424,0.3704349994659424,0.3392469882965088,0.3752270042896271,0.34050700068473816,33458750
2022-06-24 00:00:00,0.3829599916934967,0.3829599916934967,0.36922699213027954,0.39018601179122925,0.37042900919914246,20930786
2022-06-25 00:00:00,0.38543900847435,0.38543900847435,0.36651599407196045,0.39580100774765015,0.3831239938735962,14366635
2022-06-26 00:00:00,0.36081498861312866,0.36081498861312866,0.36074599623680115,0.4092499911785126,0.3854359984397888,24130168
2022-06-27 00:00:00,0.40219199657440186,0.40219199657440186,0.36077800393104553,0.40897101163864136,0.36077800393104553,25468449
2022-06-28 00:00:00,0.36810800433158875,0.36810800433158875,0.3670330047607422,0.4121060073375702,0.40148600935935974,24317167
2022-06-29 00:00:00,0.3760890066623688,0.3760890066623688,0.3644309937953949,0.39388200640678406,0.36808300018310547,17270572
2022-06-30 00:00:00,0.351842999458313,0.351842999458313,0.3272950053215027,0.37691500782966614,0.37613600492477417,13940568
2022-07-01 00:00:00,0.3360010087490082,0.3360010087490082,0.33058398962020874,0.3613710105419159,0.35229599475860596,12640075
2022-07-02 00:00:00,0.3408510088920593,0.3408510088920593,0.33282899856567383,0.34404000639915466,0.3366450071334839,7938842
2022-07-03 00:00:00,0.3413670063018799,0.3413670063018799,0.3354080021381378,0.34605300426483154,0.3408370018005371,7310396
2022-07-04 00:00:00,0.3463670015335083,0.3463670015335083,0.32807499170303345,0.34694600105285645,0.3412950038909912,12698629
2022-07-05 00:00:00,0.33197200298309326,0.33197200298309326,0.32543298602104187,0.3503600060939789,0.3462199866771698,12123165
2022-07-06 00:00:00,0.3387480080127716,0.3387480080127716,0.3267250061035156,0.34099099040031433,0.33192500472068787,10035030
2022-07-07 00:00:00,0.3606880009174347,0.3606880009174347,0.3344539999961853,0.37462401390075684,0.3387809991836548,22680203
2022-07-08 00:00:00,0.35210898518562317,0.35210898518562317,0.3458249866962433,0.36723199486732483,0.3606710135936737,11975810
2022-07-09 00:00:00,0.3628999888896942,0.3628999888896942,0.35115501284599304,0.3711070120334625,0.3520050048828125,9797563
2022-07-10 00:00:00,0.3420819938182831,0.3420819938182831,0.33616501092910767,0.36397698521614075,0.36287200450897217,8464161
2022-07-11 00:00:00,0.31661099195480347,0.31661099195480347,0.31544700264930725,0.3423849940299988,0.34193500876426697,8251432
2022-07-12 00:00:00,0.3049210011959076,0.3049210011959076,0.3043769896030426,0.32287099957466125,0.31668201088905334,7047422
2022-07-13 00:00:00,0.3188839852809906,0.3188839852809906,0.29253798723220825,0.3188839852809906,0.3048810064792633,10493269
2022-07-14 00:00:00,0.3269509971141815,0.3269509971141815,0.30968499183654785,0.3299570083618164,0.31888100504875183,8868599
2022-07-15 00:00:00,0.3295019865036011,0.3295019865036011,0.3231779932975769,0.3345089852809906,0.32702499628067017,7582864
2022-07-16 00:00:00,0.34306100010871887,0.34306100010871887,0.32232698798179626,0.34306100010871887,0.3294300138950348,8503126
2022-07-17 00:00:00,0.35574400424957275,0.35574400424957275,0.33955898880958557,0.3785099983215332,0.34297800064086914,20578760
2022-07-18 00:00:00,0.39820000529289246,0.39820000529289246,0.3555920124053955,0.3985449969768524,0.3555920124053955,18901957
2022-07-19 00:00:00,0.402785986661911,0.402785986661911,0.37930500507354736,0.41479501128196716,0.39795801043510437,16250278
2022-07-20 00:00:00,0.38312700390815735,0.38312700390815735,0.3779979944229126,0.42568299174308777,0.4028320014476776,13197568
2022-07-21 00:00:00,0.3895150125026703,0.3895150125026703,0.36478298902511597,0.39609599113464355,0.383109986782074,9887418
2022-07-22 00:00:00,0.3679809868335724,0.3679809868335724,0.3670809864997864,0.4022499918937683,0.3895139992237091,10491287
2022-07-23 00:00:00,0.3216080069541931,0.3216080069541931,0.312624990940094,0.3788279891014099,0.367823988199234,31713842
2022-07-24 00:00:00,0.34973999857902527,0.34973999857902527,0.32025501132011414,0.35197800397872925,0.32180801033973694,37283889
2022-07-25 00:00:00,0.3161109983921051,0.3161109983921051,0.3160859942436218,0.3501630127429962,0.3496350049972534,32771692
2022-07-26 00:00:00,0.3157530128955841,0.3157530128955841,0.3036620020866394,0.31861698627471924,0.31610798835754395,11915182
2022-07-27 00:00:00,0.33590999245643616,0.33590999245643616,0.311693012714386,0.33590999245643616,0.31578201055526733,14207724
2022-07-28 00:00:00,0.34641900658607483,0.34641900658607483,0.32875800132751465,0.35351499915122986,0.33588600158691406,20164336
2022-07-29 00:00:00,0.3458020091056824,0.3458020091056824,0.338144987821579,0.3639329969882965,0.3466919958591461,21573838
2022-07-30 00:00:00,0.34633898735046387,0.34633898735046387,0.34244200587272644,0.37085801362991333,0.3456740081310272,21296164
2022-07-31 00:00:00,0.344760000705719,0.344760000705719,0.3406270146369934,0.3668980002403259,0.34633100032806396,17101445
2022-08-01 00:00:00,0.36238399147987366,0.36238399147987366,0.3419319987297058,0.36625799536705017,0.34469398856163025,19532561
2022-08-02 00:00:00,0.33993199467658997,0.33993199467658997,0.3312380015850067,0.36482998728752136,0.36247700452804565,15453271
2022-08-03 00:00:00,0.33902299404144287,0.33902299404144287,0.33003300428390503,0.3534829914569855,0.33973801136016846,11992198
2022-08-04 00:00:00,0.3469240069389343,0.3469240069389343,0.33861199021339417,0.35238200426101685,0.33902499079704285,10477269
2022-08-05 00:00:00,0.36910301446914673,0.36910301446914673,0.34593701362609863,0.3692049980163574,0.3468109965324402,17091668
2022-08-06 00:00:00,0.3649519979953766,0.3649519979953766,0.36484798789024353,0.37494099140167236,0.369157999753952,10222169
2022-08-07 00:00:00,0.3748440146446228,0.3748440146446228,0.3586289882659912,0.38150399923324585,0.3649570047855377,10281857
2022-08-08 00:00:00,0.3805620074272156,0.3805620074272156,0.3748190104961395,0.3923560082912445,0.37501901388168335,12648896
2022-08-09 00:00:00,0.3613570034503937,0.3613570034503937,0.35589399933815,0.38565099239349365,0.380621999502182,13477649
2022-08-10 00:00:00,0.37835100293159485,0.37835100293159485,0.35312798619270325,0.37997201085090637,0.36132699251174927,14435326
2022-08-11 00:00:00,0.40046799182891846,0.40046799182891846,0.3784100115299225,0.42916399240493774,0.3784100115299225,54488490
2022-08-12 00:00:00,0.4089750051498413,0.4089750051498413,0.39117199182510376,0.40911000967025757,0.4004719853401184,14711550
2022-08-13 00:00:00,0.39831799268722534,0.39831799268722534,0.3966270089149475,0.41107800602912903,0.4089680016040802,11294411
2022-08-14 00:00:00,0.3774850070476532,0.3774850070476532,0.3768489956855774,0.4091300070285797,0.3984299898147583,15176972
2022-08-15 00:00:00,0.36925798654556274,0.36925798654556274,0.3640480041503906,0.38947200775146484,0.3774090111255646,13112180
2022-08-16 00:00:00,0.3676240146160126,0.3676240146160126,0.36634400486946106,0.3763040006160736,0.3689570128917694,8707020
2022-08-17 00:00:00,0.34467700123786926,0.34467700123786926,0.34298500418663025,0.3800930082798004,0.36758801341056824,11671897
2022-08-18 00:00:00,0.32817599177360535,0.32817599177360535,0.3254089951515198,0.3526709973812103,0.3447420001029968,8813706
2022-08-19 00:00:00,0.30325400829315186,0.30325400829315186,0.3015710115432739,0.32863399386405945,0.32819798588752747,13530260
2022-08-20 00:00:00,0.3010469973087311,0.3010469973087311,0.2911440134048462,0.31456300616264343,0.3031269907951355,9313837
2022-08-21 00:00:00,0.3089570105075836,0.3089570105075836,0.2999649941921234,0.3135260045528412,0.3009459972381592,6886157
2022-08-22 00:00:00,0.30425700545310974,0.30425700545310974,0.2911730110645294,0.3089750111103058,0.3089660108089447,7862062
2022-08-23 00:00:00,0.3118470013141632,0.3118470013141632,0.29587599635124207,0.3127419948577881,0.3042280077934265,9240985
2022-08-24 00:00:00,0.3202809989452362,0.3202809989452362,0.3054249882698059,0.33627399802207947,0.3118300139904022,16357036
2022-08-25 00:00:00,0.31672799587249756,0.31672799587249756,0.31032800674438477,0.32840099930763245,0.3202970027923584,10986009
2022-08-26 00:00:00,0.28262999653816223,0.28262999653816223,0.2803780138492584,0.31931400299072266,0.31667301058769226,11263108
2022-08-27 00:00:00,0.28376299142837524,0.28376299142837524,0.2802659869194031,0.29023200273513794,0.28265801072120667,6895991
2022-08-28 00:00:00,0.27938300371170044,0.27938300371170044,0.27938300371170044,0.292605996131897,0.2838220000267029,6429631
2022-08-29 00:00:00,0.2977699935436249,0.2977699935436249,0.27743399143218994,0.2981489896774292,0.2793709933757782,7194853
2022-08-30 00:00:00,0.28461000323295593,0.28461000323295593,0.28000399470329285,0.30333301424980164,0.29785001277923584,7617662
2022-08-31 00:00:00,0.27932000160217285,0.27932000160217285,0.2790760099887848,0.2922450006008148,0.2846759855747223,7820201
2022-09-01 00:00:00,0.28263500332832336,0.28263500332832336,0.27361801266670227,0.28331100940704346,0.279323011636734,7632908
2022-09-02 00:00:00,0.28044000267982483,0.28044000267982483,0.2770240008831024,0.28774499893188477,0.28259098529815674,7013394
2022-09-03 00:00:00,0.28540900349617004,0.28540900349617004,0.278874009847641,0.28554099798202515,0.2807050049304962,4620957
2022-09-04 00:00:00,0.2948940098285675,0.2948940098285675,0.28468799591064453,0.2953380048274994,0.2854340076446533,5419328
2022-09-05 00:00:00,0.2827560007572174,0.2827560007572174,0.2801699936389923,0.2962850034236908,0.29505598545074463,7159300
2022-09-06 00:00:00,0.25820401310920715,0.25820401310920715,0.2581470012664795,0.2892700135707855,0.28268200159072876,14130269
2022-09-07 00:00:00,0.2841309905052185,0.2841309905052185,0.2564390003681183,0.2865070104598999,0.25811100006103516,8869224
2022-09-08 00:00:00,0.2812519967556,0.2812519967556,0.27253198623657227,0.28794699907302856,0.2840990126132965,9005154
2022-09-09 00:00:00,0.2894990146160126,0.2894990146160126,0.281033992767334,0.2979559898376465,0.2812559902667999,11502733
2022-09-10 00:00:00,0.28784799575805664,0.28784799575805664,0.2844470143318176,0.29566699266433716,0.2894429862499237,8966256
2022-09-11 00:00:00,0.28370401263237,0.28370401263237,0.281141996383667,0.2926050126552582,0.28783899545669556,7779555
2022-09-12 00:00:00,0.29276400804519653,0.29276400804519653,0.2791160047054291,0.3159930109977722,0.28376299142837524,34103490
2022-09-13 00:00:00,0.2590000033378601,0.2590000033378601,0.25579598546028137,0.2930929958820343,0.29283401370048523,24668460
2022-09-14 00:00:00,0.2530899941921234,0.2530899941921234,0.2468159943819046,0.26147499680519104,0.25797998905181885,12868967
2022-09-15 00:00:00,0.24227100610733032,0.24227100610733032,0.24212299287319183,0.25416100025177,0.2530289888381958,9888725
2022-09-16 00:00:00,0.24467100203037262,0.24467100203037262,0.23947200179100037,0.24548399448394775,0.24227599799633026,7105107
2022-09-17 00:00:00,0.2505910098552704,0.2505910098552704,0.2445330023765564,0.2511659860610962,0.24468199908733368,4191694
2022-09-18 00:00:00,0.219323992729187,0.219323992729187,0.21344700455665588,0.2505910098552704,0.2505910098552704,8778301
2022-09-19 00:00:00,0.22811800241470337,0.22811800241470337,0.21496699750423431,0.22950799763202667,0.21933400630950928,6898918
2022-09-20 00:00:00,0.22008800506591797,0.22008800506591797,0.21848799288272858,0.2292409986257553,0.22807000577449799,5994222
2022-09-21 00:00:00,0.2169319987297058,0.2169319987297058,0.21306300163269043,0.23024800419807434,0.22002999484539032,9760588
2022-09-22 00:00:00,0.22682300209999084,0.22682300209999084,0.21588100492954254,0.22745999693870544,0.21682600677013397,5944919
2022-09-23 00:00:00,0.22163599729537964,0.22163599729537964,0.21421599388122559,0.2306080013513565,0.22676099836826324,8831768
2022-09-24 00:00:00,0.21592499315738678,0.21592499315738678,0.21591299772262573,0.22317199409008026,0.22157399356365204,5027283
2022-09-25 00:00:00,0.21248899400234222,0.21248899400234222,0.21146400272846222,0.21936200559139252,0.21592000126838684,5629650
2022-09-26 00:00:00,0.2180050015449524,0.2180050015449524,0.20848500728607178,0.2180050015449524,0.21252599358558655,5700741
2022-09-27 00:00:00,0.21344999969005585,0.21344999969005585,0.21003800630569458,0.2275879979133606,0.2179259955883026,8230031
2022-09-28 08:54:00,0.20893999934196472,0.20893999934196472,0.20701970160007477,0.21395280957221985,0.21331870555877686,6600573
