timestamp,adjclose,close,high,volume,open,low
2020-10-22 00:00:00,0.006868000142276287,0.006868000142276287,0.012512999586760998,19456.0,0.0023620000574737787,0.0023620000574737787
2020-10-23 00:00:00,0.0,0.0,0.006907999981194735,0.0,0.006868000142276287,0.0
2020-10-24 00:00:00,,,,,,
2020-10-25 00:00:00,,,,,,
2020-10-26 00:00:00,,,,,,
2020-10-27 00:00:00,1.389294981956482,1.389294981956482,1.944612979888916,34508846.0,1.7190519571304321,1.3095589876174927
2020-10-28 00:00:00,1.0027250051498413,1.0027250051498413,1.3898110389709473,9960523.0,1.3896969556808472,0.8852519989013672
2020-10-29 00:00:00,0.9792559742927551,0.9792559742927551,1.119346022605896,9880655.0,1.0027179718017578,0.7841209769248962
2020-10-30 00:00:00,0.8844619989395142,0.8844619989395142,1.0698360204696655,4620947.0,0.9792529940605164,0.8051429986953735
2020-10-31 00:00:00,0.8604329824447632,0.8604329824447632,0.931128978729248,1622571.0,0.8841819763183594,0.838005006313324
2020-11-01 00:00:00,0.8296419978141785,0.8296419978141785,0.8802130222320557,2194848.0,0.860427975654602,0.7800909876823425
2020-11-02 00:00:00,0.8203030228614807,0.8203030228614807,0.8507540225982666,2968099.0,0.8296489715576172,0.772275984287262
2020-11-03 00:00:00,0.7522810101509094,0.7522810101509094,0.880545973777771,7427350.0,0.820252001285553,0.6914680004119873
2020-11-04 00:00:00,0.7455160021781921,0.7455160021781921,0.7632750272750854,2848802.0,0.7524909973144531,0.7226219773292542
2020-11-05 00:00:00,0.7563109993934631,0.7563109993934631,0.7701759934425354,2674476.0,0.7455180287361145,0.7121379971504211
2020-11-06 00:00:00,0.7814170122146606,0.7814170122146606,0.8358250260353088,3614955.0,0.756309986114502,0.714356005191803
2020-11-07 00:00:00,0.7803879976272583,0.7803879976272583,0.8507639765739441,4445404.0,0.7814819812774658,0.7415199875831604
2020-11-08 00:00:00,0.8346959948539734,0.8346959948539734,0.8958529829978943,4723912.0,0.780318021774292,0.7661409974098206
2020-11-09 00:00:00,0.8940370082855225,0.8940370082855225,0.9704610109329224,4749348.0,0.8346589803695679,0.7960579991340637
2020-11-10 00:00:00,0.927498996257782,0.927498996257782,0.9478750228881836,3304325.0,0.894029974937439,0.879194974899292
2020-11-11 00:00:00,0.9048010110855103,0.9048010110855103,0.9477750062942505,1429489.0,0.9274920225143433,0.8850709795951843
2020-11-12 00:00:00,0.9255399703979492,0.9255399703979492,0.9800019860267639,1631184.0,0.9047880172729492,0.8840789794921875
2020-11-13 00:00:00,1.0326800346374512,1.0326800346374512,1.0393869876861572,3091041.0,0.9255419969558716,0.9224870204925537
2020-11-14 00:00:00,1.0461809635162354,1.0461809635162354,1.0786110162734985,4575849.0,1.0326800346374512,0.9442039728164673
2020-11-15 00:00:00,1.2039899826049805,1.2039899826049805,1.2387739419937134,5520487.0,1.0461859703063965,1.0105010271072388
2020-11-16 00:00:00,1.2122679948806763,1.2122679948806763,1.31882905960083,10515627.0,1.203989028930664,1.1258599758148193
2020-11-17 00:00:00,1.169448971748352,1.169448971748352,1.2674249410629272,6453575.0,1.186434030532837,1.0902040004730225
2020-11-18 00:00:00,1.1466909646987915,1.1466909646987915,1.1723090410232544,6735197.0,1.1694530248641968,0.9961420297622681
2020-11-19 00:00:00,1.1594409942626953,1.1594409942626953,1.3175480365753174,7928391.0,1.1467020511627197,1.1162359714508057
2020-11-20 00:00:00,1.3614070415496826,1.3614070415496826,1.3675190210342407,8942042.0,1.1595549583435059,1.1331510543823242
2020-11-21 00:00:00,1.3683370351791382,1.3683370351791382,1.4366559982299805,8448636.0,1.3614020347595215,1.2382680177688599
2020-11-22 00:00:00,1.1614019870758057,1.1614019870758057,1.3833450078964233,5369790.0,1.3683099746704102,1.0953680276870728
2020-11-23 00:00:00,1.1945029497146606,1.1945029497146606,1.2480560541152954,5019583.0,1.1612190008163452,1.1399760246276855
2020-11-24 00:00:00,1.1275149583816528,1.1275149583816528,1.224714994430542,4511422.0,1.193801999092102,1.0530259609222412
2020-11-25 00:00:00,1.1320910453796387,1.1320910453796387,1.1762440204620361,3343231.0,1.125749945640564,1.0949139595031738
2020-11-26 00:00:00,1.054744005203247,1.054744005203247,1.1485029458999634,3302726.0,1.1319849491119385,0.9108970165252686
2020-11-27 00:00:00,1.0064090490341187,1.0064090490341187,1.0896519422531128,2372638.0,1.0583239793777466,0.9754610061645508
2020-11-28 00:00:00,1.0202840566635132,1.0202840566635132,1.0929310321807861,2425862.0,1.0055890083312988,0.9988470077514648
2020-11-29 00:00:00,1.1907119750976562,1.1907119750976562,1.192451000213623,1977930.0,1.0257530212402344,1.0132299661636353
2020-11-30 00:00:00,1.1366770267486572,1.1366770267486572,1.1986600160598755,2172273.0,1.188783049583435,1.107833981513977
2020-12-01 00:00:00,1.1867350339889526,1.1867350339889526,1.259559988975525,5762932.0,1.1370110511779785,1.0940779447555542
2020-12-02 00:00:00,1.2344779968261719,1.2344779968261719,1.2987279891967773,6041976.0,1.183377981185913,1.1641600131988525
2020-12-03 00:00:00,1.2482260465621948,1.2482260465621948,1.3514659404754639,6986034.0,1.2367019653320312,1.2072019577026367
2020-12-04 00:00:00,1.0327069759368896,1.0327069759368896,1.2999850511550903,5981156.0,1.2482579946517944,1.0158679485321045
2020-12-05 00:00:00,1.0587849617004395,1.0587849617004395,1.0944550037384033,3603911.0,1.0324989557266235,1.013280987739563
2020-12-06 00:00:00,1.0286389589309692,1.0286389589309692,1.0865399837493896,2715007.0,1.0587090253829956,1.0149250030517578
2020-12-07 00:00:00,1.0813709497451782,1.0813709497451782,1.1165289878845215,4051966.0,1.0282549858093262,1.0181169509887695
2020-12-08 00:00:00,1.1666409969329834,1.1666409969329834,1.2926360368728638,13470610.0,1.081354022026062,1.038701057434082
2020-12-09 00:00:00,1.1352020502090454,1.1352020502090454,1.1880650520324707,9975545.0,1.162734031677246,1.053725004196167
2020-12-10 00:00:00,1.0866769552230835,1.0866769552230835,1.1796150207519531,5987044.0,1.1377389430999756,1.0604820251464844
2020-12-11 00:00:00,0.9674059748649597,0.9674059748649597,1.0853190422058105,6223738.0,1.0821670293807983,0.9496060013771057
2020-12-12 00:00:00,0.993012011051178,0.993012011051178,1.0251049995422363,3299545.0,0.9646679759025574,0.9621710181236267
2020-12-13 00:00:00,0.9911239743232727,0.9911239743232727,1.0230580568313599,3670873.0,0.9918760061264038,0.9644169807434082
2020-12-14 00:00:00,0.9808670282363892,0.9808670282363892,0.9931110143661499,2023273.0,0.991320013999939,0.9555850028991699
2020-12-15 00:00:00,0.9758809804916382,0.9758809804916382,0.9921420216560364,2025604.0,0.9809020161628723,0.9604550004005432
2020-12-16 00:00:00,0.9937160015106201,0.9937160015106201,1.0524319410324097,4806665.0,0.9762809872627258,0.9645869731903076
2020-12-17 00:00:00,1.0136899948120117,1.0136899948120117,1.0496230125427246,4849037.0,0.9920920133590698,0.9758819937705994
2020-12-18 00:00:00,1.022784948348999,1.022784948348999,1.083217978477478,4937742.0,1.014153003692627,0.9885950088500977
2020-12-19 00:00:00,1.019436001777649,1.019436001777649,1.183501958847046,13180222.0,1.0227099657058716,0.9969599843025208
2020-12-20 00:00:00,0.9268739819526672,0.9268739819526672,1.019260048866272,3742793.0,1.019260048866272,0.9158350229263306
2020-12-21 00:00:00,0.8652639985084534,0.8652639985084534,0.9691179990768433,4440351.0,0.9267410039901733,0.8069149851799011
2020-12-22 00:00:00,0.9312819838523865,0.9312819838523865,0.9444370269775391,2989614.0,0.8636590242385864,0.8499640226364136
2020-12-23 00:00:00,0.8316959738731384,0.8316959738731384,1.0616799592971802,8220762.0,0.9311969876289368,0.8153160214424133
2020-12-24 00:00:00,0.8652870059013367,0.8652870059013367,0.8652870059013367,2297059.0,0.8406490087509155,0.7903140187263489
2020-12-25 00:00:00,0.8169739842414856,0.8169739842414856,0.8804600238800049,1589296.0,0.8643119931221008,0.7960090041160583
2020-12-26 00:00:00,0.7991970181465149,0.7991970181465149,1.0719929933547974,10351872.0,0.8197960257530212,0.7777060270309448
2020-12-27 00:00:00,0.8029279708862305,0.8029279708862305,0.8473089933395386,4277368.0,0.7997810244560242,0.782846987247467
2020-12-28 00:00:00,0.822176992893219,0.822176992893219,0.8512330055236816,3915846.0,0.8034899830818176,0.8018350005149841
2020-12-29 00:00:00,0.8261209726333618,0.8261209726333618,0.8525890111923218,4733309.0,0.8221200108528137,0.7994660139083862
2020-12-30 00:00:00,0.8410680294036865,0.8410680294036865,0.8425400257110596,4017908.0,0.825905978679657,0.7961750030517578
2020-12-31 00:00:00,0.847790002822876,0.847790002822876,0.8569769859313965,2130381.0,0.844635009765625,0.820472002029419
2021-01-01 00:00:00,0.8694530129432678,0.8694530129432678,0.9108139872550964,1425060.0,0.8475210070610046,0.8395559787750244
2021-01-02 00:00:00,0.8705490231513977,0.8705490231513977,0.9155740141868591,1559931.0,0.8697119951248169,0.848360002040863
2021-01-03 00:00:00,0.9231600165367126,0.9231600165367126,0.9307889938354492,2094719.0,0.8706039786338806,0.8650180101394653
2021-01-04 00:00:00,0.9786739945411682,0.9786739945411682,1.0702990293502808,6268889.0,0.9241949915885925,0.8734089732170105
2021-01-05 00:00:00,0.9182659983634949,0.9182659983634949,1.2959480285644531,17645565.0,0.9795899987220764,0.8841660022735596
2021-01-06 00:00:00,0.9455289840698242,0.9455289840698242,0.9981979727745056,13169628.0,0.9172350168228149,0.9121990203857422
2021-01-07 00:00:00,0.9007899761199951,0.9007899761199951,0.9749370217323303,11217873.0,0.9458500146865845,0.8539599776268005
2021-01-08 00:00:00,0.9023680090904236,0.9023680090904236,0.91525799036026,5281286.0,0.9009429812431335,0.8500180244445801
2021-01-09 00:00:00,0.9236019849777222,0.9236019849777222,0.9415389895439148,4800961.0,0.9025599956512451,0.8764309883117676
2021-01-10 00:00:00,0.9161679744720459,0.9161679744720459,0.9819939732551575,6248937.0,0.9236400127410889,0.8726850152015686
2021-01-11 00:00:00,0.8709110021591187,0.8709110021591187,0.915565013885498,6020739.0,0.9138960242271423,0.7960429787635803
2021-01-12 00:00:00,0.8909580111503601,0.8909580111503601,0.905305027961731,4281367.0,0.8691449761390686,0.8419640064239502
2021-01-13 00:00:00,0.9451559782028198,0.9451559782028198,0.9584739804267883,3002374.0,0.8903319835662842,0.8661689758300781
2021-01-14 00:00:00,0.9955469965934753,0.9955469965934753,1.0050649642944336,2350530.0,0.9468950033187866,0.9271379709243774
2021-01-15 00:00:00,1.008188009262085,1.008188009262085,1.0199480056762695,3196313.0,0.9973909854888916,0.9383929967880249
2021-01-16 00:00:00,1.046720027923584,1.046720027923584,1.1025359630584717,3503252.0,1.0084340572357178,1.0084340572357178
2021-01-17 00:00:00,1.1102139949798584,1.1102139949798584,1.1388959884643555,3087346.0,1.0443899631500244,0.9909210205078125
2021-01-18 00:00:00,1.1810530424118042,1.1810530424118042,1.1813859939575195,5544658.0,1.1104559898376465,1.031309962272644
2021-01-19 00:00:00,1.0961099863052368,1.0961099863052368,1.1816229820251465,2936040.0,1.1805620193481445,1.0961099863052368
2021-01-20 00:00:00,1.2324550151824951,1.2324550151824951,1.246108055114746,4431394.0,1.094836950302124,1.0251400470733643
2021-01-21 00:00:00,0.9241489768028259,0.9241489768028259,1.539342999458313,31947274.0,1.2368340492248535,0.9161279797554016
2021-01-22 00:00:00,0.992438018321991,0.992438018321991,1.0492459535598755,32651662.0,0.9280549883842468,0.862060010433197
2021-01-23 00:00:00,1.005391001701355,1.005391001701355,1.042356014251709,10693024.0,0.991703987121582,0.961929976940155
2021-01-24 00:00:00,1.0207229852676392,1.0207229852676392,1.0682400465011597,10444266.0,1.0042500495910645,0.9801700115203857
2021-01-25 00:00:00,0.9356330037117004,0.9356330037117004,1.0347119569778442,9113336.0,1.020861029624939,0.910198986530304
2021-01-26 00:00:00,0.9415010213851929,0.9415010213851929,0.9640120267868042,4710896.0,0.9327549934387207,0.9075070023536682
2021-01-27 00:00:00,0.8854619860649109,0.8854619860649109,0.9451590180397034,14321354.0,0.9451590180397034,0.8134840130805969
2021-01-28 00:00:00,0.9414650201797485,0.9414650201797485,0.958296000957489,6160214.0,0.8849809765815735,0.863614022731781
2021-01-29 00:00:00,0.8991870284080505,0.8991870284080505,0.9491559863090515,7621111.0,0.941208004951477,0.8602210283279419
2021-01-30 00:00:00,0.9195709824562073,0.9195709824562073,0.9350820183753967,5546373.0,0.9016349911689758,0.8794649839401245
2021-01-31 00:00:00,0.9194340109825134,0.9194340109825134,0.9628819823265076,5238752.0,0.9193350076675415,0.8930619955062866
2021-02-01 00:00:00,0.97850102186203,0.97850102186203,0.9974070191383362,6683313.0,0.9188719987869263,0.8991569876670837
2021-02-02 00:00:00,0.9825059771537781,0.9825059771537781,1.0309289693832397,5663795.0,0.9788269996643066,0.9590870141983032
2021-02-03 00:00:00,1.020056962966919,1.020056962966919,1.042847990989685,6387949.0,0.9830470085144043,0.9798669815063477
2021-02-04 00:00:00,1.0010830163955688,1.0010830163955688,1.036942958831787,7548948.0,1.02018404006958,0.9297419786453247
2021-02-05 00:00:00,1.198762059211731,1.198762059211731,1.235645055770874,12512590.0,1.0006250143051147,1.0006250143051147
2021-02-06 00:00:00,1.1646679639816284,1.1646679639816284,1.2120519876480103,7928127.0,1.1987190246582031,1.0532779693603516
2021-02-07 00:00:00,1.2646880149841309,1.2646880149841309,1.318565011024475,11650345.0,1.1673610210418701,1.1312650442123413
2021-02-08 00:00:00,1.727565050125122,1.727565050125122,1.8264989852905273,28370318.0,1.2632529735565186,1.2525559663772583
2021-02-09 00:00:00,1.7969729900360107,1.7969729900360107,1.9479509592056274,27076190.0,1.7262519598007202,1.654052972793579
2021-02-10 00:00:00,2.225325107574463,2.225325107574463,2.3641209602355957,53984021.0,1.7947189807891846,1.7453080415725708
2021-02-11 00:00:00,2.114629030227661,2.114629030227661,2.404681921005249,21496518.0,2.213939905166626,2.0312399864196777
2021-02-12 00:00:00,2.315876007080078,2.315876007080078,2.553757905960083,23018884.0,2.111150026321411,2.0633630752563477
2021-02-13 00:00:00,2.3899331092834473,2.3899331092834473,2.5468978881835938,25677603.0,2.315099000930786,2.1075549125671387
2021-02-14 00:00:00,2.0965309143066406,2.0965309143066406,2.4995861053466797,16116187.0,2.3736329078674316,2.0221199989318848
2021-02-15 00:00:00,1.8892250061035156,1.8892250061035156,2.137934923171997,24139815.0,2.087963104248047,1.575206995010376
2021-02-16 00:00:00,1.8605890274047852,1.8605890274047852,1.9849940538406372,8966693.0,1.8866809606552124,1.7656899690628052
2021-02-17 00:00:00,2.196989059448242,2.196989059448242,2.302885055541992,20227702.0,1.8634419441223145,1.6710929870605469
2021-02-18 00:00:00,2.235893964767456,2.235893964767456,2.323914051055908,16639159.0,2.193037986755371,2.0366480350494385
2021-02-19 00:00:00,2.6700639724731445,2.6700639724731445,2.6700639724731445,27968425.0,2.2400410175323486,2.1345250606536865
2021-02-20 00:00:00,2.1088409423828125,2.1088409423828125,2.697266101837158,18522630.0,2.6824710369110107,1.9183579683303833
2021-02-21 00:00:00,2.115878105163574,2.115878105163574,2.2737319469451904,14480608.0,2.1119349002838135,2.021397113800049
2021-02-22 00:00:00,1.922206997871399,1.922206997871399,2.125195026397705,17071361.0,2.117495059967041,1.5417439937591553
2021-02-23 00:00:00,1.6009180545806885,1.6009180545806885,1.9224189519882202,16381546.0,1.9224189519882202,1.310081958770752
2021-02-24 00:00:00,1.7399070262908936,1.7399070262908936,1.8249059915542603,11584494.0,1.605044960975647,1.4940030574798584
2021-02-25 00:00:00,1.6695189476013184,1.6695189476013184,1.9376300573349,12658559.0,1.739089012145996,1.6681660413742065
2021-02-26 00:00:00,1.6406420469284058,1.6406420469284058,1.7694849967956543,10096898.0,1.6837559938430786,1.481863021850586
2021-02-27 00:00:00,1.6741149425506592,1.6741149425506592,1.7824620008468628,6064805.0,1.6382479667663574,1.6381880044937134
2021-02-28 00:00:00,1.5585529804229736,1.5585529804229736,1.6882020235061646,5044395.0,1.674149990081787,1.4438960552215576
2021-03-01 00:00:00,1.7115819454193115,1.7115819454193115,1.7320979833602905,4882024.0,1.561877965927124,1.561877965927124
2021-03-02 00:00:00,1.780784010887146,1.780784010887146,1.7975709438323975,8281870.0,1.7082860469818115,1.6302720308303833
2021-03-03 00:00:00,1.7687809467315674,1.7687809467315674,1.8615070581436157,5172846.0,1.7779749631881714,1.7326370477676392
2021-03-04 00:00:00,1.8685710430145264,1.8685710430145264,1.9401259422302246,9559321.0,1.7677249908447266,1.741786003112793
2021-03-05 00:00:00,1.7223069667816162,1.7223069667816162,1.869655966758728,6751163.0,1.869655966758728,1.663558006286621
2021-03-06 00:00:00,1.8343820571899414,1.8343820571899414,1.8601919412612915,5861282.0,1.7171690464019775,1.6963210105895996
2021-03-07 00:00:00,2.1615490913391113,2.1615490913391113,2.1674110889434814,16344784.0,1.8330249786376953,1.8330249786376953
2021-03-08 00:00:00,2.093606948852539,2.093606948852539,2.191433906555176,8408090.0,2.1553409099578857,1.9657059907913208
2021-03-09 00:00:00,2.2337989807128906,2.2337989807128906,2.296437978744507,3284172.0,2.092758893966675,2.062859058380127
2021-03-10 00:00:00,2.122965097427368,2.122965097427368,2.3695778846740723,2150179.0,2.2360939979553223,2.03139591217041
2021-03-11 00:00:00,2.18402099609375,2.18402099609375,2.3277809619903564,3610674.0,2.123534917831421,2.0328691005706787
2021-03-12 00:00:00,2.2389349937438965,2.2389349937438965,2.515778064727783,17150035.0,2.192507028579712,2.1566929817199707
2021-03-13 00:00:00,2.5926730632781982,2.5926730632781982,2.7974839210510254,27136644.0,2.243155002593994,2.12760591506958
2021-03-14 00:00:00,2.3955938816070557,2.3955938816070557,2.683830976486206,10145015.0,2.591464042663574,2.3792500495910645
2021-03-15 00:00:00,2.5655078887939453,2.5655078887939453,2.933260917663574,7059794.0,2.3914918899536133,2.2392730712890625
2021-03-16 00:00:00,2.488672971725464,2.488672971725464,2.571152925491333,14849589.0,2.560899019241333,2.322248935699463
2021-03-17 00:00:00,2.507917881011963,2.507917881011963,2.5826659202575684,13264355.0,2.4901340007781982,2.329206943511963
2021-03-18 00:00:00,2.5777029991149902,2.5777029991149902,2.701978921890259,14305476.0,2.507638931274414,2.4732210636138916
2021-03-19 00:00:00,2.7368218898773193,2.7368218898773193,2.7854208946228027,10556480.0,2.586635112762451,2.4757440090179443
2021-03-20 00:00:00,2.522886037826538,2.522886037826538,2.8466150760650635,8824631.0,2.7388100624084473,2.5222389698028564
2021-03-21 00:00:00,2.455749034881592,2.455749034881592,2.5836479663848877,7487361.0,2.5250139236450195,2.376878023147583
2021-03-22 00:00:00,2.6210219860076904,2.6210219860076904,2.8574259281158447,16774449.0,2.4562270641326904,2.371828079223633
2021-03-23 00:00:00,2.381563901901245,2.381563901901245,2.703321933746338,11344927.0,2.6136300563812256,2.333116054534912
2021-03-24 00:00:00,2.116827964782715,2.116827964782715,2.560724973678589,9819530.0,2.3753459453582764,2.0465939044952393
2021-03-25 00:00:00,1.9936280250549316,1.9936280250549316,2.1625680923461914,11116594.0,2.109610080718994,1.948403000831604
2021-03-26 00:00:00,2.3087589740753174,2.3087589740753174,2.393834114074707,12758278.0,1.9910039901733398,1.9910039901733398
2021-03-27 00:00:00,2.3705549240112305,2.3705549240112305,2.3995120525360107,9923266.0,2.306968927383423,2.195323944091797
2021-03-28 00:00:00,2.6737070083618164,2.6737070083618164,2.8590919971466064,23763106.0,2.3748459815979004,2.333911895751953
2021-03-29 00:00:00,2.7648470401763916,2.7648470401763916,2.9399590492248535,15949347.0,2.676798105239868,2.6065170764923096
2021-03-30 00:00:00,2.854980945587158,2.854980945587158,2.9726879596710205,17668126.0,2.766479015350342,2.6593189239501953
2021-03-31 00:00:00,2.735466957092285,2.735466957092285,2.9761970043182373,14048527.0,2.8500940799713135,2.6190121173858643
2021-04-01 00:00:00,3.1503520011901855,3.1503520011901855,3.252840042114258,24851248.0,2.7399768829345703,2.690617084503174
2021-04-02 00:00:00,3.017751932144165,3.017751932144165,3.2044789791107178,14878628.0,3.1448850631713867,2.9362449645996094
2021-04-03 00:00:00,3.3941431045532227,3.3941431045532227,3.8285279273986816,56488811.0,3.014090061187744,2.9978370666503906
2021-04-04 00:00:00,3.5689029693603516,3.5689029693603516,3.6087779998779297,20800409.0,3.395658016204834,3.318084955215454
2021-04-05 00:00:00,3.4936540126800537,3.4936540126800537,3.804368019104004,25039652.0,3.5709869861602783,3.269787073135376
2021-04-06 00:00:00,3.7873690128326416,3.7873690128326416,3.9740169048309326,33274096.0,3.4945828914642334,3.475719928741455
2021-04-07 00:00:00,3.254304885864258,3.254304885864258,3.8856360912323,28114350.0,3.7850780487060547,3.0590789318084717
2021-04-08 00:00:00,3.403942108154297,3.403942108154297,3.5956029891967773,26799452.0,3.267712116241455,3.237010955810547
2021-04-09 00:00:00,3.548501968383789,3.548501968383789,3.6247129440307617,18929792.0,3.407696008682251,3.344791889190674
2021-04-10 00:00:00,3.373868942260742,3.373868942260742,3.5869789123535156,12566409.0,3.551408052444458,3.2885899543762207
2021-04-11 00:00:00,3.4274439811706543,3.4274439811706543,3.557774066925049,12573045.0,3.373228073120117,3.297969102859497
2021-04-12 00:00:00,3.2336010932922363,3.2336010932922363,3.4318690299987793,11412879.0,3.428618907928467,3.1706740856170654
2021-04-13 00:00:00,3.242706060409546,3.242706060409546,3.345621109008789,14214314.0,3.229856014251709,3.073240041732788
2021-04-14 00:00:00,3.187450885772705,3.187450885772705,3.2939939498901367,9065090.0,3.241683006286621,3.024599075317383
2021-04-15 00:00:00,3.372286081314087,3.372286081314087,3.4710419178009033,14093362.0,3.183490037918091,3.1255910396575928
2021-04-16 00:00:00,3.1022160053253174,3.1022160053253174,3.378798007965088,9569721.0,3.360084056854248,3.030287027359009
2021-04-17 00:00:00,3.094801902770996,3.094801902770996,3.19254207611084,9418470.0,3.0832738876342773,3.063636064529419
2021-04-18 00:00:00,2.514988899230957,2.514988899230957,3.1161611080169678,22923694.0,3.099498987197876,1.9621460437774658
2021-04-19 00:00:00,2.197613000869751,2.197613000869751,2.626339912414551,13028597.0,2.5159740447998047,2.1567630767822266
2021-04-20 00:00:00,2.3096389770507812,2.3096389770507812,2.393299102783203,11591115.0,2.188831090927124,1.9775450229644775
2021-04-21 00:00:00,2.1531789302825928,2.1531789302825928,2.3528459072113037,7738696.0,2.3172690868377686,2.1372408866882324
2021-04-22 00:00:00,2.2206408977508545,2.2206408977508545,2.566987991333008,17075158.0,2.1445860862731934,2.107882022857666
2021-04-23 00:00:00,2.161983013153076,2.161983013153076,2.2849819660186768,13619198.0,2.22098708152771,1.852275013923645
2021-04-24 00:00:00,2.4507269859313965,2.4507269859313965,2.5782721042633057,24861930.0,2.1662349700927734,2.0605390071868896
2021-04-25 00:00:00,2.2634780406951904,2.2634780406951904,2.5519089698791504,8507963.0,2.4567439556121826,2.168267011642456
2021-04-26 00:00:00,2.4211950302124023,2.4211950302124023,2.6213440895080566,13149654.0,2.266741991043091,2.246584892272949
2021-04-27 00:00:00,2.7536840438842773,2.7536840438842773,2.8839030265808105,29967235.0,2.4181149005889893,2.338679075241089
2021-04-28 00:00:00,2.5680160522460938,2.5680160522460938,2.784661054611206,13676923.0,2.760056972503662,2.4372570514678955
2021-04-29 00:00:00,2.439215898513794,2.439215898513794,2.6457650661468506,13758917.0,2.5720338821411133,2.3716049194335938
2021-04-30 00:00:00,2.5005879402160645,2.5005879402160645,2.5555479526519775,13477227.0,2.4391260147094727,2.402801990509033
2021-05-01 00:00:00,2.494359016418457,2.494359016418457,2.551892042160034,8148589.0,2.497554063796997,2.4067959785461426
2021-05-02 00:00:00,2.6759889125823975,2.6759889125823975,2.682270050048828,21377651.0,2.4959800243377686,2.3210909366607666
2021-05-03 00:00:00,2.8809189796447754,2.8809189796447754,3.2143750190734863,52744522.0,2.6617701053619385,2.6617701053619385
2021-05-04 00:00:00,2.6150169372558594,2.6150169372558594,2.9865128993988037,26920623.0,2.882385015487671,2.602055072784424
2021-05-05 00:00:00,3.0172901153564453,3.0172901153564453,3.1962850093841553,31900669.0,2.609196901321411,2.6001360416412354
2021-05-06 00:00:00,2.9678781032562256,2.9678781032562256,3.24776291847229,27266825.0,3.0130391120910645,2.925220012664795
2021-05-07 00:00:00,2.919050931930542,2.919050931930542,3.1884589195251465,18267333.0,2.9743690490722656,2.814582109451294
2021-05-08 00:00:00,3.1734299659729004,3.1734299659729004,3.4403820037841797,35330983.0,2.9192819595336914,2.8802568912506104
2021-05-09 00:00:00,3.100796937942505,3.100796937942505,3.2027080059051514,17975487.0,3.173269033432007,2.955881118774414
2021-05-10 00:00:00,2.5952789783477783,2.5952789783477783,3.1830320358276367,18826286.0,3.100698947906494,2.3111488819122314
2021-05-11 00:00:00,2.691654920578003,2.691654920578003,2.8354480266571045,15607323.0,2.5893969535827637,2.527796983718872
2021-05-12 00:00:00,2.100174903869629,2.100174903869629,2.824582099914551,11541203.0,2.6926980018615723,2.100174903869629
2021-05-13 00:00:00,2.2195539474487305,2.2195539474487305,2.404463052749634,12506826.0,2.1262309551239014,2.0251410007476807
2021-05-14 00:00:00,2.3258159160614014,2.3258159160614014,2.386075973510742,7133101.0,2.2211129665374756,2.2167069911956787
2021-05-15 00:00:00,2.0915069580078125,2.0915069580078125,2.382628917694092,7257493.0,2.3281259536743164,2.0562620162963867
2021-05-16 00:00:00,2.170527935028076,2.170527935028076,2.2979660034179688,7276681.0,2.0888259410858154,2.000663995742798
2021-05-17 00:00:00,1.9577430486679077,1.9577430486679077,2.1717369556427,8509963.0,2.1717369556427,1.8726550340652466
2021-05-18 00:00:00,1.9818389415740967,1.9818389415740967,2.137864112854004,7452523.0,1.9560120105743408,1.9352149963378906
2021-05-19 00:00:00,1.2500989437103271,1.2500989437103271,2.0227489471435547,14328134.0,1.9793490171432495,1.169303059577942
2021-05-20 00:00:00,1.4782500267028809,1.4782500267028809,1.624282956123352,13003361.0,1.2355209589004517,1.1101709604263306
2021-05-21 00:00:00,1.2120649814605713,1.2120649814605713,1.5386990308761597,7720991.0,1.4742419719696045,1.0324410200119019
2021-05-22 00:00:00,1.220687985420227,1.220687985420227,1.3236149549484253,6667512.0,1.2194770574569702,1.0593990087509155
2021-05-23 00:00:00,1.120784044265747,1.120784044265747,1.2856860160827637,10891656.0,1.2217830419540405,0.9060829877853394
2021-05-24 00:00:00,1.2958370447158813,1.2958370447158813,1.3147469758987427,7199400.0,1.1150720119476318,1.0760109424591064
2021-05-25 00:00:00,1.3214730024337769,1.3214730024337769,1.362995982170105,6715623.0,1.2974090576171875,1.1425490379333496
2021-05-26 00:00:00,1.4585520029067993,1.4585520029067993,1.4747250080108643,5390600.0,1.319903016090393,1.2925950288772583
2021-05-27 00:00:00,1.4008020162582397,1.4008020162582397,1.5002230405807495,5080598.0,1.458564043045044,1.2951860427856445
2021-05-28 00:00:00,1.199612021446228,1.199612021446228,1.4237099885940552,4430053.0,1.4049839973449707,1.1329309940338135
2021-05-29 00:00:00,1.0859450101852417,1.0859450101852417,1.2538039684295654,2767328.0,1.2007770538330078,1.0401779413223267
2021-05-30 00:00:00,1.2628450393676758,1.2628450393676758,1.3476760387420654,11956463.0,1.0872529745101929,1.0175700187683105
2021-05-31 00:00:00,1.3364510536193848,1.3364510536193848,1.4157569408416748,8163170.0,1.2634860277175903,1.1957459449768066
2021-06-01 00:00:00,1.3073999881744385,1.3073999881744385,1.351027011871338,5951849.0,1.3365310430526733,1.2504860162734985
2021-06-02 00:00:00,1.4336260557174683,1.4336260557174683,1.5774019956588745,12582124.0,1.3075469732284546,1.2811039686203003
2021-06-03 00:00:00,1.4575070142745972,1.4575070142745972,1.5369189977645874,8949900.0,1.4378859996795654,1.4066580533981323
2021-06-04 00:00:00,1.2542660236358643,1.2542660236358643,1.456231951713562,6547875.0,1.456231951713562,1.1965229511260986
2021-06-05 00:00:00,1.245244026184082,1.245244026184082,1.3764829635620117,5025005.0,1.2529970407485962,1.195533037185669
2021-06-06 00:00:00,1.2740479707717896,1.2740479707717896,1.2855420112609863,3079891.0,1.2447949647903442,1.2134840488433838
2021-06-07 00:00:00,1.1516460180282593,1.1516460180282593,1.3795570135116577,5732137.0,1.2718729972839355,1.1316460371017456
2021-06-08 00:00:00,1.1412650346755981,1.1412650346755981,1.1910159587860107,3821381.0,1.158005952835083,1.045524001121521
2021-06-09 00:00:00,1.2046380043029785,1.2046380043029785,1.224971055984497,6252254.0,1.1412489414215088,1.081853985786438
2021-06-10 00:00:00,1.2110589742660522,1.2110589742660522,1.2252540588378906,4621698.0,1.1983929872512817,1.13652503490448
2021-06-11 00:00:00,1.1343209743499756,1.1343209743499756,1.2660759687423706,6048273.0,1.2182830572128296,1.1248019933700562
2021-06-12 00:00:00,1.0942460298538208,1.0942460298538208,1.143854022026062,3391169.0,1.1421669721603394,1.0514309406280518
2021-06-13 00:00:00,1.2081149816513062,1.2081149816513062,1.2120840549468994,3147169.0,1.0921469926834106,1.0709079504013062
2021-06-14 00:00:00,1.2643159627914429,1.2643159627914429,1.3184709548950195,3480402.0,1.2057160139083862,1.2057160139083862
2021-06-15 00:00:00,1.438501000404358,1.438501000404358,1.4524669647216797,7505692.0,1.2884819507598877,1.2492660284042358
2021-06-16 00:00:00,1.2282609939575195,1.2282609939575195,1.3433409929275513,5341332.0,1.3153990507125854,1.2132010459899902
2021-06-17 00:00:00,1.3171360492706299,1.3171360492706299,1.342376947402954,32456341.0,1.2294219732284546,1.2262300252914429
2021-06-18 00:00:00,1.167394995689392,1.167394995689392,1.3182799816131592,3300677.0,1.3182799816131592,1.141626000404358
2021-06-19 00:00:00,1.1484990119934082,1.1484990119934082,1.2060270309448242,2274396.0,1.1701380014419556,1.126512050628662
2021-06-20 00:00:00,1.1530619859695435,1.1530619859695435,1.193727970123291,3291841.0,1.146064043045044,1.0962200164794922
2021-06-21 00:00:00,0.8913670182228088,0.8913670182228088,1.1610989570617676,4044975.0,1.1513140201568604,0.8876590132713318
2021-06-22 00:00:00,0.8729889988899231,0.8729889988899231,0.9593870043754578,3663502.0,0.8916829824447632,0.7540079951286316
2021-06-23 00:00:00,0.9293069839477539,0.9293069839477539,0.9683129787445068,3027667.0,0.8759660124778748,0.8351240158081055
2021-06-24 00:00:00,0.9369469881057739,0.9369469881057739,0.9902390241622925,2646923.0,0.9224720001220703,0.873420000076294
2021-06-25 00:00:00,0.8287960290908813,0.8287960290908813,0.9555429816246033,5583372.0,0.9370350241661072,0.8181800246238708
2021-06-26 00:00:00,0.8699700236320496,0.8699700236320496,0.8699700236320496,4380507.0,0.8285539746284485,0.7834540009498596
2021-06-27 00:00:00,0.9088280200958252,0.9088280200958252,0.9431440234184265,7034220.0,0.871159017086029,0.8470199704170227
2021-06-28 00:00:00,0.9179829955101013,0.9179829955101013,0.9396200180053711,5515528.0,0.907630980014801,0.8852689862251282
2021-06-29 00:00:00,0.9627540111541748,0.9627540111541748,0.9933390021324158,7401006.0,0.9178810119628906,0.9176279902458191
2021-06-30 00:00:00,0.9768000245094299,0.9768000245094299,1.0226739645004272,6441610.0,0.967041015625,0.9149330258369446
2021-07-01 00:00:00,1.1810070276260376,1.1810070276260376,1.212865948677063,75177299.0,0.9767810106277466,0.9585390090942383
2021-07-02 00:00:00,1.1858229637145996,1.1858229637145996,1.1993780136108398,52599099.0,1.1855210065841675,1.0975509881973267
2021-07-03 00:00:00,1.1641279458999634,1.1641279458999634,1.21608304977417,42650856.0,1.1850130558013916,1.147534966468811
2021-07-04 00:00:00,1.1978919506072998,1.1978919506072998,1.2744369506835938,10173302.0,1.1726820468902588,1.135398030281067
2021-07-05 00:00:00,1.1308289766311646,1.1308289766311646,1.1995320320129395,9979678.0,1.1995320320129395,1.1087960004806519
2021-07-06 00:00:00,1.141571044921875,1.141571044921875,1.1935360431671143,9494307.0,1.1255589723587036,1.1198569536209106
2021-07-07 00:00:00,1.1335200071334839,1.1335200071334839,1.1864509582519531,11283112.0,1.13947594165802,1.1303819417953491
2021-07-08 00:00:00,1.0309419631958008,1.0309419631958008,1.1427079439163208,11958990.0,1.1335129737854004,1.0064460039138794
2021-07-09 00:00:00,1.0209100246429443,1.0209100246429443,1.0351840257644653,10408247.0,1.028223991394043,0.9750270247459412
2021-07-10 00:00:00,1.0064109563827515,1.0064109563827515,1.043853998184204,6177177.0,1.0198529958724976,0.9801809787750244
2021-07-11 00:00:00,1.0586309432983398,1.0586309432983398,1.1204659938812256,12371655.0,1.0049179792404175,0.9965639710426331
2021-07-12 00:00:00,1.0068080425262451,1.0068080425262451,1.1037050485610962,9330841.0,1.0608079433441162,0.983144998550415
2021-07-13 00:00:00,1.0132540464401245,1.0132540464401245,1.0209029912948608,7364484.0,1.006780982017517,0.9681800007820129
2021-07-14 00:00:00,1.0522730350494385,1.0522730350494385,1.13080894947052,15339836.0,1.0142420530319214,0.9370059967041016
2021-07-15 00:00:00,1.2127089500427246,1.2127089500427246,1.265565037727356,21442395.0,1.0542160272598267,1.0335220098495483
2021-07-16 00:00:00,1.080456018447876,1.080456018447876,1.278617024421692,18739438.0,1.2128520011901855,1.0772440433502197
2021-07-17 00:00:00,1.0226130485534668,1.0226130485534668,1.0846370458602905,9506835.0,1.0742379426956177,1.0125210285186768
2021-07-18 00:00:00,1.0784029960632324,1.0784029960632324,1.1654419898986816,18849078.0,1.0259029865264893,1.0235739946365356
2021-07-19 00:00:00,0.9846969842910767,0.9846969842910767,1.0852580070495605,17535495.0,1.0779739618301392,0.9764829874038696
2021-07-20 00:00:00,0.9209640026092529,0.9209640026092529,1.0010789632797241,13611365.0,0.9846609830856323,0.8854770064353943
2021-07-21 00:00:00,0.9960899949073792,0.9960899949073792,1.045375943183899,14361407.0,0.9190449714660645,0.887395977973938
2021-07-22 00:00:00,1.0429569482803345,1.0429569482803345,1.0630229711532593,14288071.0,1.0005220174789429,0.97291499376297
2021-07-23 00:00:00,1.0639549493789673,1.0639549493789673,1.0928579568862915,15288196.0,1.044211983680725,1.0123859643936157
2021-07-24 00:00:00,1.0441620349884033,1.0441620349884033,1.1126840114593506,18280558.0,1.062440037727356,1.029657006263733
2021-07-25 00:00:00,1.089866042137146,1.089866042137146,1.1043109893798828,15756404.0,1.0441629886627197,1.012505054473877
2021-07-26 00:00:00,1.0293370485305786,1.0293370485305786,1.1883690357208252,19444950.0,1.091163992881775,1.0233290195465088
2021-07-27 00:00:00,1.0343929529190063,1.0343929529190063,1.0672589540481567,19757117.0,1.0252920389175415,0.9666339755058289
2021-07-28 00:00:00,1.0092849731445312,1.0092849731445312,1.0762519836425781,13433682.0,1.041303038597107,1.0032399892807007
2021-07-29 00:00:00,1.0425549745559692,1.0425549745559692,1.0564130544662476,14920960.0,1.0104869604110718,0.9806079864501953
2021-07-30 00:00:00,1.1254589557647705,1.1254589557647705,1.1386979818344116,19853549.0,1.042773962020874,0.998445987701416
2021-07-31 00:00:00,1.0959479808807373,1.0959479808807373,1.1563999652862549,17258682.0,1.1264090538024902,1.0800230503082275
2021-08-01 00:00:00,1.1055079698562622,1.1055079698562622,1.219594955444336,24090608.0,1.0942660570144653,1.0847749710083008
2021-08-02 00:00:00,1.2155879735946655,1.2155879735946655,1.2430880069732666,20555470.0,1.1028729677200317,1.071753978729248
2021-08-03 00:00:00,1.220855951309204,1.220855951309204,1.2602859735488892,20490519.0,1.2102129459381104,1.1307859420776367
2021-08-04 00:00:00,1.2558250427246094,1.2558250427246094,1.300940990447998,19558163.0,1.225132942199707,1.1778639554977417
2021-08-05 00:00:00,1.325415015220642,1.325415015220642,1.3507299423217773,22909788.0,1.2579180002212524,1.2285850048065186
2021-08-06 00:00:00,1.3186880350112915,1.3186880350112915,1.3779770135879517,19746417.0,1.3266270160675049,1.2988619804382324
2021-08-07 00:00:00,1.3017079830169678,1.3017079830169678,1.3875579833984375,16652323.0,1.318047046661377,1.2756530046463013
2021-08-08 00:00:00,1.204077959060669,1.204077959060669,1.3240020275115967,16244403.0,1.302922010421753,1.1883690357208252
2021-08-09 00:00:00,1.308292031288147,1.308292031288147,1.329848051071167,16911122.0,1.202057957649231,1.1571569442749023
2021-08-10 00:00:00,1.3208309412002563,1.3208309412002563,1.365697979927063,16483537.0,1.3043060302734375,1.259268045425415
2021-08-11 00:00:00,1.5032390356063843,1.5032390356063843,1.5903079509735107,34361566.0,1.3208659887313843,1.3164249658584595
2021-08-12 00:00:00,1.4203870296478271,1.4203870296478271,1.6050280332565308,26519455.0,1.5015710592269897,1.368293046951294
2021-08-13 00:00:00,1.7260080575942993,1.7260080575942993,1.7901769876480103,44645583.0,1.4290390014648438,1.3966779708862305
2021-08-14 00:00:00,1.6191860437393188,1.6191860437393188,1.7319790124893188,29271156.0,1.7270549535751343,1.5383700132369995
2021-08-15 00:00:00,1.7067010402679443,1.7067010402679443,1.7266980409622192,22425528.0,1.6199439764022827,1.5333470106124878
2021-08-16 00:00:00,1.5657730102539062,1.5657730102539062,1.7116219997406006,23558985.0,1.7053589820861816,1.5346640348434448
2021-08-17 00:00:00,1.74338698387146,1.74338698387146,2.1638400554656982,90014913.0,1.5576629638671875,1.5016770362854004
2021-08-18 00:00:00,1.8642499446868896,1.8642499446868896,1.9015820026397705,37420680.0,1.748682975769043,1.6645129919052124
2021-08-19 00:00:00,1.9444080591201782,1.9444080591201782,2.0954020023345947,47821395.0,1.8529510498046875,1.839184045791626
2021-08-20 00:00:00,2.1512339115142822,2.1512339115142822,2.205108880996704,35638408.0,1.9483050107955933,1.9483050107955933
2021-08-21 00:00:00,2.3752388954162598,2.3752388954162598,2.422123908996582,37159425.0,2.1485750675201416,2.0450870990753174
2021-08-22 00:00:00,2.217931032180786,2.217931032180786,2.47514009475708,36642343.0,2.375854015350342,2.1080100536346436
2021-08-23 00:00:00,2.2693889141082764,2.2693889141082764,2.3619449138641357,32191063.0,2.2172560691833496,2.202781915664673
2021-08-24 00:00:00,2.7375359535217285,2.7375359535217285,2.8279778957366943,77016619.0,2.270961046218872,2.1787610054016113
2021-08-25 00:00:00,2.632884979248047,2.632884979248047,3.0657219886779785,72879809.0,2.7801320552825928,2.5360279083251953
2021-08-26 00:00:00,2.3602490425109863,2.3602490425109863,2.654184103012085,30007297.0,2.626220941543579,2.343893051147461
2021-08-27 00:00:00,2.431044101715088,2.431044101715088,2.45632004737854,45589762.0,2.361008882522583,2.1470348834991455
2021-08-28 00:00:00,2.294450044631958,2.294450044631958,2.4298930168151855,25629883.0,2.4298930168151855,2.2825489044189453
2021-08-29 00:00:00,2.400883913040161,2.400883913040161,2.5053179264068604,37445212.0,2.2974460124969482,2.188952922821045
2021-08-30 00:00:00,2.3173649311065674,2.3173649311065674,2.5907769203186035,37851254.0,2.3999359607696533,2.2926158905029297
2021-08-31 00:00:00,2.503117084503174,2.503117084503174,2.865494966506958,84262518.0,2.3201799392700195,2.2807180881500244
2021-09-01 00:00:00,2.7208099365234375,2.7208099365234375,2.7249040603637695,30040156.0,2.5061540603637695,2.399158000946045
2021-09-02 00:00:00,2.6719629764556885,2.6719629764556885,2.959507942199707,40512706.0,2.713686943054199,2.6708340644836426
2021-09-03 00:00:00,2.7574880123138428,2.7574880123138428,2.8349390029907227,26717231.0,2.6715850830078125,2.6011300086975098
2021-09-04 00:00:00,2.714548110961914,2.714548110961914,2.8411290645599365,21509061.0,2.7584331035614014,2.647726058959961
2021-09-05 00:00:00,2.863779067993164,2.863779067993164,2.918498992919922,24641279.0,2.715087890625,2.684175968170166
2021-09-06 00:00:00,2.7895100116729736,2.7895100116729736,2.975651979446411,38653301.0,2.865546941757202,2.6198570728302
2021-09-07 00:00:00,2.1013948917388916,2.1013948917388916,2.815553903579712,45562986.0,2.7886180877685547,1.7185770273208618
2021-09-08 00:00:00,2.023538112640381,2.023538112640381,2.1258020401000977,33142854.0,2.09108304977417,1.8032599687576294
2021-09-09 00:00:00,2.211266040802002,2.211266040802002,2.3809070587158203,36419083.0,2.2314839363098145,2.0070319175720215
2021-09-10 00:00:00,2.1316230297088623,2.1316230297088623,2.3620269298553467,25531975.0,2.2112491130828857,2.0364279747009277
2021-09-11 00:00:00,2.1251609325408936,2.1251609325408936,2.22660493850708,21011989.0,2.134713888168335,2.0584208965301514
2021-09-12 00:00:00,2.154287099838257,2.154287099838257,2.2575039863586426,21836723.0,2.1279330253601074,2.068053960800171
2021-09-13 00:00:00,1.9546289443969727,1.9546289443969727,2.1689460277557373,22914376.0,2.154417037963867,1.841810941696167
2021-09-14 00:00:00,2.0240941047668457,2.0240941047668457,2.0399489402770996,19593419.0,1.9573270082473755,1.9244999885559082
2021-09-15 00:00:00,2.139681100845337,2.139681100845337,2.147555112838745,15753215.0,2.0239439010620117,1.9752140045166016
2021-09-16 00:00:00,2.036653995513916,2.036653995513916,2.1937129497528076,20836901.0,2.13604998588562,1.983232021331787
2021-09-17 00:00:00,2.0202560424804688,2.0202560424804688,2.073698043823242,22969338.0,2.0359020233154297,1.8872170448303223
2021-09-18 00:00:00,2.061769962310791,2.061769962310791,2.1348400115966797,16819264.0,2.023282051086426,1.9768199920654297
2021-09-19 00:00:00,1.9575810432434082,1.9575810432434082,2.1473350524902344,14439759.0,2.057847023010254,1.9213470220565796
2021-09-20 00:00:00,1.6805009841918945,1.6805009841918945,1.9595999717712402,22903722.0,1.9577950239181519,1.6312379837036133
2021-09-21 00:00:00,1.5309280157089233,1.5309280157089233,1.7481600046157837,18666234.0,1.6899950504302979,1.4924689531326294
2021-09-22 00:00:00,1.7519890069961548,1.7519890069961548,1.781491994857788,15660456.0,1.528944969177246,1.5072740316390991
2021-09-23 00:00:00,1.8329529762268066,1.8329529762268066,1.8532049655914307,14017351.0,1.7510559558868408,1.6934829950332642
2021-09-24 00:00:00,1.623291015625,1.623291015625,1.935081958770752,23752621.0,1.8338520526885986,1.5550700426101685
2021-09-25 00:00:00,1.5706039667129517,1.5706039667129517,1.6748030185699463,21484191.0,1.6262049674987793,1.544937014579773
2021-09-26 00:00:00,1.515125036239624,1.515125036239624,1.5764909982681274,13780205.0,1.5715910196304321,1.4112800359725952
2021-09-27 00:00:00,1.5127969980239868,1.5127969980239868,1.696956992149353,15029545.0,1.5180139541625977,1.4882299900054932
2021-09-28 00:00:00,1.398542046546936,1.398542046546936,1.5436530113220215,12979433.0,1.512814998626709,1.391793966293335
2021-09-29 00:00:00,1.4173920154571533,1.4173920154571533,1.5635429620742798,13266266.0,1.4032560586929321,1.3874109983444214
2021-09-30 00:00:00,1.506261944770813,1.506261944770813,1.522109031677246,13142447.0,1.4144059419631958,1.4055819511413574
2021-10-01 00:00:00,1.8112070560455322,1.8112070560455322,1.816249966621399,20580626.0,1.510166049003601,1.4864050149917603
2021-10-02 00:00:00,1.7937920093536377,1.7937920093536377,1.9544459581375122,22887218.0,1.8093500137329102,1.769914984703064
2021-10-03 00:00:00,1.9193880558013916,1.9193880558013916,1.9795260429382324,22029924.0,1.7915509939193726,1.7358579635620117
2021-10-04 00:00:00,1.8678109645843506,1.8678109645843506,1.939092993736267,15179855.0,1.9163579940795898,1.755774974822998
2021-10-05 00:00:00,2.035921096801758,2.035921096801758,2.206615924835205,28134066.0,1.870648980140686,1.863131046295166
2021-10-06 00:00:00,2.0660738945007324,2.0660738945007324,2.1286070346832275,22563734.0,2.033895969390869,1.8901959657669067
2021-10-07 00:00:00,2.0526270866394043,2.0526270866394043,2.2220070362091064,16561980.0,2.064884901046753,1.9657620191574097
2021-10-08 00:00:00,1.935986042022705,1.935986042022705,2.0801289081573486,12134365.0,2.052683115005493,1.9243730306625366
2021-10-09 00:00:00,1.9182850122451782,1.9182850122451782,1.9639660120010376,10814902.0,1.9351340532302856,1.896936058998108
2021-10-10 00:00:00,1.8045480251312256,1.8045480251312256,1.9423600435256958,12757033.0,1.9209070205688477,1.7893409729003906
2021-10-11 00:00:00,1.7781649827957153,1.7781649827957153,1.8919520378112793,13397219.0,1.7999379634857178,1.737504005432129
2021-10-12 00:00:00,1.7977080345153809,1.7977080345153809,1.802502989768982,15545330.0,1.7811720371246338,1.64723801612854
2021-10-13 00:00:00,1.858152985572815,1.858152985572815,1.9373090267181396,18818832.0,1.7921350002288818,1.7143139839172363
2021-10-14 00:00:00,1.9581680297851562,1.9581680297851562,2.1479289531707764,29990403.0,1.8590660095214844,1.8501009941101074
2021-10-15 00:00:00,1.9544270038604736,1.9544270038604736,1.9906280040740967,20625095.0,1.9640699625015259,1.8517400026321411
2021-10-16 00:00:00,2.0621449947357178,2.0621449947357178,2.198625087738037,33873715.0,1.9544450044631958,1.9442640542984009
2021-10-17 00:00:00,2.1317288875579834,2.1317288875579834,2.188786029815674,21202705.0,2.0600969791412354,1.9888859987258911
2021-10-18 00:00:00,2.0800490379333496,2.0800490379333496,2.1690590381622314,18763852.0,2.1326990127563477,2.0204620361328125
2021-10-19 00:00:00,2.0191800594329834,2.0191800594329834,2.1296610832214355,15102495.0,2.080965995788574,1.9932940006256104
2021-10-20 00:00:00,2.0167970657348633,2.0167970657348633,2.0692920684814453,14585830.0,2.01725697517395,1.9612109661102295
2021-10-21 00:00:00,1.9141260385513306,1.9141260385513306,2.0896871089935303,19033904.0,2.023682117462158,1.9059250354766846
2021-10-22 00:00:00,2.0017430782318115,2.0017430782318115,2.0843660831451416,21389357.0,1.9141030311584473,1.9141030311584473
2021-10-23 00:00:00,1.998684048652649,1.998684048652649,2.0409328937530518,10693384.0,2.0007970333099365,1.9589569568634033
2021-10-24 00:00:00,1.9494709968566895,1.9494709968566895,2.1254639625549316,18992751.0,1.9976669549942017,1.9369570016860962
2021-10-25 00:00:00,2.0668389797210693,2.0668389797210693,2.122230052947998,24703625.0,1.946408987045288,1.936277985572815
2021-10-26 00:00:00,2.2255189418792725,2.2255189418792725,2.2912230491638184,28699093.0,2.071605920791626,2.054841995239258
2021-10-27 00:00:00,1.8186310529708862,1.8186310529708862,2.225166082382202,22350759.0,2.220560073852539,1.7693099975585938
2021-10-28 00:00:00,1.847715973854065,1.847715973854065,1.921159029006958,19227890.0,1.8205080032348633,1.8091880083084106
2021-10-29 00:00:00,1.8721519708633423,1.8721519708633423,1.9248989820480347,20160352.0,1.8487980365753174,1.835108995437622
2021-10-30 00:00:00,1.857843041419983,1.857843041419983,1.9066070318222046,17849145.0,1.873157024383545,1.7841110229492188
2021-10-31 00:00:00,1.9508659839630127,1.9508659839630127,1.9954429864883423,18483506.0,1.8638720512390137,1.8527109622955322
2021-11-01 00:00:00,1.9887670278549194,1.9887670278549194,2.072097063064575,18095034.0,1.9517489671707153,1.8640110492706299
2021-11-02 00:00:00,2.070604085922241,2.070604085922241,2.1923060417175293,19762252.0,1.987589955329895,1.9613440036773682
2021-11-03 00:00:00,2.152493953704834,2.152493953704834,2.277822971343994,30563035.0,2.06770396232605,2.0371110439300537
2021-11-04 00:00:00,2.1168620586395264,2.1168620586395264,2.2104830741882324,17656309.0,2.156393051147461,2.02833890914917
2021-11-05 00:00:00,2.107517957687378,2.107517957687378,2.2934370040893555,22796817.0,2.1205780506134033,2.067307949066162
2021-11-06 00:00:00,2.0647189617156982,2.0647189617156982,2.171117067337036,14933072.0,2.1073989868164062,2.0112600326538086
2021-11-07 00:00:00,2.152221918106079,2.152221918106079,2.1666109561920166,14372425.0,2.067018985748291,2.0482170581817627
2021-11-08 00:00:00,2.125930070877075,2.125930070877075,2.1580729484558105,12630389.0,2.156130075454712,2.093808889389038
2021-11-09 00:00:00,2.0483410358428955,2.0483410358428955,2.144726037979126,18627391.0,2.12587308883667,2.0310170650482178
2021-11-10 00:00:00,1.8362189531326294,1.8362189531326294,2.144942045211792,24854345.0,2.0475289821624756,1.7085800170898438
2021-11-11 00:00:00,1.8945749998092651,1.8945749998092651,1.9369159936904907,20605187.0,1.8351550102233887,1.8045320510864258
2021-11-12 00:00:00,1.8871359825134277,1.8871359825134277,1.9589829444885254,17245384.0,1.8922120332717896,1.8058500289916992
2021-11-13 00:00:00,1.9198429584503174,1.9198429584503174,1.9427189826965332,14957872.0,1.8913559913635254,1.8564000129699707
2021-11-14 00:00:00,1.9214270114898682,1.9214270114898682,1.9526170492172241,11619110.0,1.9177639484405518,1.8714879751205444
2021-11-15 00:00:00,1.906067967414856,1.906067967414856,2.02618408203125,14093507.0,1.923717975616455,1.8828539848327637
2021-11-16 00:00:00,1.702463984489441,1.702463984489441,1.9128750562667847,18283789.0,1.9128750562667847,1.584570050239563
2021-11-17 00:00:00,1.7083560228347778,1.7083560228347778,1.7329119443893433,14604678.0,1.6983009576797485,1.6434489488601685
2021-11-18 00:00:00,1.5879199504852295,1.5879199504852295,1.7335400581359863,14088104.0,1.7100720405578613,1.5125319957733154
2021-11-19 00:00:00,1.6823710203170776,1.6823710203170776,1.6986550092697144,11962521.0,1.5858529806137085,1.5321910381317139
2021-11-20 00:00:00,1.7554930448532104,1.7554930448532104,1.7648500204086304,13567390.0,1.6822190284729004,1.6646389961242676
2021-11-21 00:00:00,1.756052017211914,1.756052017211914,1.8803340196609497,22223997.0,1.7517809867858887,1.7195080518722534
2021-11-22 00:00:00,1.6888530254364014,1.6888530254364014,1.7583880424499512,13552746.0,1.7544139623641968,1.643288016319275
2021-11-23 00:00:00,1.7494419813156128,1.7494419813156128,1.7868900299072266,12884484.0,1.6878210306167603,1.6752870082855225
2021-11-24 00:00:00,1.7032439708709717,1.7032439708709717,1.780521035194397,12845311.0,1.751222014427185,1.6758040189743042
2021-11-25 00:00:00,1.7913990020751953,1.7913990020751953,1.8891199827194214,14164594.0,1.7366249561309814,1.7314499616622925
2021-11-26 00:00:00,1.6648670434951782,1.6648670434951782,1.9095109701156616,17490925.0,1.8297170400619507,1.620689034461975
2021-11-27 00:00:00,1.6688159704208374,1.6688159704208374,1.7496750354766846,13258635.0,1.6743119955062866,1.6463780403137207
2021-11-28 00:00:00,1.6805429458618164,1.6805429458618164,1.6842470169067383,13123829.0,1.6673539876937866,1.558701992034912
2021-11-29 00:00:00,1.710461974143982,1.710461974143982,1.734820008277893,12433172.0,1.6790610551834106,1.6428810358047485
2021-11-30 00:00:00,1.8610520362854004,1.8610520362854004,1.9113630056381226,19080796.0,1.7109630107879639,1.6446870565414429
2021-12-01 00:00:00,2.595916986465454,2.595916986465454,3.2599360942840576,444818927.0,1.8588440418243408,1.8471629619598389
2021-12-02 00:00:00,2.278795003890991,2.278795003890991,2.6397109031677246,88706674.0,2.5969409942626953,2.2754409313201904
2021-12-03 00:00:00,2.1273860931396484,2.1273860931396484,2.307363986968994,39344834.0,2.2877120971679688,2.01385498046875
2021-12-04 00:00:00,1.6910829544067383,1.6910829544067383,2.160665988922119,46540693.0,2.131187915802002,1.2334829568862915
2021-12-05 00:00:00,1.527806043624878,1.527806043624878,1.736631989479065,25094796.0,1.6890039443969727,1.4717669486999512
2021-12-06 00:00:00,1.6777000427246094,1.6777000427246094,1.7788540124893188,59509496.0,1.5338469743728638,1.410933017730713
2021-12-07 00:00:00,1.6577149629592896,1.6577149629592896,1.7447509765625,26469584.0,1.677467942237854,1.612617015838623
2021-12-08 00:00:00,1.6428300142288208,1.6428300142288208,1.6533210277557373,20640764.0,1.6508159637451172,1.5225529670715332
2021-12-09 00:00:00,1.528988003730774,1.528988003730774,1.6970429420471191,17534109.0,1.6371129751205444,1.5258090496063232
2021-12-10 00:00:00,1.5840539932250977,1.5840539932250977,1.843453049659729,37981022.0,1.5285899639129639,1.5285899639129639
2021-12-11 00:00:00,1.670117974281311,1.670117974281311,1.7322299480438232,21149635.0,1.5898360013961792,1.587960958480835
2021-12-12 00:00:00,1.7538009881973267,1.7538009881973267,1.7538009881973267,12796075.0,1.6650400161743164,1.635599970817566
2021-12-13 00:00:00,1.511201024055481,1.511201024055481,1.8415850400924683,19122777.0,1.7497680187225342,1.4777460098266602
2021-12-14 00:00:00,1.5039349794387817,1.5039349794387817,1.6044809818267822,12281823.0,1.5111980438232422,1.4812639951705933
2021-12-15 00:00:00,1.6686480045318604,1.6686480045318604,1.6791609525680542,20652482.0,1.5845930576324463,1.5035459995269775
2021-12-16 00:00:00,1.754233956336975,1.754233956336975,1.803117036819458,15443505.0,1.67256498336792,1.6615550518035889
2021-12-17 00:00:00,1.7460579872131348,1.7460579872131348,1.754683017730713,15225650.0,1.7476680278778076,1.5808980464935303
2021-12-18 00:00:00,1.7414629459381104,1.7414629459381104,1.8671720027923584,19032750.0,1.7499630451202393,1.667009949684143
2021-12-19 00:00:00,1.7554279565811157,1.7554279565811157,1.841886043548584,14879578.0,1.7451519966125488,1.7224290370941162
2021-12-20 00:00:00,1.6652350425720215,1.6652350425720215,1.8196749687194824,13209169.0,1.7548739910125732,1.6083509922027588
2021-12-21 00:00:00,1.7718080282211304,1.7718080282211304,1.7900890111923218,10876884.0,1.6643810272216797,1.6495399475097656
2021-12-22 00:00:00,1.7958250045776367,1.7958250045776367,1.8674139976501465,15268691.0,1.77681303024292,1.7605429887771606
2021-12-23 00:00:00,1.9795759916305542,1.9795759916305542,2.0019309520721436,19611006.0,1.8015170097351074,1.7614370584487915
2021-12-24 00:00:00,1.9996720552444458,1.9996720552444458,2.1437389850616455,27145684.0,1.9817839860916138,1.9574700593948364
2021-12-25 00:00:00,1.9521859884262085,1.9521859884262085,2.038719892501831,13122046.0,2.002376079559326,1.9110300540924072
2021-12-26 00:00:00,1.9446580410003662,1.9446580410003662,1.9602349996566772,11270131.0,1.9509550333023071,1.861443042755127
2021-12-27 00:00:00,1.8822239637374878,1.8822239637374878,2.017918109893799,14263063.0,1.942973017692566,1.8770339488983154
2021-12-28 00:00:00,1.6676759719848633,1.6676759719848633,1.8838969469070435,21518800.0,1.8838969469070435,1.6533819437026978
2021-12-29 00:00:00,1.588400959968567,1.588400959968567,1.716135025024414,14324337.0,1.6660070419311523,1.5638550519943237
2021-12-30 00:00:00,1.6295900344848633,1.6295900344848633,1.644698977470398,10206482.0,1.5894700288772583,1.53745698928833
2021-12-31 00:00:00,1.6440989971160889,1.6440989971160889,1.707455039024353,12605434.0,1.6258440017700195,1.6066399812698364
2022-01-01 00:00:00,1.7509100437164307,1.7509100437164307,1.7509100437164307,10564114.0,1.6441700458526611,1.637948989868164
2022-01-02 00:00:00,1.7824230194091797,1.7824230194091797,1.7834579944610596,11962470.0,1.7513420581817627,1.6962469816207886
2022-01-03 00:00:00,1.680506944656372,1.680506944656372,1.8193939924240112,13260568.0,1.7820219993591309,1.642001986503601
2022-01-04 00:00:00,1.6803510189056396,1.6803510189056396,1.804013967514038,12100484.0,1.6803040504455566,1.6427220106124878
2022-01-05 00:00:00,1.5393860340118408,1.5393860340118408,1.7796499729156494,16429822.0,1.6804100275039673,1.4655460119247437
2022-01-06 00:00:00,1.5377960205078125,1.5377960205078125,1.5487200021743774,11891632.0,1.539458990097046,1.456900954246521
2022-01-07 00:00:00,1.5040210485458374,1.5040210485458374,1.5393890142440796,11669587.0,1.5375460386276245,1.404579997062683
2022-01-08 00:00:00,1.380668044090271,1.380668044090271,1.540490984916687,13394250.0,1.506796956062317,1.3498220443725586
2022-01-09 00:00:00,1.361873984336853,1.361873984336853,1.418323040008545,8409592.0,1.3806179761886597,1.3452759981155396
2022-01-10 00:00:00,1.3273500204086304,1.3273500204086304,1.383118987083435,10226305.0,1.3618969917297363,1.25272798538208
2022-01-11 00:00:00,1.3932199478149414,1.3932199478149414,1.425583004951477,7619337.0,1.3271249532699585,1.3165580034255981
2022-01-12 00:00:00,1.493016004562378,1.493016004562378,1.4973160028457642,9360138.0,1.3936749696731567,1.3936749696731567
2022-01-13 00:00:00,1.4531769752502441,1.4531769752502441,1.5407299995422363,10710373.0,1.4925169944763184,1.444383978843689
2022-01-14 00:00:00,1.5105329751968384,1.5105329751968384,1.512024998664856,8192035.0,1.4528690576553345,1.4190969467163086
2022-01-15 00:00:00,1.5392470359802246,1.5392470359802246,1.5466010570526123,7298776.0,1.5092649459838867,1.4752960205078125
2022-01-16 00:00:00,1.487987995147705,1.487987995147705,1.5620830059051514,8105259.0,1.5394079685211182,1.487833023071289
2022-01-17 00:00:00,1.3919529914855957,1.3919529914855957,1.4945729970932007,8542083.0,1.4884649515151978,1.373155951499939
2022-01-18 00:00:00,1.352059006690979,1.352059006690979,1.4097859859466553,9647025.0,1.3918770551681519,1.3159209489822388
2022-01-19 00:00:00,1.297327995300293,1.297327995300293,1.3723609447479248,14392339.0,1.351971983909607,1.282168984413147
2022-01-20 00:00:00,1.2699249982833862,1.2699249982833862,1.4031399488449097,85103401.0,1.2973849773406982,1.2699249982833862
2022-01-21 00:00:00,1.1985379457473755,1.1985379457473755,1.3238019943237305,23062844.0,1.2711039781570435,1.1510059833526611
2022-01-22 00:00:00,1.1545219421386719,1.1545219421386719,1.3166450262069702,28512236.0,1.1991000175476074,1.1021389961242676
2022-01-23 00:00:00,1.1533219814300537,1.1533219814300537,1.205180048942566,15279773.0,1.1553659439086914,1.0938800573349
2022-01-24 00:00:00,1.1624690294265747,1.1624690294265747,1.1893470287322998,16417482.0,1.1529829502105713,1.0423719882965088
2022-01-25 00:00:00,1.2430169582366943,1.2430169582366943,1.2880970239639282,13827187.0,1.1627980470657349,1.1558330059051514
2022-01-26 00:00:00,1.3355519771575928,1.3355519771575928,1.3600269556045532,16253374.0,1.2429330348968506,1.2315629720687866
2022-01-27 00:00:00,1.4201910495758057,1.4201910495758057,1.4304460287094116,22860370.0,1.3351800441741943,1.240535020828247
2022-01-28 00:00:00,1.4271999597549438,1.4271999597549438,1.4427520036697388,15216068.0,1.419350028038025,1.3475970029830933
2022-01-29 00:00:00,1.3704249858856201,1.3704249858856201,1.4626580476760864,11096382.0,1.426969051361084,1.3610219955444336
2022-01-30 00:00:00,1.4137599468231201,1.4137599468231201,1.4902369976043701,13267052.0,1.3653210401535034,1.3496379852294922
2022-01-31 00:00:00,1.3568860292434692,1.3568860292434692,1.4218080043792725,12423633.0,1.414607048034668,1.31072998046875
2022-02-01 00:00:00,1.315824031829834,1.315824031829834,1.3838880062103271,11478429.0,1.3576960563659668,1.2975879907608032
2022-02-02 00:00:00,1.278069019317627,1.278069019317627,1.3393340110778809,7544922.0,1.3161489963531494,1.2647720575332642
2022-02-03 00:00:00,1.2892860174179077,1.2892860174179077,1.2899199724197388,7192590.0,1.278210997581482,1.2285929918289185
2022-02-04 00:00:00,1.4544850587844849,1.4544850587844849,1.4579819440841675,8952566.0,1.289119005203247,1.2886589765548706
2022-02-05 00:00:00,1.51481294631958,1.51481294631958,1.566087007522583,11239071.0,1.4546480178833008,1.4546480178833008
2022-02-06 00:00:00,1.4857549667358398,1.4857549667358398,1.543853998184204,12556961.0,1.5170329809188843,1.4455070495605469
2022-02-07 00:00:00,1.4914250373840332,1.4914250373840332,1.5633560419082642,12075611.0,1.4865950345993042,1.4526400566101074
2022-02-08 00:00:00,1.4202179908752441,1.4202179908752441,1.535843014717102,13137036.0,1.4919610023498535,1.3843740224838257
2022-02-09 00:00:00,1.4312679767608643,1.4312679767608643,1.4413490295410156,7873888.0,1.4201420545578003,1.3843400478363037
2022-02-10 00:00:00,1.3224949836730957,1.3224949836730957,1.4323300123214722,12677819.0,1.4311859607696533,1.3192570209503174
2022-02-11 00:00:00,1.2565319538116455,1.2565319538116455,1.3818399906158447,16385474.0,1.3227800130844116,1.2407209873199463
2022-02-12 00:00:00,1.2674109935760498,1.2674109935760498,1.3026829957962036,10671755.0,1.2565840482711792,1.2208529710769653
2022-02-13 00:00:00,1.2484279870986938,1.2484279870986938,1.2955139875411987,11059853.0,1.2673100233078003,1.2163469791412354
2022-02-14 00:00:00,1.257138967514038,1.257138967514038,1.2589839696884155,10321788.0,1.2478410005569458,1.194586992263794
2022-02-15 00:00:00,1.3227510452270508,1.3227510452270508,1.3298569917678833,15919653.0,1.2568470239639282,1.2401829957962036
2022-02-16 00:00:00,1.2797030210494995,1.2797030210494995,1.3277299404144287,11225069.0,1.3230079412460327,1.259539008140564
2022-02-17 00:00:00,1.1426479816436768,1.1426479816436768,1.2853410243988037,14105780.0,1.279561996459961,1.140781044960022
2022-02-18 00:00:00,1.1069689989089966,1.1069689989089966,1.181452989578247,15280447.0,1.14274001121521,1.1035740375518799
2022-02-19 00:00:00,1.1342949867248535,1.1342949867248535,1.1654499769210815,12570483.0,1.106902003288269,1.1015700101852417
2022-02-20 00:00:00,1.068140983581543,1.068140983581543,1.1340810060501099,10763654.0,1.1340299844741821,1.0429259538650513
2022-02-21 00:00:00,1.0055880546569824,1.0055880546569824,1.12398099899292,12211837.0,1.0675519704818726,1.0038379430770874
2022-02-22 00:00:00,1.075855016708374,1.075855016708374,1.0760149955749512,13190732.0,1.006134033203125,0.9914559721946716
2022-02-23 00:00:00,1.0442780256271362,1.0442780256271362,1.1181249618530273,8846548.0,1.0759639739990234,1.0433720350265503
2022-02-24 00:00:00,1.1014440059661865,1.1014440059661865,1.1161350011825562,25172081.0,1.0431779623031616,0.9423050284385681
2022-02-25 00:00:00,1.1441149711608887,1.1441149711608887,1.1524330377578735,17596682.0,1.1021660566329956,1.0740879774093628
2022-02-26 00:00:00,1.1486619710922241,1.1486619710922241,1.194172978401184,19957708.0,1.1445549726486206,1.1407389640808105
2022-02-27 00:00:00,1.088850975036621,1.088850975036621,1.2011209726333618,21499155.0,1.1485320329666138,1.088850975036621
2022-02-28 00:00:00,1.1632059812545776,1.1632059812545776,1.1633009910583496,22374224.0,1.0884430408477783,1.0614030361175537
2022-03-01 00:00:00,1.2207250595092773,1.2207250595092773,1.2274420261383057,18133613.0,1.1632219552993774,1.1513739824295044
2022-03-02 00:00:00,1.2015199661254883,1.2015199661254883,1.2702950239181519,25951161.0,1.2207740545272827,1.1784969568252563
2022-03-03 00:00:00,1.1774020195007324,1.1774020195007324,1.2327849864959717,16960178.0,1.2017120122909546,1.1623409986495972
2022-03-04 00:00:00,1.1151909828186035,1.1151909828186035,1.1914769411087036,19562646.0,1.1776599884033203,1.105875015258789
2022-03-05 00:00:00,1.1615029573440552,1.1615029573440552,1.1659499406814575,14257961.0,1.1153249740600586,1.1027870178222656
2022-03-06 00:00:00,1.0928280353546143,1.0928280353546143,1.1659530401229858,14817862.0,1.161465048789978,1.090216040611267
2022-03-07 00:00:00,1.0881949663162231,1.0881949663162231,1.1648119688034058,23050486.0,1.0929900407791138,1.0674389600753784
2022-03-08 00:00:00,1.1300510168075562,1.1300510168075562,1.1373519897460938,15307993.0,1.0879509449005127,1.0829119682312012
2022-03-09 00:00:00,1.186007022857666,1.186007022857666,1.2418110370635986,20513417.0,1.1303009986877441,1.128890037536621
2022-03-10 00:00:00,1.1707719564437866,1.1707719564437866,1.1908539533615112,23726230.0,1.1859660148620605,1.0822750329971313
2022-03-11 00:00:00,1.1191550493240356,1.1191550493240356,1.1720750331878662,19375624.0,1.1708470582962036,1.1120049953460693
2022-03-12 00:00:00,1.1207120418548584,1.1207120418548584,1.1419709920883179,15357730.0,1.1189429759979248,1.1164770126342773
2022-03-13 00:00:00,1.0758030414581299,1.0758030414581299,1.1416889429092407,12567897.0,1.1204420328140259,1.0720059871673584
2022-03-14 00:00:00,1.1415259838104248,1.1415259838104248,1.1415259838104248,14467074.0,1.0757739543914795,1.0660300254821777
2022-03-15 00:00:00,1.1336569786071777,1.1336569786071777,1.1542600393295288,15495067.0,1.141198992729187,1.1098339557647705
2022-03-16 00:00:00,1.1820670366287231,1.1820670366287231,1.1883920431137085,22884076.0,1.1335639953613281,1.1149990558624268
2022-03-17 00:00:00,1.1779279708862305,1.1779279708862305,1.199265956878662,16418832.0,1.1819299459457397,1.1609859466552734
2022-03-18 00:00:00,1.2147120237350464,1.2147120237350464,1.2163350582122803,12801016.0,1.1777689456939697,1.1507010459899902
2022-03-19 00:00:00,1.2813570499420166,1.2813570499420166,1.3048499822616577,15534468.0,1.2145509719848633,1.2139639854431152
2022-03-20 00:00:00,1.196524977684021,1.196524977684021,1.2862859964370728,12043206.0,1.2816309928894043,1.1849919557571411
2022-03-21 00:00:00,1.2312049865722656,1.2312049865722656,1.265421986579895,13190624.0,1.1965090036392212,1.173097014427185
2022-03-22 00:00:00,1.2629050016403198,1.2629050016403198,1.2969239950180054,16741816.0,1.2310210466384888,1.2244709730148315
2022-03-23 00:00:00,1.3240770101547241,1.3240770101547241,1.3256570100784302,13850267.0,1.2630549669265747,1.2520500421524048
2022-03-24 00:00:00,1.3478339910507202,1.3478339910507202,1.3496840000152588,14434759.0,1.323999047279358,1.3023200035095215
2022-03-25 00:00:00,1.2818169593811035,1.2818169593811035,1.3568209409713745,8831038.0,1.347890019416809,1.2703850269317627
2022-03-26 00:00:00,1.3392080068588257,1.3392080068588257,1.3409479856491089,7562464.0,1.28200101852417,1.2796070575714111
2022-03-27 00:00:00,1.438423991203308,1.438423991203308,1.4404330253601074,12926209.0,1.3393199443817139,1.338399052619934
2022-03-28 00:00:00,1.3649970293045044,1.3649970293045044,1.4627020359039307,14197267.0,1.4387129545211792,1.3636950254440308
2022-03-29 00:00:00,1.3828860521316528,1.3828860521316528,1.436830997467041,11026227.0,1.3635339736938477,1.3579790592193604
2022-03-30 00:00:00,1.3823479413986206,1.3823479413986206,1.4037309885025024,11552227.0,1.3826420307159424,1.3462519645690918
2022-03-31 00:00:00,1.5157229900360107,1.5157229900360107,1.7334239482879639,63646435.0,1.3825570344924927,1.3819350004196167
2022-04-01 00:00:00,1.5392290353775024,1.5392290353775024,1.6015069484710693,42163373.0,1.5163309574127197,1.4779620170593262
2022-04-02 00:00:00,1.4970979690551758,1.4970979690551758,1.6121690273284912,21215200.0,1.538930058479309,1.4970979690551758
2022-04-03 00:00:00,1.5240960121154785,1.5240960121154785,1.5485899448394775,15444793.0,1.4969099760055542,1.4711110591888428
2022-04-04 00:00:00,1.5000419616699219,1.5000419616699219,1.5243990421295166,17384481.0,1.5239180326461792,1.4269219636917114
2022-04-05 00:00:00,1.4558370113372803,1.4558370113372803,1.5516619682312012,14550873.0,1.5000859498977661,1.4550399780273438
2022-04-06 00:00:00,1.2655290365219116,1.2655290365219116,1.456065058708191,13648423.0,1.455265998840332,1.2655290365219116
2022-04-07 00:00:00,1.4346569776535034,1.4346569776535034,1.685086965560913,94649700.0,1.2655260562896729,1.239456057548523
2022-04-08 00:00:00,1.3138099908828735,1.3138099908828735,1.4798040390014648,34228161.0,1.4351569414138794,1.2979880571365356
2022-04-09 00:00:00,1.3380320072174072,1.3380320072174072,1.3466720581054688,17245066.0,1.3127529621124268,1.286041021347046
2022-04-10 00:00:00,1.2853000164031982,1.2853000164031982,1.3483829498291016,11541204.0,1.3380440473556519,1.2811390161514282
2022-04-11 00:00:00,1.1759710311889648,1.1759710311889648,1.2951109409332275,15623534.0,1.285038948059082,1.1695799827575684
2022-04-12 00:00:00,1.265360951423645,1.265360951423645,1.275089979171753,14447876.0,1.1751110553741455,1.1744530200958252
2022-04-13 00:00:00,1.2972359657287598,1.2972359657287598,1.2994450330734253,12064942.0,1.2651519775390625,1.2432149648666382
2022-04-14 00:00:00,1.2737109661102295,1.2737109661102295,1.3296810388565063,10548056.0,1.2966680526733398,1.2496060132980347
2022-04-15 00:00:00,1.3199009895324707,1.3199009895324707,1.3346940279006958,13771237.0,1.2732139825820923,1.2726860046386719
2022-04-16 00:00:00,1.3455159664154053,1.3455159664154053,1.354086995124817,12361741.0,1.3196070194244385,1.3161230087280273
2022-04-17 00:00:00,1.250838041305542,1.250838041305542,1.3508379459381104,10846213.0,1.345088005065918,1.2486640214920044
2022-04-18 00:00:00,1.2685680389404297,1.2685680389404297,1.2707539796829224,14674897.0,1.2507879734039307,1.1931140422821045
2022-04-19 00:00:00,1.2867350578308105,1.2867350578308105,1.299646019935608,11152292.0,1.2686690092086792,1.259611964225769
2022-04-20 00:00:00,1.2141610383987427,1.2141610383987427,1.2965680360794067,11610083.0,1.2868249416351318,1.2092180252075195
2022-04-21 00:00:00,1.1586339473724365,1.1586339473724365,1.2366880178451538,14596706.0,1.2140380144119263,1.1479990482330322
2022-04-22 00:00:00,1.1874630451202393,1.1874630451202393,1.3542499542236328,45072621.0,1.1593199968338013,1.151489019393921
2022-04-23 00:00:00,1.2553550004959106,1.2553550004959106,1.2757879495620728,25908452.0,1.1873019933700562,1.1758790016174316
2022-04-24 00:00:00,1.2026389837265015,1.2026389837265015,1.268062949180603,14613359.0,1.2559130191802979,1.199470043182373
2022-04-25 00:00:00,1.1709669828414917,1.1709669828414917,1.2040499448776245,18254019.0,1.2028779983520508,1.0953190326690674
2022-04-26 00:00:00,1.0929640531539917,1.0929640531539917,1.190073013305664,10433869.0,1.1709270477294922,1.0833189487457275
2022-04-27 00:00:00,1.143399953842163,1.143399953842163,1.1501630544662476,11296670.0,1.0935659408569336,1.0935289859771729
2022-04-28 00:00:00,1.1236729621887207,1.1236729621887207,1.1579220294952393,13177245.0,1.1429409980773926,1.1122479438781738
2022-04-29 00:00:00,1.0674519538879395,1.0674519538879395,1.139822006225586,10840178.0,1.1236399412155151,1.062917947769165
2022-04-30 00:00:00,0.9916189908981323,0.9916189908981323,1.084373950958252,11780964.0,1.067352056503296,0.9753509759902954
2022-05-01 00:00:00,1.0684230327606201,1.0684230327606201,1.0727390050888062,11349923.0,0.9915069937705994,0.9889860153198242
2022-05-02 00:00:00,1.0470659732818604,1.0470659732818604,1.0814800262451172,12319587.0,1.0683690309524536,1.014822006225586
2022-05-03 00:00:00,1.0351120233535767,1.0351120233535767,1.099539041519165,16698199.0,1.0465550422668457,1.0101410150527954
2022-05-04 00:00:00,1.1135040521621704,1.1135040521621704,1.1206010580062866,16561294.0,1.0318729877471924,1.0288100242614746
2022-05-05 00:00:00,0.9965789914131165,0.9965789914131165,1.1179800033569336,13555501.0,1.1135879755020142,0.9694179892539978
2022-05-06 00:00:00,0.9897410273551941,0.9897410273551941,1.001518964767456,9441132.0,0.9968690276145935,0.9587129950523376
2022-05-07 00:00:00,0.9515460133552551,0.9515460133552551,0.9941980242729187,11374811.0,0.989611029624939,0.9371190071105957
2022-05-08 00:00:00,0.9481890201568604,0.9481890201568604,0.9732789993286133,12981371.0,0.9513459801673889,0.9318940043449402
2022-05-09 00:00:00,0.860493004322052,0.860493004322052,0.9703940153121948,18687376.0,0.9481729865074158,0.8588629961013794
2022-05-10 00:00:00,0.9143319725990295,0.9143319725990295,0.9732779860496521,17016584.0,0.8615480065345764,0.8492270112037659
2022-05-11 00:00:00,0.7966489791870117,0.7966489791870117,0.9350690245628357,17552503.0,0.9137750267982483,0.7726820111274719
2022-05-12 00:00:00,0.7989389896392822,0.7989389896392822,0.8508239984512329,16666404.0,0.7965490221977234,0.7162140011787415
2022-05-13 00:00:00,0.8192750215530396,0.8192750215530396,0.9025989770889282,10141530.0,0.7991819977760315,0.7909960150718689
2022-05-14 00:00:00,0.8247619867324829,0.8247619867324829,0.8645730018615723,10526847.0,0.8191360235214233,0.7663159966468811
2022-05-15 00:00:00,0.8315380215644836,0.8315380215644836,0.8319399952888489,10085528.0,0.8245059847831726,0.7866690158843994
2022-05-16 00:00:00,0.7588649988174438,0.7588649988174438,0.8315709829330444,10952579.0,0.8315709829330444,0.7475680112838745
2022-05-17 00:00:00,0.8169609904289246,0.8169609904289246,0.8264260292053223,8868003.0,0.7589229941368103,0.756829023361206
2022-05-18 00:00:00,0.7454220056533813,0.7454220056533813,0.8170469999313354,10334407.0,0.8170469999313354,0.7448999881744385
2022-05-19 00:00:00,0.8212929964065552,0.8212929964065552,0.8313339948654175,9325323.0,0.7457489967346191,0.7365779876708984
2022-05-20 00:00:00,0.7937859892845154,0.7937859892845154,0.8285040259361267,8141690.0,0.8212940096855164,0.7748399972915649
2022-05-21 00:00:00,0.8516730070114136,0.8516730070114136,0.8576920032501221,10261099.0,0.7937769889831543,0.7857990264892578
2022-05-22 00:00:00,0.8354679942131042,0.8354679942131042,0.856016993522644,8850929.0,0.8515989780426025,0.8080909848213196
2022-05-23 00:00:00,0.7694330215454102,0.7694330215454102,0.8687819838523865,9228062.0,0.835349977016449,0.7652570009231567
2022-05-24 00:00:00,0.816012978553772,0.816012978553772,0.8237850069999695,9860537.0,0.769540011882782,0.7655019760131836
2022-05-25 00:00:00,0.7932440042495728,0.7932440042495728,0.8206869959831238,7997786.0,0.8160210251808167,0.7890650033950806
2022-05-26 00:00:00,0.7854520082473755,0.7854520082473755,0.8043109774589539,8522940.0,0.7933130264282227,0.7572339773178101
2022-05-27 00:00:00,0.7798060178756714,0.7798060178756714,0.8179849982261658,10516606.0,0.784857988357544,0.7582079768180847
2022-05-28 00:00:00,0.8080080151557922,0.8080080151557922,0.8104400038719177,8478749.0,0.7795159816741943,0.7620059847831726
2022-05-29 00:00:00,0.8446509838104248,0.8446509838104248,0.8458120226860046,9379011.0,0.8085560202598572,0.8036379814147949
2022-05-30 00:00:00,0.8812119960784912,0.8812119960784912,0.8870760202407837,14201300.0,0.8445479869842529,0.8396810293197632
2022-05-31 00:00:00,0.8969990015029907,0.8969990015029907,0.9210699796676636,10317198.0,0.8811920285224915,0.866221010684967
2022-06-01 00:00:00,0.7997140288352966,0.7997140288352966,0.9024279713630676,11210168.0,0.8973230123519897,0.7948229908943176
2022-06-02 00:00:00,0.8059210181236267,0.8059210181236267,0.8122490048408508,7077615.0,0.7995659708976746,0.7859100103378296
2022-06-03 00:00:00,0.7888739705085754,0.7888739705085754,0.8086879849433899,7254315.0,0.8058239817619324,0.7795220017433167
2022-06-04 00:00:00,0.7923650145530701,0.7923650145530701,0.7985119819641113,6048252.0,0.7889310121536255,0.783482015132904
2022-06-05 00:00:00,0.7970709800720215,0.7970709800720215,0.8049579858779907,7271223.0,0.7923110127449036,0.7831429839134216
2022-06-06 00:00:00,0.8096699714660645,0.8096699714660645,0.8245490193367004,9337887.0,0.7975599765777588,0.7952880263328552
2022-06-07 00:00:00,0.8151170015335083,0.8151170015335083,0.8273580074310303,10685084.0,0.8096010088920593,0.7703250050544739
2022-06-08 00:00:00,0.8337240219116211,0.8337240219116211,0.8449599742889404,9605925.0,0.8152549862861633,0.8079509735107422
2022-06-09 00:00:00,0.8520820140838623,0.8520820140838623,0.8739140033721924,34096677.0,0.8340579867362976,0.823747992515564
2022-06-10 00:00:00,0.7841870188713074,0.7841870188713074,0.8523759841918945,7945198.0,0.8522710204124451,0.7841870188713074
2022-06-11 00:00:00,0.7655619978904724,0.7655619978904724,0.7977330088615417,9275355.0,0.7843040227890015,0.7599290013313293
2022-06-12 00:00:00,0.8335149884223938,0.8335149884223938,0.8558570146560669,12896480.0,0.7657859921455383,0.7342050075531006
2022-06-13 00:00:00,0.7734130024909973,0.7734130024909973,0.9311209917068481,37187692.0,0.8360450267791748,0.7349290251731873
2022-06-14 00:00:00,0.8201940059661865,0.8201940059661865,0.820356011390686,14057854.0,0.7734040021896362,0.7498559951782227
2022-06-15 00:00:00,0.8168020248413086,0.8168020248413086,0.8198410272598267,9934490.0,0.819445013999939,0.7553629875183105
2022-06-16 00:00:00,0.7844499945640564,0.7844499945640564,0.8184069991111755,8291438.0,0.8166249990463257,0.763401985168457
2022-06-17 00:00:00,0.7649409770965576,0.7649409770965576,0.7875639796257019,9062613.0,0.7846419811248779,0.7648460268974304
2022-06-18 00:00:00,0.7959470152854919,0.7959470152854919,0.8064979910850525,8594930.0,0.7651000022888184,0.7287390232086182
2022-06-19 00:00:00,0.8088600039482117,0.8088600039482117,0.8263180255889893,11625833.0,0.7964940071105957,0.786063015460968
2022-06-20 00:00:00,0.8001160025596619,0.8001160025596619,0.8184419870376587,9358397.0,0.8088619709014893,0.7834439873695374
2022-06-21 00:00:00,0.8099250197410583,0.8099250197410583,0.8417620062828064,7882132.0,0.7999969720840454,0.7926499843597412
2022-06-22 00:00:00,0.7780789732933044,0.7780789732933044,0.8107089996337891,6194219.0,0.8101119995117188,0.7746170163154602
2022-06-23 00:00:00,0.8513180017471313,0.8513180017471313,0.8517820239067078,8335700.0,0.7780600190162659,0.7770519852638245
2022-06-24 00:00:00,0.8612490296363831,0.8612490296363831,0.869674026966095,9136706.0,0.8511940240859985,0.831404983997345
2022-06-25 00:00:00,0.8604450225830078,0.8604450225830078,0.8734840154647827,7113605.0,0.8615670204162598,0.8309040069580078
2022-06-26 00:00:00,0.8103640079498291,0.8103640079498291,0.8682460188865662,8476346.0,0.8603399991989136,0.8099499940872192
2022-06-27 00:00:00,0.8040930032730103,0.8040930032730103,0.834077000617981,6648136.0,0.8103510141372681,0.7986819744110107
2022-06-28 00:00:00,0.7733489871025085,0.7733489871025085,0.8073139786720276,6267091.0,0.8040339946746826,0.7712990045547485
2022-06-29 00:00:00,0.7795119881629944,0.7795119881629944,0.7891910076141357,6201611.0,0.7733100056648254,0.7646070122718811
2022-06-30 00:00:00,0.8142960071563721,0.8142960071563721,0.8162360191345215,9384371.0,0.7800120115280151,0.7485979795455933
2022-07-01 00:00:00,0.7957590222358704,0.7957590222358704,0.8188660144805908,9602949.0,0.8082730174064636,0.772832989692688
2022-07-02 00:00:00,0.8083660006523132,0.8083660006523132,0.8147410154342651,7218037.0,0.7962539792060852,0.7863789796829224
2022-07-03 00:00:00,0.7990850210189819,0.7990850210189819,0.8113769888877869,8034104.0,0.8083710074424744,0.7888039946556091
2022-07-04 00:00:00,0.8063470125198364,0.8063470125198364,0.8078320026397705,5799351.0,0.7991390228271484,0.7835320234298706
2022-07-05 00:00:00,0.7849410176277161,0.7849410176277161,0.8101980090141296,6956352.0,0.8063009977340698,0.7764719724655151
2022-07-06 00:00:00,0.885155975818634,0.885155975818634,0.8862519860267639,31545221.0,0.7851539850234985,0.7785750031471252
2022-07-07 00:00:00,0.8907210230827332,0.8907210230827332,0.9020249843597412,10433796.0,0.8849279880523682,0.8726779818534851
2022-07-08 00:00:00,0.8527889847755432,0.8527889847755432,0.8935350179672241,9824152.0,0.8906440138816833,0.8462389707565308
2022-07-09 00:00:00,0.8514530062675476,0.8514530062675476,0.8598380088806152,5900251.0,0.8526939749717712,0.8425660133361816
2022-07-10 00:00:00,0.808489978313446,0.808489978313446,0.8518919944763184,5531836.0,0.8514419794082642,0.807017982006073
2022-07-11 00:00:00,0.7723050117492676,0.7723050117492676,0.8087430000305176,5844683.0,0.8083789944648743,0.7714719772338867
2022-07-12 00:00:00,0.7641289830207825,0.7641289830207825,0.7816470265388489,6352120.0,0.7723640203475952,0.7634570002555847
2022-07-13 00:00:00,0.7827720046043396,0.7827720046043396,0.7827720046043396,6231154.0,0.7641350030899048,0.7486960291862488
2022-07-14 00:00:00,0.7981560230255127,0.7981560230255127,0.799534022808075,7331509.0,0.782958984375,0.7728400230407715
2022-07-15 00:00:00,0.777804970741272,0.777804970741272,0.8034840226173401,10337688.0,0.7982109785079956,0.7773659825325012
2022-07-16 00:00:00,0.7859209775924683,0.7859209775924683,0.7875109910964966,6967947.0,0.7776970267295837,0.7659339904785156
2022-07-17 00:00:00,0.7791979908943176,0.7791979908943176,0.7953720092773438,6557526.0,0.7860140204429626,0.7789639830589294
2022-07-18 00:00:00,0.8335930109024048,0.8335930109024048,0.8335930109024048,12151113.0,0.7784690260887146,0.7778390049934387
2022-07-19 00:00:00,0.8333020210266113,0.8333020210266113,0.8444510102272034,8856887.0,0.8321160078048706,0.8113340139389038
2022-07-20 00:00:00,0.7793890237808228,0.7793890237808228,0.8500760197639465,8672665.0,0.8333950042724609,0.7749850153923035
2022-07-21 00:00:00,0.7885760068893433,0.7885760068893433,0.7935580015182495,8673103.0,0.7791579961776733,0.7574629783630371
2022-07-22 00:00:00,0.7742159962654114,0.7742159962654114,0.8143349885940552,8238317.0,0.788532018661499,0.7685279846191406
2022-07-23 00:00:00,0.7842090129852295,0.7842090129852295,0.7897409796714783,7384292.0,0.7738379836082458,0.7619100213050842
2022-07-24 00:00:00,0.781823992729187,0.781823992729187,0.7947829961776733,8369479.0,0.7844539880752563,0.7778000235557556
2022-07-25 00:00:00,0.8098139762878418,0.8098139762878418,0.8470370173454285,18304917.0,0.7818179726600647,0.7601370215415955
2022-07-26 00:00:00,0.8488849997520447,0.8488849997520447,0.8501200079917908,19432021.0,0.8078200221061707,0.7923750281333923
2022-07-27 00:00:00,0.8349720239639282,0.8349720239639282,0.8485910296440125,14878313.0,0.8485910296440125,0.7970759868621826
2022-07-28 00:00:00,0.8832100033760071,0.8832100033760071,0.9136260151863098,18134171.0,0.8351659774780273,0.8255119919776917
2022-07-29 00:00:00,0.8871949911117554,0.8871949911117554,0.9418740272521973,17609954.0,0.883683979511261,0.8631010055541992
2022-07-30 00:00:00,1.0608019828796387,1.0608019828796387,1.1789599657058716,57338899.0,0.8873260021209717,0.8698210120201111
2022-07-31 00:00:00,0.9900239706039429,0.9900239706039429,1.0889019966125488,27420216.0,1.0611259937286377,0.9805009961128235
2022-08-01 00:00:00,1.0834540128707886,1.0834540128707886,1.0993939638137817,16092284.0,0.9897350072860718,0.9878680109977722
2022-08-02 00:00:00,1.2191270589828491,1.2191270589828491,1.2826930284500122,38545421.0,1.0833690166473389,1.0331029891967773
2022-08-03 00:00:00,1.1275570392608643,1.1275570392608643,1.2233459949493408,22788816.0,1.2196589708328247,1.1145620346069336
2022-08-04 00:00:00,1.2209700345993042,1.2209700345993042,1.22940194606781,14099169.0,1.12778902053833,1.126749038696289
2022-08-05 00:00:00,1.1552050113677979,1.1552050113677979,1.2376190423965454,9089686.0,1.2202650308609009,1.1332670450210571
2022-08-06 00:00:00,1.1808279752731323,1.1808279752731323,1.206055998802185,7963231.0,1.1550220251083374,1.142428994178772
2022-08-07 00:00:00,1.1196039915084839,1.1196039915084839,1.2036370038986206,7511509.0,1.1810179948806763,1.1196039915084839
2022-08-08 00:00:00,1.0888060331344604,1.0888060331344604,1.151906967163086,9026420.0,1.1195969581604004,1.08057701587677
2022-08-09 00:00:00,1.0262550115585327,1.0262550115585327,1.1037009954452515,7911529.0,1.089048981666565,1.0112849473953247
2022-08-10 00:00:00,1.0496939420700073,1.0496939420700073,1.0579910278320312,7550678.0,1.0265719890594482,0.9901660084724426
2022-08-11 00:00:00,0.9985690116882324,0.9985690116882324,1.0762989521026611,7715554.0,1.0492719411849976,0.9902889728546143
2022-08-12 00:00:00,1.0125869512557983,1.0125869512557983,1.015570044517517,5477989.0,0.9986029863357544,0.9797359704971313
2022-08-13 00:00:00,0.9918140172958374,0.9918140172958374,1.021530032157898,4252836.0,1.0129350423812866,0.9824650287628174
2022-08-14 00:00:00,0.9351149797439575,0.9351149797439575,1.02777099609375,8710784.0,0.9923009872436523,0.9279299974441528
2022-08-15 00:00:00,0.9471359848976135,0.9471359848976135,0.9671540260314941,5440411.0,0.9351760149002075,0.9276059865951538
2022-08-16 00:00:00,0.967087984085083,0.967087984085083,0.9763079881668091,4192862.0,0.9462360143661499,0.9354820251464844
2022-08-17 00:00:00,0.9110860228538513,0.9110860228538513,0.9898419976234436,4546314.0,0.9670150279998779,0.9045860171318054
2022-08-18 00:00:00,0.8869010210037231,0.8869010210037231,0.9350420236587524,3986627.0,0.9113889932632446,0.8787729740142822
2022-08-19 00:00:00,0.8465759754180908,0.8465759754180908,0.8866469860076904,7789137.0,0.8866140246391296,0.8209810256958008
2022-08-20 00:00:00,0.8499230146408081,0.8499230146408081,0.8722289800643921,2689948.0,0.8462870121002197,0.82504802942276
2022-08-21 00:00:00,0.8798019886016846,0.8798019886016846,0.8863300085067749,2236887.0,0.849789023399353,0.8459179997444153
2022-08-22 00:00:00,0.8557429909706116,0.8557429909706116,0.8795760273933411,2353433.0,0.8795760273933411,0.8223170042037964
2022-08-23 00:00:00,0.8911460041999817,0.8911460041999817,0.8932049870491028,2345239.0,0.8566960096359253,0.8403480052947998
2022-08-24 00:00:00,0.8894169926643372,0.8894169926643372,0.9301660060882568,4876227.0,0.8912490010261536,0.8780080080032349
2022-08-25 00:00:00,0.9244170188903809,0.9244170188903809,0.9321920275688171,2809554.0,0.8895469903945923,0.8895469903945923
2022-08-26 00:00:00,0.9197909832000732,0.9197909832000732,0.9588220119476318,8430291.0,0.9247109889984131,0.874987006187439
2022-08-27 00:00:00,0.8401950001716614,0.8401950001716614,1.126531958580017,32565338.0,0.9208970069885254,0.838388979434967
2022-08-28 00:00:00,0.8377929925918579,0.8377929925918579,0.8626000285148621,3940458.0,0.8405579924583435,0.8374860286712646
2022-08-29 00:00:00,0.9516140222549438,0.9516140222549438,0.9802049994468689,19858954.0,0.8377259969711304,0.833283007144928
2022-08-30 00:00:00,0.9907839894294739,0.9907839894294739,1.0089139938354492,9577448.0,0.9514899849891663,0.9273020029067993
2022-08-31 00:00:00,0.9118499755859375,0.9118499755859375,1.0063509941101074,5185035.0,0.9913309812545776,0.9106749892234802
2022-09-01 00:00:00,0.9775940179824829,0.9775940179824829,0.9914090037345886,6492485.0,0.9118099808692932,0.8881549835205078
2022-09-02 00:00:00,1.0043840408325195,1.0043840408325195,1.0104769468307495,5902529.0,0.9773380160331726,0.9421210289001465
2022-09-03 00:00:00,1.0157899856567383,1.0157899856567383,1.0346390008926392,6584220.0,1.0046420097351074,0.9901109933853149
2022-09-04 00:00:00,0.9808840155601501,0.9808840155601501,1.035140037536621,3692095.0,1.0157710313796997,0.9688090085983276
2022-09-05 00:00:00,1.0590250492095947,1.0590250492095947,1.0686359405517578,6447210.0,0.9813500046730042,0.9772250056266785
2022-09-06 00:00:00,0.9426620006561279,0.9426620006561279,1.0585639476776123,7040525.0,1.0585639476776123,0.9366909861564636
2022-09-07 00:00:00,1.0499860048294067,1.0499860048294067,1.0768380165100098,8543045.0,0.942762017250061,0.9416850209236145
2022-09-08 00:00:00,1.0370789766311646,1.0370789766311646,1.054218053817749,4771557.0,1.0499039888381958,0.9965770244598389
2022-09-09 00:00:00,1.039963960647583,1.039963960647583,1.069430947303772,5159107.0,1.036991000175476,1.0292370319366455
2022-09-10 00:00:00,1.0300019979476929,1.0300019979476929,1.0563249588012695,3893210.0,1.0399090051651,1.0129300355911255
2022-09-11 00:00:00,1.0229400396347046,1.0229400396347046,1.0527549982070923,3512853.0,1.0298399925231934,1.0052200555801392
2022-09-12 00:00:00,1.0088549852371216,1.0088549852371216,1.0398590564727783,3771216.0,1.02298104763031,0.9956560134887695
2022-09-13 00:00:00,0.9205139875411987,0.9205139875411987,1.0095720291137695,5877015.0,1.0088560581207275,0.9119539856910706
2022-09-14 00:00:00,0.9286659955978394,0.9286659955978394,0.9305030107498169,4020661.0,0.921006977558136,0.8983989953994751
2022-09-15 00:00:00,0.9157909750938416,0.9157909750938416,0.9404690265655518,3105234.0,0.9287099838256836,0.8961269855499268
2022-09-16 00:00:00,0.9299629926681519,0.9299629926681519,0.9370480179786682,2767334.0,0.9161990284919739,0.9070680141448975
2022-09-17 00:00:00,0.9468269944190979,0.9468269944190979,0.9505620002746582,2137013.0,0.9301930069923401,0.9298160076141357
2022-09-18 00:00:00,0.8655999898910522,0.8655999898910522,0.9629349708557129,4415652.0,0.9469850063323975,0.8654289841651917
2022-09-19 00:00:00,0.8969770073890686,0.8969770073890686,0.9006100296974182,4976108.0,0.8654839992523193,0.8481389880180359
2022-09-20 00:00:00,0.8828110098838806,0.8828110098838806,0.9017300009727478,3657350.0,0.8965719938278198,0.8707799911499023
2022-09-21 00:00:00,0.870868980884552,0.870868980884552,0.9086899757385254,5605677.0,0.8827790021896362,0.8577370047569275
2022-09-22 00:00:00,0.900771975517273,0.900771975517273,0.9026560187339783,3927840.0,0.8697199821472168,0.8669120073318481
2022-09-23 00:00:00,0.8936229944229126,0.8936229944229126,0.9105510115623474,3737708.0,0.9002079963684082,0.8626319766044617
2022-09-24 00:00:00,0.8770769834518433,0.8770769834518433,0.904013991355896,2626325.0,0.8937519788742065,0.8751580119132996
2022-09-25 00:00:00,0.8675190210342407,0.8675190210342407,0.8896229863166809,2501504.0,0.8771100044250488,0.8587989807128906
2022-09-26 00:00:00,0.8677409887313843,0.8677409887313843,0.871936023235321,2716340.0,0.8676769733428955,0.8420550227165222
2022-09-27 00:00:00,0.8659330010414124,0.8659330010414124,0.8975489735603333,2644557.0,0.8676660060882568,0.8546890020370483
2022-09-28 08:57:00,0.8390044569969177,0.8390044569969177,0.8703848719596863,2764872.0,0.8655697703361511,0.8351856470108032
