timestamp,adjclose,open,high,volume,low,close
2021-08-04 00:00:00,1.0958750247955322,3.0174360275268555,3.3671369552612305,25321752,1.0958750247955322,1.0958750247955322
2021-08-05 00:00:00,0.877219021320343,1.0944180488586426,1.1078009605407715,17509462,0.7725260257720947,0.877219021320343
2021-08-06 00:00:00,0.8133909702301025,0.881164014339447,0.8883699774742126,6962924,0.7760030031204224,0.8133909702301025
2021-08-07 00:00:00,0.8371649980545044,0.8130000233650208,0.8469520211219788,7608308,0.7520009875297546,0.8371649980545044
2021-08-08 00:00:00,0.7943140268325806,0.8370569944381714,0.87848299741745,5867737,0.767283022403717,0.7943140268325806
2021-08-09 00:00:00,0.879613995552063,0.7944830060005188,0.8932409882545471,8064913,0.7906439900398254,0.879613995552063
2021-08-10 00:00:00,1.1476629972457886,0.8794199824333191,1.1799930334091187,19914357,0.8433730006217957,1.1476629972457886
2021-08-11 00:00:00,1.3008919954299927,1.1452100276947021,1.3469640016555786,21277229,1.1441019773483276,1.3008919954299927
2021-08-12 00:00:00,1.1614990234375,1.2979810237884521,1.401278018951416,15706246,1.1060810089111328,1.1614990234375
2021-08-13 00:00:00,1.3857519626617432,1.162269949913025,1.422063946723938,14744707,1.1353460550308228,1.3857519626617432
2021-08-14 00:00:00,1.6495980024337769,1.3870160579681396,1.8671289682388306,39334097,1.358672022819519,1.6495980024337769
2021-08-15 00:00:00,1.6140309572219849,1.6499090194702148,1.6955540180206299,22770354,1.4019500017166138,1.6140309572219849
2021-08-16 00:00:00,1.4272990226745605,1.6041970252990723,1.6287699937820435,16820650,1.4133780002593994,1.4272990226745605
2021-08-17 00:00:00,1.2082220315933228,1.4276189804077148,1.4554760456085205,13750752,1.2082220315933228,1.2082220315933228
2021-08-18 00:00:00,1.20134699344635,1.2077759504318237,1.2915509939193726,10466768,1.1621710062026978,1.20134699344635
2021-08-19 00:00:00,1.2246479988098145,1.1983660459518433,1.2853820323944092,9114135,1.1292129755020142,1.2246479988098145
2021-08-20 00:00:00,1.3858389854431152,1.2250399589538574,1.5259920358657837,14974465,1.2250399589538574,1.3858389854431152
2021-08-21 00:00:00,1.4014910459518433,1.3879289627075195,1.5048569440841675,12113904,1.354369044303894,1.4014910459518433
2021-08-22 00:00:00,1.372567057609558,1.401002049446106,1.4260400533676147,8254652,1.3113479614257812,1.372567057609558
2021-08-23 00:00:00,1.439532995223999,1.3741639852523804,1.4817399978637695,11499809,1.3341350555419922,1.439532995223999
2021-08-24 00:00:00,1.3557360172271729,1.439998984336853,1.4812419414520264,13339608,1.316964030265808,1.3557360172271729
2021-08-25 00:00:00,1.4257190227508545,1.3543130159378052,1.4407069683074951,12748904,1.2506279945373535,1.4257190227508545
2021-08-26 00:00:00,1.4286630153656006,1.4277310371398926,1.5877259969711304,19796578,1.349032998085022,1.4286630153656006
2021-08-27 00:00:00,1.4563930034637451,1.4262499809265137,1.4723939895629883,11243830,1.3745720386505127,1.4563930034637451
2021-08-28 00:00:00,1.4407819509506226,1.4594420194625854,1.5287359952926636,11594075,1.4141969680786133,1.4407819509506226
2021-08-29 00:00:00,1.4088959693908691,1.4365630149841309,1.4973139762878418,10684874,1.394968032836914,1.4088959693908691
2021-08-30 00:00:00,1.3078930377960205,1.408911943435669,1.408911943435669,10067438,1.3029439449310303,1.3078930377960205
2021-08-31 00:00:00,1.289849042892456,1.3076250553131104,1.3507360219955444,9038822,1.2551130056381226,1.289849042892456
2021-09-01 00:00:00,1.2776180505752563,1.2897069454193115,1.2930289506912231,7897557,1.2057089805603027,1.2776180505752563
2021-09-02 00:00:00,1.2604680061340332,1.2783069610595703,1.303475022315979,8035867,1.2373969554901123,1.2604680061340332
2021-09-03 00:00:00,1.1672860383987427,1.2602649927139282,1.2628580331802368,9139333,1.1667640209197998,1.1672860383987427
2021-09-04 00:00:00,1.1032530069351196,1.1668059825897217,1.1758309602737427,12862253,1.0893919467926025,1.1032530069351196
2021-09-05 00:00:00,1.06883704662323,1.1029889583587646,1.11627197265625,10007466,1.0418180227279663,1.06883704662323
2021-09-06 00:00:00,1.0668569803237915,1.0657789707183838,1.0994230508804321,10830531,1.0202959775924683,1.0668569803237915
2021-09-07 00:00:00,0.8769950270652771,1.0629839897155762,1.0629839897155762,12863759,0.816582977771759,0.8769950270652771
2021-09-08 00:00:00,0.9633439779281616,0.8768119812011719,0.9979029893875122,9451198,0.8625440001487732,0.9633439779281616
2021-09-09 00:00:00,0.9249770045280457,0.9528340101242065,0.9907320141792297,5916303,0.9208049774169922,0.9249770045280457
2021-09-10 00:00:00,0.8960260152816772,0.9248200058937073,0.9523959755897522,5799505,0.8761739730834961,0.8960260152816772
2021-09-11 00:00:00,0.906237006187439,0.8960930109024048,0.9228640198707581,4677624,0.8960930109024048,0.906237006187439
2021-09-12 00:00:00,0.8869439959526062,0.9061949849128723,0.9384649991989136,6579843,0.8555780053138733,0.8869439959526062
2021-09-13 00:00:00,0.8630989789962769,0.8866450190544128,0.8890659809112549,6894489,0.80526202917099,0.8630989789962769
2021-09-14 00:00:00,1.1359119415283203,0.8631010055541992,1.1760389804840088,13988304,0.8418030142784119,1.1359119415283203
2021-09-15 00:00:00,1.0886670351028442,1.135862946510315,1.1497290134429932,10066479,1.0092530250549316,1.0886670351028442
2021-09-16 00:00:00,1.0235340595245361,1.089068055152893,1.0903229713439941,6426524,1.0120600461959839,1.0235340595245361
2021-09-17 00:00:00,0.9837809801101685,1.0234969854354858,1.0588539838790894,9029680,0.9414209723472595,0.9837809801101685
2021-09-18 00:00:00,0.9656460285186768,0.9836779832839966,1.0125789642333984,5679937,0.9145650267601013,0.9656460285186768
2021-09-19 00:00:00,0.9444720149040222,0.9656620025634766,0.9672009944915771,4214814,0.9089000225067139,0.9444720149040222
2021-09-20 00:00:00,0.8118079900741577,0.9444490075111389,0.9444490075111389,6956516,0.8114759922027588,0.8118079900741577
2021-09-21 00:00:00,0.8086829781532288,0.8115779757499695,0.8896679878234863,7050942,0.7624239921569824,0.8086829781532288
2021-09-22 00:00:00,0.85419100522995,0.8092179894447327,0.9032920002937317,5609061,0.8013110160827637,0.85419100522995
2021-09-23 00:00:00,0.8629670143127441,0.8543210029602051,0.8842790126800537,6000136,0.8264920115470886,0.8629670143127441
2021-09-24 00:00:00,0.7882050275802612,0.8624569773674011,0.894648015499115,8739664,0.739808976650238,0.7882050275802612
2021-09-25 00:00:00,0.8237550258636475,0.7881119847297668,0.8413739800453186,5622551,0.775600016117096,0.8237550258636475
2021-09-26 00:00:00,0.7440059781074524,0.8242949843406677,0.826117992401123,7136988,0.7130709886550903,0.7440059781074524
2021-09-27 00:00:00,0.7329210042953491,0.7444900274276733,0.7732070088386536,6344972,0.7252560257911682,0.7329210042953491
2021-09-28 00:00:00,0.7784029841423035,0.7329170107841492,0.8017849922180176,7039589,0.7318180203437805,0.7784029841423035
2021-09-29 00:00:00,0.7506440281867981,0.7779300212860107,0.8460580110549927,7573221,0.7506279945373535,0.7506440281867981
2021-09-30 00:00:00,0.7832649946212769,0.750806987285614,0.8024529814720154,8249511,0.7453569769859314,0.7832649946212769
2021-10-01 00:00:00,0.8749359846115112,0.7832300066947937,0.8851569890975952,5517505,0.7653250098228455,0.8749359846115112
2021-10-02 00:00:00,0.8829929828643799,0.8751590251922607,0.9244070053100586,6155311,0.8546540141105652,0.8829929828643799
2021-10-03 00:00:00,0.8716949820518494,0.8827239871025085,0.9006540179252625,5208737,0.8423200249671936,0.8716949820518494
2021-10-04 00:00:00,0.7920219898223877,0.8716989755630493,0.8759130239486694,9843568,0.7836440205574036,0.7920219898223877
2021-10-05 00:00:00,0.8049190044403076,0.7919610142707825,0.8124920129776001,6229991,0.7855169773101807,0.8049190044403076
2021-10-06 00:00:00,0.8182229995727539,0.8049939870834351,0.8870739936828613,9325821,0.7788389921188354,0.8182229995727539
2021-10-07 00:00:00,0.8225610256195068,0.8183249831199646,0.8591910004615784,7696023,0.8073260188102722,0.8225610256195068
2021-10-08 00:00:00,0.7948340177536011,0.8225870132446289,0.8280079960823059,5951815,0.7943649888038635,0.7948340177536011
2021-10-09 00:00:00,0.7928329706192017,0.7948259711265564,0.8137189745903015,5188407,0.7796220183372498,0.7928329706192017
2021-10-10 00:00:00,0.7878890037536621,0.7927359938621521,0.811145007610321,4464365,0.7819640040397644,0.7878890037536621
2021-10-11 00:00:00,0.7674499750137329,0.7880229949951172,0.8027039766311646,4544570,0.7648299932479858,0.7674499750137329
2021-10-12 00:00:00,0.777055025100708,0.7674509882926941,0.777055025100708,3724008,0.7373160123825073,0.777055025100708
2021-10-13 00:00:00,0.8071370124816895,0.7771099805831909,0.8087959885597229,4705218,0.7383360266685486,0.8071370124816895
2021-10-14 00:00:00,0.8120999932289124,0.8075069785118103,0.840258002281189,5348192,0.7897520065307617,0.8120999932289124
2021-10-15 00:00:00,0.7957770228385925,0.8122400045394897,0.8272719979286194,5345402,0.7829890251159668,0.7957770228385925
2021-10-16 00:00:00,0.8006590008735657,0.795566976070404,0.8045560121536255,4656501,0.7827010154724121,0.8006590008735657
2021-10-17 00:00:00,0.7839369773864746,0.8006659746170044,0.8044000267982483,3585384,0.7738170027732849,0.7839369773864746
2021-10-18 00:00:00,0.7512080073356628,0.7840179800987244,0.784151017665863,3148713,0.7411699891090393,0.7512080073356628
2021-10-19 00:00:00,0.8119180202484131,0.7512940168380737,0.8241810202598572,5583687,0.7511590123176575,0.8119180202484131
2021-10-20 00:00:00,0.885001003742218,0.8115109801292419,0.888264000415802,6261365,0.8016080260276794,0.885001003742218
2021-10-21 00:00:00,0.8264229893684387,0.8849520087242126,0.8890209794044495,5344115,0.8186169862747192,0.8264229893684387
2021-10-22 00:00:00,0.850941002368927,0.8265119791030884,0.877593994140625,4115741,0.81836998462677,0.850941002368927
2021-10-23 00:00:00,0.894294023513794,0.8513020277023315,0.9002220034599304,3297564,0.8339560031890869,0.894294023513794
2021-10-24 00:00:00,0.8398709893226624,0.8941879868507385,0.909841001033783,3851531,0.823589026927948,0.8398709893226624
2021-10-25 00:00:00,0.8689690232276917,0.840133011341095,0.8903669714927673,5017366,0.8378859758377075,0.8689690232276917
2021-10-26 00:00:00,0.9062529802322388,0.8696619868278503,0.9386929869651794,6181881,0.8692780137062073,0.9062529802322388
2021-10-27 00:00:00,0.8352540135383606,0.9062780141830444,0.9194639921188354,7915957,0.8146719932556152,0.8352540135383606
2021-10-28 00:00:00,0.8538690209388733,0.8352969884872437,0.8602780103683472,6211805,0.8022770285606384,0.8538690209388733
2021-10-29 00:00:00,0.8163020014762878,0.8539519906044006,0.9833559989929199,15015690,0.8002700209617615,0.8163020014762878
2021-10-30 00:00:00,0.9459409713745117,0.8170869946479797,0.9534130096435547,20142017,0.7614709734916687,0.9459409713745117
2021-10-31 00:00:00,1.0505130290985107,0.9481620192527771,1.1914219856262207,47976867,0.8942909836769104,1.0505130290985107
2021-11-01 00:00:00,0.9478719830513,1.0503779649734497,1.0526870489120483,21610628,0.9017109870910645,0.9478719830513
2021-11-02 00:00:00,1.086611032485962,0.9479719996452332,1.1511139869689941,27264031,0.9435459971427917,1.086611032485962
2021-11-03 00:00:00,1.3677849769592285,1.0865999460220337,1.4305050373077393,53988455,1.086501955986023,1.3677849769592285
2021-11-04 00:00:00,1.486791968345642,1.368175983428955,1.6978650093078613,102364190,1.148682951927185,1.486791968345642
2021-11-05 00:00:00,1.45940101146698,1.4863040447235107,1.5408289432525635,49597977,1.3231680393218994,1.45940101146698
2021-11-06 00:00:00,1.6581339836120605,1.459298014640808,1.707824945449829,45135085,1.4080209732055664,1.6581339836120605
2021-11-07 00:00:00,1.6417089700698853,1.658653974533081,1.7499910593032837,47809290,1.5832500457763672,1.6417089700698853
2021-11-08 00:00:00,1.922441005706787,1.6443259716033936,2.116947889328003,57841146,1.5793490409851074,1.922441005706787
2021-11-09 00:00:00,1.8108439445495605,1.9244149923324585,2.030090093612671,53561607,1.7781519889831543,1.8108439445495605
2021-11-10 00:00:00,1.6098339557647705,1.8111189603805542,2.115341901779175,61485709,1.4700809717178345,1.6098339557647705
2021-11-11 00:00:00,1.5857800245285034,1.610213041305542,1.7060129642486572,38071303,1.5234830379486084,1.5857800245285034
2021-11-12 00:00:00,1.571969985961914,1.5837810039520264,1.7007230520248413,26626721,1.5097949504852295,1.571969985961914
2021-11-13 00:00:00,1.6395570039749146,1.5736839771270752,1.6570169925689697,16227879,1.5406240224838257,1.6395570039749146
2021-11-14 00:00:00,1.582921028137207,1.6370140314102173,1.6700390577316284,13932833,1.5417109727859497,1.582921028137207
2021-11-15 00:00:00,1.4314229488372803,1.5829099416732788,1.6194579601287842,19487275,1.3496819734573364,1.4314229488372803
2021-11-16 00:00:00,1.2408549785614014,1.4341579675674438,2.12379789352417,23799081,1.2403700351715088,1.2408549785614014
2021-11-17 00:00:00,1.4508990049362183,1.2407939434051514,1.5360300540924072,24954141,1.207137942314148,1.4508990049362183
2021-11-18 00:00:00,1.3065110445022583,1.4498039484024048,1.530696988105774,26469920,1.2628329992294312,1.3065110445022583
2021-11-19 00:00:00,1.560317039489746,1.3098889589309692,1.6032780408859253,32595697,1.2866510152816772,1.560317039489746
2021-11-20 00:00:00,1.6862950325012207,1.559965968132019,1.744027018547058,32167646,1.559965968132019,1.6862950325012207
2021-11-21 00:00:00,1.5965900421142578,1.6863980293273926,1.6869800090789795,19451999,1.5641319751739502,1.5965900421142578
2021-11-22 00:00:00,1.506477952003479,1.5963879823684692,1.6005710363388062,21225965,1.4218419790267944,1.506477952003479
2021-11-23 00:00:00,1.790734052658081,1.5062839984893799,1.8526480197906494,38348381,1.4554309844970703,1.790734052658081
2021-11-24 00:00:00,1.7137540578842163,1.7915270328521729,2.3765480518341064,41059464,1.6919599771499634,1.7137540578842163
2021-11-25 00:00:00,2.2313859462738037,2.2808399200439453,2.3105669021606445,89046348,1.9992239475250244,2.2313859462738037
2021-11-26 00:00:00,2.118243932723999,2.1770200729370117,2.1900150775909424,43191718,1.7269799709320068,2.118243932723999
2021-11-27 00:00:00,2.015655040740967,2.1154160499572754,2.133212089538574,31354666,1.9187450408935547,2.015655040740967
2021-11-28 00:00:00,2.017267942428589,2.0163819789886475,2.095025062561035,24216715,1.8442219495773315,2.017267942428589
2021-11-29 00:00:00,2.0282399654388428,2.0173630714416504,2.09676194190979,23714877,1.927314043045044,2.0282399654388428
2021-11-30 00:00:00,1.8521020412445068,2.0291080474853516,2.038357973098755,29338160,1.7944960594177246,1.8521020412445068
2021-12-01 00:00:00,1.8014240264892578,1.8520679473876953,1.8882609605789185,27092900,1.7250410318374634,1.8014240264892578
2021-12-02 00:00:00,1.71309494972229,1.8005009889602661,1.814389944076538,15496471,1.66354501247406,1.71309494972229
2021-12-03 00:00:00,1.4773739576339722,1.713744044303894,1.7268370389938354,16991327,1.4692469835281372,1.4773739576339722
2021-12-04 00:00:00,1.3860960006713867,1.477295994758606,1.4814120531082153,24941753,1.1507749557495117,1.3860960006713867
2021-12-05 00:00:00,1.210319995880127,1.3864740133285522,1.4203850030899048,13890661,1.173203945159912,1.210319995880127
2021-12-06 00:00:00,1.2851250171661377,1.2103359699249268,1.2969839572906494,19283382,0.9906229972839355,1.2851250171661377
2021-12-07 00:00:00,1.1796269416809082,1.2858370542526245,1.2981480360031128,21083211,1.1537610292434692,1.1796269416809082
2021-12-08 00:00:00,1.3534879684448242,1.1801520586013794,1.437322974205017,18075389,1.1579209566116333,1.3534879684448242
2021-12-09 00:00:00,1.2171980142593384,1.3522469997406006,1.4172179698944092,21538486,1.113105058670044,1.2171980142593384
2021-12-10 00:00:00,1.142164945602417,1.2166379690170288,1.2176849842071533,14937487,1.102036952972412,1.142164945602417
2021-12-11 00:00:00,1.2588740587234497,1.1419119834899902,1.275696039199829,12464754,1.1149859428405762,1.2588740587234497
2021-12-12 00:00:00,1.288527011871338,1.258510947227478,1.323199987411499,14192143,1.2094600200653076,1.288527011871338
2021-12-13 00:00:00,1.0927799940109253,1.288864016532898,1.289533019065857,12476530,1.0578680038452148,1.0927799940109253
2021-12-14 00:00:00,1.025657057762146,1.0929869413375854,1.1342109441757202,16029625,1.0111960172653198,1.025657057762146
2021-12-15 00:00:00,1.1193510293960571,1.032567024230957,1.1385029554367065,15473270,0.9922080039978027,1.1193510293960571
2021-12-16 00:00:00,1.025123953819275,1.1154340505599976,1.1305769681930542,9222204,1.012253999710083,1.025123953819275
2021-12-17 00:00:00,0.9593279957771301,1.0252020359039307,1.033128023147583,13976815,0.9129409790039062,0.9593279957771301
2021-12-18 00:00:00,0.9623169898986816,0.9582020044326782,0.9773269891738892,7669743,0.9145860075950623,0.9623169898986816
2021-12-19 00:00:00,0.9376130104064941,0.9624800086021423,0.9993640184402466,5731852,0.932623028755188,0.9376130104064941
2021-12-20 00:00:00,0.8982499837875366,0.9373409748077393,0.9419370293617249,10450428,0.8451269865036011,0.8982499837875366
2021-12-21 00:00:00,0.8999300003051758,0.8981810212135315,0.9055500030517578,8418000,0.8496230244636536,0.8999300003051758
2021-12-22 00:00:00,0.8933039903640747,0.8992069959640503,0.9307739734649658,6709950,0.879190981388092,0.8933039903640747
2021-12-23 00:00:00,1.0155819654464722,0.893330991268158,1.055459976196289,15283847,0.8470379710197449,1.0155819654464722
2021-12-24 00:00:00,1.0273239612579346,1.0166029930114746,1.1368919610977173,13510068,0.9950870275497437,1.0273239612579346
2021-12-25 00:00:00,1.0995019674301147,1.0274380445480347,1.1239689588546753,8190688,1.0260649919509888,1.0995019674301147
2021-12-26 00:00:00,1.2253570556640625,1.099025011062622,1.2455860376358032,11522516,1.041545033454895,1.2253570556640625
2021-12-27 00:00:00,1.1591060161590576,1.2257790565490723,1.237887978553772,9605383,1.1499589681625366,1.1591060161590576
2021-12-28 00:00:00,1.041841983795166,1.1595159769058228,1.159600019454956,9592529,1.0146310329437256,1.041841983795166
2021-12-29 00:00:00,1.0227940082550049,1.0417020320892334,1.0721590518951416,8302803,0.9755589962005615,1.0227940082550049
2021-12-30 00:00:00,1.0609010457992554,1.0232559442520142,1.1041450500488281,6794343,1.0140819549560547,1.0609010457992554
2021-12-31 00:00:00,0.988565981388092,1.0602689981460571,1.0708190202713013,13220960,0.9663519859313965,0.988565981388092
2022-01-01 00:00:00,1.0188210010528564,0.9884920120239258,1.0188579559326172,6957348,0.9470549821853638,1.0188210010528564
2022-01-02 00:00:00,0.9899500012397766,1.0187610387802124,1.0271519422531128,7386933,0.955843985080719,0.9899500012397766
2022-01-03 00:00:00,0.9327589869499207,0.989982008934021,0.9904080033302307,6476021,0.9150859713554382,0.9327589869499207
2022-01-04 00:00:00,0.8861989974975586,0.9325829744338989,0.9325829744338989,9676505,0.8850759863853455,0.8861989974975586
2022-01-05 00:00:00,0.8742870092391968,0.886201024055481,0.9317960143089294,9424623,0.8264099955558777,0.8742870092391968
2022-01-06 00:00:00,0.8379520177841187,0.8742759823799133,0.8801730275154114,9181456,0.8037850260734558,0.8379520177841187
2022-01-07 00:00:00,0.8104869723320007,0.8379319906234741,0.8575869798660278,10535319,0.7660959959030151,0.8104869723320007
2022-01-08 00:00:00,0.8057349920272827,0.8105829954147339,0.8565189838409424,7822682,0.7761030197143555,0.8057349920272827
2022-01-09 00:00:00,0.8169680237770081,0.8057349920272827,0.8324580192565918,5858860,0.7897859811782837,0.8169680237770081
2022-01-10 00:00:00,0.7547619938850403,0.8169819712638855,0.8178979754447937,7584371,0.7419419884681702,0.7547619938850403
2022-01-11 00:00:00,0.7736669778823853,0.7546709775924683,0.7749249935150146,7154519,0.7395219802856445,0.7736669778823853
2022-01-12 00:00:00,0.8422350287437439,0.7737159729003906,0.8478189706802368,6656749,0.7639840245246887,0.8422350287437439
2022-01-13 00:00:00,0.7990620136260986,0.8422210216522217,0.843159019947052,6287479,0.7990620136260986,0.7990620136260986
2022-01-14 00:00:00,0.7973120212554932,0.7990189790725708,0.8202409744262695,5747477,0.7779340147972107,0.7973120212554932
2022-01-15 00:00:00,0.7959340214729309,0.7972679734230042,0.8007990121841431,6177459,0.7735869884490967,0.7959340214729309
2022-01-16 00:00:00,0.8250349760055542,0.79584801197052,0.8281760215759277,5211473,0.7893419861793518,0.8250349760055542
2022-01-17 00:00:00,0.7806519865989685,0.8251330256462097,0.827862024307251,9019160,0.7730630040168762,0.7806519865989685
2022-01-18 00:00:00,0.7713379859924316,0.7807040214538574,0.7849709987640381,8928410,0.7503970265388489,0.7713379859924316
2022-01-19 00:00:00,0.7380030155181885,0.7713209986686707,0.7798799872398376,10180117,0.7379400134086609,0.7380030155181885
2022-01-20 00:00:00,0.6850240230560303,0.7379270195960999,0.7872740030288696,12767959,0.6850240230560303,0.6850240230560303
2022-01-21 00:00:00,0.5204390287399292,0.6847789883613586,0.6847789883613586,22108827,0.5171399712562561,0.5204390287399292
2022-01-22 00:00:00,0.4719490110874176,0.5203660130500793,0.5377349853515625,14872389,0.4001469910144806,0.4719490110874176
2022-01-23 00:00:00,0.5168820023536682,0.4719969928264618,0.5178179740905762,9588156,0.4719969928264618,0.5168820023536682
2022-01-24 00:00:00,0.47012001276016235,0.5169510245323181,0.5176630020141602,11479198,0.4277769923210144,0.47012001276016235
2022-01-25 00:00:00,0.48447299003601074,0.4702039957046509,0.48622599244117737,8699221,0.4497320055961609,0.48447299003601074
2022-01-26 00:00:00,0.49521300196647644,0.48478201031684875,0.5497400164604187,12259640,0.47766900062561035,0.49521300196647644
2022-01-27 00:00:00,0.48409199714660645,0.4948979914188385,0.5000799894332886,8021316,0.466964989900589,0.48409199714660645
2022-01-28 00:00:00,0.48291799426078796,0.48403701186180115,0.503699004650116,9594412,0.47278299927711487,0.48291799426078796
2022-01-29 00:00:00,0.5034099817276001,0.4828900098800659,0.5066980123519897,7204997,0.4792659878730774,0.5034099817276001
2022-01-30 00:00:00,0.48922199010849,0.5034739971160889,0.5171880125999451,8118344,0.48151201009750366,0.48922199010849
2022-01-31 00:00:00,0.48408201336860657,0.4892599880695343,0.5011730194091797,8430490,0.47220098972320557,0.48408201336860657
2022-02-01 00:00:00,0.48912400007247925,0.4841339886188507,0.4939349889755249,8043325,0.48026400804519653,0.48912400007247925
2022-02-02 00:00:00,0.4335080087184906,0.4891510009765625,0.4935919940471649,9995385,0.4314559996128082,0.4335080087184906
2022-02-03 00:00:00,0.4078739881515503,0.43348100781440735,0.4348360002040863,9134862,0.3983049988746643,0.4078739881515503
2022-02-04 00:00:00,0.4297110140323639,0.40797901153564453,0.4319689869880676,10456103,0.400626003742218,0.4297110140323639
2022-02-05 00:00:00,0.4778499901294708,0.4296950101852417,0.479775995016098,10910190,0.4276700019836426,0.4778499901294708
2022-02-06 00:00:00,0.48739299178123474,0.47790101170539856,0.5112990140914917,9078938,0.47126999497413635,0.48739299178123474
2022-02-07 00:00:00,0.5164570212364197,0.4874809980392456,0.5481529831886292,10554867,0.4823020100593567,0.5164570212364197
2022-02-08 00:00:00,0.5022860169410706,0.5165169835090637,0.5388609766960144,10065480,0.47265899181365967,0.5022860169410706
2022-02-09 00:00:00,0.5162010192871094,0.5020480155944824,0.5210880041122437,9052714,0.4888960123062134,0.5162010192871094
2022-02-10 00:00:00,0.4725619852542877,0.5162140130996704,0.5162140130996704,9999711,0.47210800647735596,0.4725619852542877
2022-02-11 00:00:00,0.432453989982605,0.4726180136203766,0.4796540141105652,8421461,0.4238789975643158,0.432453989982605
2022-02-12 00:00:00,0.42541998624801636,0.4324429929256439,0.44696900248527527,7724525,0.41839298605918884,0.42541998624801636
2022-02-13 00:00:00,0.4190959930419922,0.42539501190185547,0.4436210095882416,7016779,0.4146229922771454,0.4190959930419922
2022-02-14 00:00:00,0.4285779893398285,0.41898199915885925,0.43158501386642456,6846131,0.4106529951095581,0.4285779893398285
2022-02-15 00:00:00,0.4788750112056732,0.42858898639678955,0.4791809916496277,9082966,0.4282419979572296,0.4788750112056732
2022-02-16 00:00:00,0.49357399344444275,0.478890985250473,0.5044689774513245,9151858,0.45656099915504456,0.49357399344444275
2022-02-17 00:00:00,0.42806699872016907,0.49351200461387634,0.5040050148963928,15386689,0.42794299125671387,0.42806699872016907
2022-02-18 00:00:00,0.42608198523521423,0.4283370077610016,0.4395790100097656,9133460,0.41635099053382874,0.42608198523521423
2022-02-19 00:00:00,0.42303499579429626,0.42604300379753113,0.4379059970378876,6816856,0.41323599219322205,0.42303499579429626
2022-02-20 00:00:00,0.3967989981174469,0.42304500937461853,0.42304500937461853,7974556,0.3768259882926941,0.3967989981174469
2022-02-21 00:00:00,0.3623259961605072,0.3967899978160858,0.4180760085582733,7711663,0.36154401302337646,0.3623259961605072
2022-02-22 00:00:00,0.3672339916229248,0.36227500438690186,0.3737800121307373,6522708,0.3490230143070221,0.3672339916229248
2022-02-23 00:00:00,0.36612001061439514,0.36725300550460815,0.393341988325119,5852699,0.36493000388145447,0.36612001061439514
2022-02-24 00:00:00,0.33284899592399597,0.3656170070171356,0.36596599221229553,12551724,0.28040799498558044,0.33284899592399597
2022-02-25 00:00:00,0.34734100103378296,0.3329159915447235,0.3493179976940155,6209785,0.3288629949092865,0.34734100103378296
2022-02-26 00:00:00,0.35054999589920044,0.34734201431274414,0.3587389886379242,4783134,0.34498900175094604,0.35054999589920044
2022-02-27 00:00:00,0.33368900418281555,0.35049599409103394,0.3510909974575043,5706255,0.3309209942817688,0.33368900418281555
2022-02-28 00:00:00,0.37617701292037964,0.33368998765945435,0.3761900067329407,7042045,0.3297640085220337,0.37617701292037964
2022-03-01 00:00:00,0.43176499009132385,0.3761970102787018,0.4615139961242676,12754732,0.37246599793434143,0.43176499009132385
2022-03-02 00:00:00,0.42170199751853943,0.43176698684692383,0.4502260088920593,9492877,0.42134198546409607,0.42170199751853943
2022-03-03 00:00:00,0.39876100420951843,0.42178601026535034,0.42507699131965637,7360410,0.3895930051803589,0.39876100420951843
2022-03-04 00:00:00,0.3564150035381317,0.398730993270874,0.3993229866027832,9220649,0.3505510091781616,0.3564150035381317
2022-03-05 00:00:00,0.3739120066165924,0.3564560115337372,0.37753599882125854,6590280,0.35422998666763306,0.3739120066165924
2022-03-06 00:00:00,0.3564920127391815,0.373896986246109,0.37679898738861084,5980993,0.351608008146286,0.3564920127391815
2022-03-07 00:00:00,0.34844300150871277,0.3564859926700592,0.36163800954818726,6274378,0.3364270031452179,0.34844300150871277
2022-03-08 00:00:00,0.365462988615036,0.34840598702430725,0.3654789924621582,5420710,0.34546199440956116,0.365462988615036
2022-03-09 00:00:00,0.39031898975372314,0.36539098620414734,0.4019080102443695,7378188,0.364639014005661,0.39031898975372314
2022-03-10 00:00:00,0.3813599944114685,0.39037200808525085,0.3932200074195862,5580490,0.3643369972705841,0.3813599944114685
2022-03-11 00:00:00,0.3711419999599457,0.3813830018043518,0.38193899393081665,4491437,0.36509400606155396,0.3711419999599457
2022-03-12 00:00:00,0.3655819892883301,0.37108901143074036,0.38239601254463196,4701341,0.36483699083328247,0.3655819892883301
2022-03-13 00:00:00,0.35491299629211426,0.3655489981174469,0.37503400444984436,4441114,0.3533729910850525,0.35491299629211426
2022-03-14 00:00:00,0.3500550091266632,0.3549000024795532,0.3565320074558258,3869596,0.34447601437568665,0.3500550091266632
2022-03-15 00:00:00,0.35024601221084595,0.35006698966026306,0.3523139953613281,3974694,0.3395330011844635,0.35024601221084595
2022-03-16 00:00:00,0.3610230088233948,0.3502480089664459,0.36723700165748596,5943466,0.34931498765945435,0.3610230088233948
2022-03-17 00:00:00,0.37897300720214844,0.3609299957752228,0.39122000336647034,6780823,0.3604130148887634,0.37897300720214844
2022-03-18 00:00:00,0.43098101019859314,0.37895700335502625,0.4982140064239502,39621689,0.37347298860549927,0.43098101019859314
2022-03-19 00:00:00,0.46109500527381897,0.4309319853782654,0.47300198674201965,18027035,0.42704999446868896,0.46109500527381897
2022-03-20 00:00:00,0.4381510019302368,0.4611400067806244,0.46179699897766113,8928049,0.43378201127052307,0.4381510019302368
2022-03-21 00:00:00,0.4342609941959381,0.4381290078163147,0.44068199396133423,6354537,0.42735999822616577,0.4342609941959381
2022-03-22 00:00:00,0.4375079870223999,0.43422800302505493,0.44617998600006104,7965355,0.42897799611091614,0.4375079870223999
2022-03-23 00:00:00,0.44222399592399597,0.43730399012565613,0.4424239993095398,5195442,0.4294080138206482,0.44222399592399597
2022-03-24 00:00:00,0.46165499091148376,0.4422509968280792,0.4682289958000183,8348197,0.4422509968280792,0.46165499091148376
2022-03-25 00:00:00,0.431894987821579,0.461650013923645,0.4626460075378418,6089135,0.4310770034790039,0.431894987821579
2022-03-26 00:00:00,0.4293839931488037,0.4318990111351013,0.44194498658180237,7238412,0.41860899329185486,0.4293839931488037
2022-03-27 00:00:00,0.4483160078525543,0.429408997297287,0.4488469958305359,5683811,0.4273259937763214,0.4483160078525543
2022-03-28 00:00:00,0.43472999334335327,0.4482499957084656,0.4552749991416931,9489850,0.4347040057182312,0.43472999334335327
2022-03-29 00:00:00,0.4515959918498993,0.43473300337791443,0.46476998925209045,6198218,0.43248599767684937,0.4515959918498993
2022-03-30 00:00:00,0.5672929883003235,0.45164400339126587,0.5718839764595032,38392456,0.45115500688552856,0.5672929883003235
2022-03-31 00:00:00,0.5871570110321045,0.5686429738998413,0.6455540060997009,39510011,0.5460739731788635,0.5871570110321045
2022-04-01 00:00:00,0.5499799847602844,0.5870890021324158,0.6060709953308105,16483785,0.5155670046806335,0.5499799847602844
2022-04-02 00:00:00,0.5385419726371765,0.5500190258026123,0.582198977470398,7354111,0.5383830070495605,0.5385419726371765
2022-04-03 00:00:00,0.5391929745674133,0.539355993270874,0.552603006362915,4337248,0.5310900211334229,0.5391929745674133
2022-04-04 00:00:00,0.501721978187561,0.538972020149231,0.5393099784851074,10715117,0.4766559898853302,0.501721978187561
2022-04-05 00:00:00,0.4809249937534332,0.5017049908638,0.5208889842033386,6870285,0.4809249937534332,0.4809249937534332
2022-04-06 00:00:00,0.4225119948387146,0.4808819890022278,0.4810749888420105,6945121,0.42250698804855347,0.4225119948387146
2022-04-07 00:00:00,0.4337890148162842,0.42250901460647583,0.4457400143146515,6830609,0.414806991815567,0.4337890148162842
2022-04-08 00:00:00,0.4230470061302185,0.433789998292923,0.4469909965991974,6428578,0.4167959988117218,0.4230470061302185
2022-04-09 00:00:00,0.43949800729751587,0.4230949878692627,0.4505020081996918,4868545,0.42096900939941406,0.43949800729751587
2022-04-10 00:00:00,0.42104798555374146,0.4394879937171936,0.4402959942817688,5554431,0.4157800078392029,0.42104798555374146
2022-04-11 00:00:00,0.3706290125846863,0.42083799839019775,0.42361900210380554,5371724,0.37045300006866455,0.3706290125846863
2022-04-12 00:00:00,0.3880369961261749,0.37077799439430237,0.3985069990158081,4003947,0.3674060106277466,0.3880369961261749
2022-04-13 00:00:00,0.3886600136756897,0.38804298639297485,0.3935779929161072,3452530,0.37464600801467896,0.3886600136756897
2022-04-14 00:00:00,0.377020001411438,0.38865500688552856,0.39439699053764343,3533748,0.36949899792671204,0.377020001411438
2022-04-15 00:00:00,0.3864290118217468,0.37703999876976013,0.3949410021305084,6525509,0.36789700388908386,0.3864290118217468
2022-04-16 00:00:00,0.37707799673080444,0.38643500208854675,0.390625,3899526,0.3761090040206909,0.37707799673080444
2022-04-17 00:00:00,0.36812299489974976,0.3770259916782379,0.38214901089668274,4948922,0.36631399393081665,0.36812299489974976
2022-04-18 00:00:00,0.4190889894962311,0.36812999844551086,0.4294149875640869,12119152,0.3666110038757324,0.4190889894962311
2022-04-19 00:00:00,0.4586870074272156,0.41907799243927,0.48591700196266174,15602121,0.4180710017681122,0.4586870074272156
2022-04-20 00:00:00,0.46105098724365234,0.4586690068244934,0.4832800030708313,9656846,0.4489009976387024,0.46105098724365234
2022-04-21 00:00:00,0.4620569944381714,0.46109798550605774,0.496504008769989,10227270,0.45907101035118103,0.4620569944381714
2022-04-22 00:00:00,0.4539110064506531,0.46201300621032715,0.48139598965644836,6323327,0.45344099402427673,0.4539110064506531
2022-04-23 00:00:00,0.4320099949836731,0.4539099931716919,0.456369012594223,4308504,0.43057700991630554,0.4320099949836731
2022-04-24 00:00:00,0.4173229932785034,0.43200498819351196,0.43303799629211426,5597235,0.4058620035648346,0.4173229932785034
2022-04-25 00:00:00,0.4094719886779785,0.41756701469421387,0.41768598556518555,6159540,0.3754599988460541,0.4094719886779785
2022-04-26 00:00:00,0.3681429922580719,0.4094739854335785,0.4201669991016388,5553913,0.3655419945716858,0.3681429922580719
2022-04-27 00:00:00,0.37826400995254517,0.36815500259399414,0.3880060017108917,4956401,0.36448898911476135,0.37826400995254517
2022-04-28 00:00:00,0.38026899099349976,0.37823399901390076,0.39058101177215576,3753405,0.37630999088287354,0.38026899099349976
2022-04-29 00:00:00,0.35242000222206116,0.38023000955581665,0.3822939991950989,4429023,0.3501940071582794,0.35242000222206116
2022-04-30 00:00:00,0.3135490119457245,0.35246700048446655,0.35724300146102905,6178935,0.310932993888855,0.3135490119457245
2022-05-01 00:00:00,0.3272700011730194,0.313060998916626,0.3366830050945282,5082403,0.31171900033950806,0.3272700011730194
2022-05-02 00:00:00,0.3406510055065155,0.3272170126438141,0.3423539996147156,4648141,0.3272170126438141,0.3406510055065155
2022-05-03 00:00:00,0.36925700306892395,0.340582013130188,0.3751150071620941,4948426,0.3378329873085022,0.36925700306892395
2022-05-04 00:00:00,0.400860995054245,0.3692770004272461,0.4014959931373596,5781980,0.3684520125389099,0.400860995054245
2022-05-05 00:00:00,0.3570219874382019,0.4008429944515228,0.40984100103378296,9092759,0.3448590040206909,0.3570219874382019
2022-05-06 00:00:00,0.3406679928302765,0.35712599754333496,0.35899999737739563,6155890,0.33807599544525146,0.3406679928302765
2022-05-07 00:00:00,0.33176499605178833,0.34091299772262573,0.3413250148296356,4485120,0.3277359902858734,0.33176499605178833
2022-05-08 00:00:00,0.3054260015487671,0.331046998500824,0.33260101079940796,5552150,0.30473700165748596,0.3054260015487671
2022-05-09 00:00:00,0.2726770043373108,0.3054400086402893,0.31166699528694153,7792353,0.2726770043373108,0.2726770043373108
2022-05-10 00:00:00,0.26665198802948,0.2725900113582611,0.2934829890727997,7978557,0.26169300079345703,0.26665198802948
2022-05-11 00:00:00,0.1912740021944046,0.266633003950119,0.2740269899368286,11818707,0.17700299620628357,0.1912740021944046
2022-05-12 00:00:00,0.1847350001335144,0.19134600460529327,0.2041199952363968,9376979,0.13725200295448303,0.1847350001335144
2022-05-13 00:00:00,0.21452899277210236,0.184689000248909,0.2490600049495697,8519304,0.18335899710655212,0.21452899277210236
2022-05-14 00:00:00,0.2188660055398941,0.21448400616645813,0.23716799914836884,6173400,0.2122569978237152,0.2188660055398941
2022-05-15 00:00:00,0.22074200212955475,0.21884900331497192,0.22802400588989258,7030595,0.21049800515174866,0.22074200212955475
2022-05-16 00:00:00,0.173785001039505,0.22087599337100983,0.22124899923801422,8792185,0.17233900725841522,0.173785001039505
2022-05-17 00:00:00,0.1737239956855774,0.1735379993915558,0.19045500457286835,7842749,0.16818499565124512,0.1737239956855774
2022-05-18 00:00:00,0.16889899969100952,0.1736920028924942,0.18490000069141388,6127184,0.16829699277877808,0.16889899969100952
2022-05-19 00:00:00,0.18368400633335114,0.1688379943370819,0.189069002866745,5069197,0.1587889939546585,0.18368400633335114
2022-05-20 00:00:00,0.1977580040693283,0.1836950033903122,0.21193400025367737,6583890,0.18201099336147308,0.1977580040693283
2022-05-21 00:00:00,0.20805400609970093,0.19767799973487854,0.2135169953107834,5037482,0.19767799973487854,0.20805400609970093
2022-05-22 00:00:00,0.23319800198078156,0.2080570012331009,0.24664999544620514,6054513,0.20388799905776978,0.23319800198078156
2022-05-23 00:00:00,0.20540699362754822,0.23307299613952637,0.2375819981098175,4880386,0.2041819989681244,0.20540699362754822
2022-05-24 00:00:00,0.19931599497795105,0.2053859978914261,0.2084980010986328,5023181,0.1861020028591156,0.19931599497795105
2022-05-25 00:00:00,0.1849839985370636,0.19926400482654572,0.19985300302505493,4687363,0.18056799471378326,0.1849839985370636
2022-05-26 00:00:00,0.17178300023078918,0.18497900664806366,0.1864289939403534,4719174,0.16857600212097168,0.17178300023078918
2022-05-27 00:00:00,0.15872099995613098,0.1717430055141449,0.1834540069103241,5873374,0.15810400247573853,0.15872099995613098
2022-05-28 00:00:00,0.17891299724578857,0.1659650057554245,0.18197600543498993,4600572,0.15871399641036987,0.17891299724578857
2022-05-29 00:00:00,0.189410999417305,0.17891600728034973,0.1931390017271042,4434053,0.17622999846935272,0.189410999417305
2022-05-30 00:00:00,0.20239399373531342,0.1894260048866272,0.20768600702285767,4829817,0.18612000346183777,0.20239399373531342
2022-05-31 00:00:00,0.19628800451755524,0.20240500569343567,0.208063006401062,3906372,0.19058699905872345,0.19628800451755524
2022-06-01 00:00:00,0.1765740066766739,0.19626499712467194,0.19844399392604828,4491756,0.17374899983406067,0.1765740066766739
2022-06-02 00:00:00,0.19401699304580688,0.17654100060462952,0.19419999420642853,4722752,0.17371900379657745,0.19401699304580688
2022-06-03 00:00:00,0.18123799562454224,0.1939229965209961,0.19421899318695068,3673207,0.17771600186824799,0.18123799562454224
2022-06-04 00:00:00,0.175927996635437,0.1812639981508255,0.18270400166511536,3237157,0.17432500422000885,0.175927996635437
2022-06-05 00:00:00,0.17634999752044678,0.17587099969387054,0.17958000302314758,3322041,0.17394599318504333,0.17634999752044678
2022-06-06 00:00:00,0.1769150048494339,0.17636500298976898,0.18323099613189697,3364906,0.1754940003156662,0.1769150048494339
2022-06-07 00:00:00,0.15984000265598297,0.17690299451351166,0.17704899609088898,5293922,0.1542239934206009,0.15984000265598297
2022-06-08 00:00:00,0.1552239954471588,0.15982699394226074,0.16249799728393555,3287458,0.15492099523544312,0.1552239954471588
2022-06-09 00:00:00,0.15657299757003784,0.155348002910614,0.160629004240036,3334247,0.15415099263191223,0.15657299757003784
2022-06-10 00:00:00,0.14832399785518646,0.15656200051307678,0.15686599910259247,3453061,0.14586299657821655,0.14832399785518646
2022-06-11 00:00:00,0.1437699943780899,0.14834199845790863,0.1519089937210083,3298034,0.1396239995956421,0.1437699943780899
2022-06-12 00:00:00,0.1304910033941269,0.14378300309181213,0.145346000790596,4034559,0.12975700199604034,0.1304910033941269
2022-06-13 00:00:00,0.12994100153446198,0.1304900050163269,0.1353510022163391,4635824,0.11584600061178207,0.12994100153446198
2022-06-14 00:00:00,0.14376400411128998,0.1299149990081787,0.1477780044078827,4808716,0.12358000129461288,0.14376400411128998
2022-06-15 00:00:00,0.1512729972600937,0.14374999701976776,0.151295006275177,4685471,0.13145899772644043,0.1512729972600937
2022-06-16 00:00:00,0.13155800104141235,0.15131999552249908,0.15447400510311127,3659497,0.13030900061130524,0.13155800104141235
2022-06-17 00:00:00,0.13263100385665894,0.1316860020160675,0.1374650001525879,3537181,0.13032899796962738,0.13263100385665894
2022-06-18 00:00:00,0.13234800100326538,0.13253499567508698,0.13414399325847626,4374767,0.11446700245141983,0.13234800100326538
2022-06-19 00:00:00,0.13376100361347198,0.13234500586986542,0.13836200535297394,4464240,0.12365700304508209,0.13376100361347198
2022-06-20 00:00:00,0.13518700003623962,0.1338289976119995,0.13943099975585938,3736823,0.1282459944486618,0.13518700003623962
2022-06-21 00:00:00,0.14045199751853943,0.1351899951696396,0.14619900286197662,3874360,0.13481900095939636,0.14045199751853943
2022-06-22 00:00:00,0.13959699869155884,0.14047999680042267,0.14290200173854828,3500337,0.13757500052452087,0.13959699869155884
2022-06-23 00:00:00,0.1725980043411255,0.13962100446224213,0.17903900146484375,9210731,0.13962100446224213,0.1725980043411255
2022-06-24 00:00:00,0.16131499409675598,0.1725900024175644,0.1725900024175644,6632286,0.1521109938621521,0.16131499409675598
2022-06-25 00:00:00,0.1591089963912964,0.16132399439811707,0.1613370031118393,4009795,0.15099599957466125,0.1591089963912964
2022-06-26 00:00:00,0.15285199880599976,0.1591069996356964,0.1620599925518036,3552884,0.1527239978313446,0.15285199880599976
2022-06-27 00:00:00,0.15140800178050995,0.15259799361228943,0.16119499504566193,4110689,0.14967699348926544,0.15140800178050995
2022-06-28 00:00:00,0.13852599263191223,0.1513729989528656,0.15260300040245056,3781075,0.13852599263191223,0.13852599263191223
2022-06-29 00:00:00,0.13390499353408813,0.13849300146102905,0.1438319981098175,4102862,0.13206599652767181,0.13390499353408813
2022-06-30 00:00:00,0.14321400225162506,0.13392099738121033,0.14825500547885895,20201079,0.1328289955854416,0.14321400225162506
2022-07-01 00:00:00,0.14025500416755676,0.14330099523067474,0.14805899560451508,5202872,0.13402900099754333,0.14025500416755676
2022-07-02 00:00:00,0.13804000616073608,0.14031200110912323,0.1419219970703125,3583191,0.13680799305438995,0.13804000616073608
2022-07-03 00:00:00,0.13441500067710876,0.13801799714565277,0.13846400380134583,3494967,0.13144899904727936,0.13441500067710876
2022-07-04 00:00:00,0.13979199528694153,0.13428999483585358,0.13991299271583557,3505510,0.13218499720096588,0.13979199528694153
2022-07-05 00:00:00,0.13555200397968292,0.13971999287605286,0.14010100066661835,3537393,0.13240499794483185,0.13555200397968292
2022-07-06 00:00:00,0.1418820023536682,0.13556499779224396,0.1449670046567917,3831237,0.13359099626541138,0.1418820023536682
2022-07-07 00:00:00,0.14299599826335907,0.14189399778842926,0.14386799931526184,3644125,0.13648800551891327,0.14299599826335907
2022-07-08 00:00:00,0.14047999680042267,0.1429630070924759,0.145565003156662,3551744,0.1385049968957901,0.14047999680042267
2022-07-09 00:00:00,0.14232900738716125,0.1404780000448227,0.14561399817466736,3231149,0.13999399542808533,0.14232900738716125
2022-07-10 00:00:00,0.14120499789714813,0.14234299957752228,0.1435920000076294,3660542,0.13669100403785706,0.14120499789714813
2022-07-11 00:00:00,0.13578499853610992,0.1412000060081482,0.1412770003080368,3638302,0.13481999933719635,0.13578499853610992
2022-07-12 00:00:00,0.13120000064373016,0.13576200604438782,0.1358720064163208,3303614,0.1308719962835312,0.13120000064373016
2022-07-13 00:00:00,0.13496799767017365,0.13119199872016907,0.13496899604797363,3193917,0.1279979944229126,0.13496799767017365
2022-07-14 00:00:00,0.14462999999523163,0.1350090056657791,0.14462999999523163,4055373,0.13374200463294983,0.14462999999523163
2022-07-15 00:00:00,0.14599500596523285,0.14462299644947052,0.14726600050926208,3302763,0.14235299825668335,0.14599500596523285
2022-07-16 00:00:00,0.14635099470615387,0.14600299298763275,0.1486240029335022,2979284,0.14237099885940552,0.14635099470615387
2022-07-17 00:00:00,0.1426749974489212,0.14628799259662628,0.14698299765586853,3356920,0.14215099811553955,0.1426749974489212
2022-07-18 00:00:00,0.16769400238990784,0.14269700646400452,0.16808900237083435,5519243,0.14269700646400452,0.16769400238990784
2022-07-19 00:00:00,0.16519899666309357,0.1676419973373413,0.1680629998445511,3864341,0.1577260047197342,0.16519899666309357
2022-07-20 00:00:00,0.17284700274467468,0.16523300111293793,0.18437600135803223,6302905,0.1619970053434372,0.17284700274467468
2022-07-21 00:00:00,0.18588699400424957,0.1729149967432022,0.18748700618743896,7183659,0.17132200300693512,0.18588699400424957
2022-07-22 00:00:00,0.18379299342632294,0.18588900566101074,0.18700599670410156,3719217,0.18096700310707092,0.18379299342632294
2022-07-23 00:00:00,0.18695500493049622,0.18375100195407867,0.1910489946603775,4730159,0.18172499537467957,0.18695500493049622
2022-07-24 00:00:00,0.18328599631786346,0.1869809925556183,0.1877260059118271,3381949,0.18328599631786346,0.18328599631786346
2022-07-25 00:00:00,0.1739480048418045,0.18326100707054138,0.18394699692726135,3840094,0.17378099262714386,0.1739480048418045
2022-07-26 00:00:00,0.16876499354839325,0.17441600561141968,0.1746390014886856,3868428,0.167044997215271,0.16876499354839325
2022-07-27 00:00:00,0.17936700582504272,0.16863200068473816,0.1795479953289032,3768695,0.16698400676250458,0.17936700582504272
2022-07-28 00:00:00,0.18366000056266785,0.17935200035572052,0.18673500418663025,2902270,0.17607399821281433,0.18366000056266785
2022-07-29 00:00:00,0.17956900596618652,0.18363599479198456,0.18534700572490692,3312545,0.17806799709796906,0.17956900596618652
2022-07-30 00:00:00,0.18431200087070465,0.17996099591255188,0.19146400690078735,5399758,0.1773429960012436,0.18431200087070465
2022-07-31 00:00:00,0.17888200283050537,0.18429000675678253,0.18684899806976318,4042768,0.1773039996623993,0.17888200283050537
2022-08-01 00:00:00,0.17636099457740784,0.17887699604034424,0.18076500296592712,2965645,0.17456400394439697,0.17636099457740784
2022-08-02 00:00:00,0.17022299766540527,0.17634600400924683,0.17754200100898743,3200798,0.17020900547504425,0.17022299766540527
2022-08-03 00:00:00,0.1711139976978302,0.1702370047569275,0.17431600391864777,2630621,0.1698179990053177,0.1711139976978302
2022-08-04 00:00:00,0.1740649938583374,0.1711149960756302,0.17445899546146393,2741886,0.1698939949274063,0.1740649938583374
2022-08-05 00:00:00,0.16952799260616302,0.1740490049123764,0.1746239960193634,2909455,0.1666949987411499,0.16952799260616302
2022-08-06 00:00:00,0.1708810031414032,0.16954900324344635,0.1726820021867752,2278178,0.16847699880599976,0.1708810031414032
2022-08-07 00:00:00,0.1719209998846054,0.17088399827480316,0.17284199595451355,2458854,0.16937699913978577,0.1719209998846054
2022-08-08 00:00:00,0.17622500658035278,0.1719440072774887,0.1791200041770935,3300810,0.1719440072774887,0.17622500658035278
2022-08-09 00:00:00,0.1727139949798584,0.17622099816799164,0.17772699892520905,3437379,0.1687459945678711,0.1727139949798584
2022-08-10 00:00:00,0.17689000070095062,0.17270199954509735,0.18231800198554993,5244032,0.16943100094795227,0.17689000070095062
2022-08-11 00:00:00,0.17208699882030487,0.1768220067024231,0.17880800366401672,4121877,0.17085500061511993,0.17208699882030487
2022-08-12 00:00:00,0.17138199508190155,0.17207199335098267,0.1724960058927536,2646028,0.16992400586605072,0.17138199508190155
2022-08-13 00:00:00,0.17041300237178802,0.17138899862766266,0.17179599404335022,2121327,0.16978399455547333,0.17041300237178802
2022-08-14 00:00:00,0.1719129979610443,0.17041100561618805,0.1750349998474121,2799909,0.169855996966362,0.1719129979610443
2022-08-15 00:00:00,0.1689150035381317,0.17191900312900543,0.1730010062456131,2761512,0.16509400308132172,0.1689150035381317
2022-08-16 00:00:00,0.16445599496364594,0.1688929945230484,0.16931700706481934,2505877,0.16267399489879608,0.16445599496364594
2022-08-17 00:00:00,0.15637600421905518,0.16443799436092377,0.17092199623584747,3607406,0.15609799325466156,0.15637600421905518
2022-08-18 00:00:00,0.15628500282764435,0.15640999376773834,0.15923799574375153,3256921,0.1559469997882843,0.15628500282764435
2022-08-19 00:00:00,0.14397600293159485,0.15628600120544434,0.15631499886512756,2537753,0.1419070065021515,0.14397600293159485
2022-08-20 00:00:00,0.14354200661182404,0.14395800232887268,0.14836399257183075,2019936,0.14125800132751465,0.14354200661182404
2022-08-21 00:00:00,0.1462240070104599,0.14354099333286285,0.14680400490760803,1254317,0.14256000518798828,0.1462240070104599
2022-08-22 00:00:00,0.13809199631214142,0.14603100717067719,0.14817500114440918,4212060,0.13600100576877594,0.13809199631214142
2022-08-23 00:00:00,0.13262499868869781,0.13777300715446472,0.14028599858283997,2814422,0.1325490027666092,0.13262499868869781
2022-08-24 00:00:00,0.13460400700569153,0.13255800306797028,0.13733699917793274,1460332,0.13175399601459503,0.13460400700569153
2022-08-25 00:00:00,0.13646100461483002,0.13460299372673035,0.13701599836349487,1258680,0.13391700387001038,0.13646100461483002
2022-08-26 00:00:00,0.13252000510692596,0.13641899824142456,0.13704800605773926,1743438,0.13238300383090973,0.13252000510692596
2022-08-27 00:00:00,0.13423499464988708,0.1324930042028427,0.13545599579811096,1651132,0.13144999742507935,0.13423499464988708
2022-08-28 00:00:00,0.13133999705314636,0.134210005402565,0.13500100374221802,1292057,0.13105399906635284,0.13133999705314636
2022-08-29 00:00:00,0.13310399651527405,0.1313689947128296,0.1338140070438385,1144390,0.13039399683475494,0.13310399651527405
2022-08-30 00:00:00,0.12986800074577332,0.13308900594711304,0.13358500599861145,1327226,0.12842899560928345,0.12986800074577332
2022-08-31 00:00:00,0.13148100674152374,0.12988300621509552,0.1320520043373108,1326978,0.1295740008354187,0.13148100674152374
2022-09-01 00:00:00,0.12987400591373444,0.13150300085544586,0.13157400488853455,1118664,0.1278200000524521,0.12987400591373444
2022-09-02 00:00:00,0.12959200143814087,0.12955200672149658,0.1303119957447052,921696,0.12856900691986084,0.12959200143814087
2022-09-03 00:00:00,0.12982499599456787,0.12959100306034088,0.13065600395202637,934644,0.12887699902057648,0.12982499599456787
2022-09-04 00:00:00,0.13092200458049774,0.1298149973154068,0.1310569941997528,906278,0.12904000282287598,0.13092200458049774
2022-09-05 00:00:00,0.13152800500392914,0.13091200590133667,0.1328510046005249,1278289,0.13046599924564362,0.13152800500392914
2022-09-06 00:00:00,0.12948299944400787,0.13154800236225128,0.13428199291229248,1118954,0.12807799875736237,0.12948299944400787
2022-09-07 00:00:00,0.135576993227005,0.1294810026884079,0.1387690007686615,1885910,0.12424600124359131,0.135576993227005
2022-09-08 00:00:00,0.1304289996623993,0.13557499647140503,0.13581399619579315,1469929,0.12848199903964996,0.1304289996623993
2022-09-09 00:00:00,0.13210000097751617,0.13042299449443817,0.1341550052165985,2333693,0.1285559982061386,0.13210000097751617
2022-09-10 00:00:00,0.13819800317287445,0.13210000097751617,0.13826100528240204,1911721,0.13167500495910645,0.13819800317287445
2022-09-11 00:00:00,0.13828200101852417,0.13820399343967438,0.14005300402641296,1619291,0.1366560012102127,0.13828200101852417
2022-09-12 00:00:00,0.13106000423431396,0.13828299939632416,0.13835500180721283,1821944,0.13106000423431396,0.13106000423431396
2022-09-13 00:00:00,0.12536199390888214,0.13101300597190857,0.13246700167655945,1892839,0.12536199390888214,0.12536199390888214
2022-09-14 00:00:00,0.12871800363063812,0.12682099640369415,0.13218900561332703,2130430,0.12430500239133835,0.12871800363063812
2022-09-15 00:00:00,0.12368600070476532,0.128711998462677,0.129039004445076,2014183,0.12306500226259232,0.12368600070476532
2022-09-16 00:00:00,0.1235629990696907,0.12372200191020966,0.12723399698734283,2396946,0.12067800015211105,0.1235629990696907
2022-09-17 00:00:00,0.12386299669742584,0.12357799708843231,0.1257070004940033,1792248,0.12157700210809708,0.12386299669742584
2022-09-18 00:00:00,0.11907300353050232,0.12386099994182587,0.12410199642181396,1756709,0.11879599839448929,0.11907300353050232
2022-09-19 00:00:00,0.11834199726581573,0.11905399709939957,0.11905399709939957,1852972,0.11539000272750854,0.11834199726581573
2022-09-20 00:00:00,0.11905699968338013,0.1183210015296936,0.11947599798440933,1547271,0.1166749969124794,0.11905699968338013
2022-09-21 00:00:00,0.11760900169610977,0.11905299872159958,0.11924999952316284,1699513,0.11682700365781784,0.11760900169610977
2022-09-22 00:00:00,0.12097100168466568,0.11757999658584595,0.12162400037050247,1759772,0.11680199950933456,0.12097100168466568
2022-09-23 00:00:00,0.11722200363874435,0.12094700336456299,0.12116900086402893,1689332,0.11604499816894531,0.11722200363874435
2022-09-24 00:00:00,0.11590799689292908,0.11724299937486649,0.11827699840068817,1420763,0.11590799689292908,0.11590799689292908
2022-09-25 00:00:00,0.11361899971961975,0.11592099815607071,0.11660300195217133,1602744,0.11294999718666077,0.11361899971961975
2022-09-26 00:00:00,0.11430799961090088,0.11356200277805328,0.11545500159263611,1589843,0.11324899643659592,0.11430799961090088
2022-09-27 00:00:00,0.114096999168396,0.11432400345802307,0.11706099659204483,1488984,0.1132659986615181,0.114096999168396
2022-09-28 08:57:00,0.11202117055654526,0.11444883793592453,0.11453820019960403,1692622,0.11036015301942825,0.11202117055654526
