timestamp,adjclose,close,low,volume,high,open
2021-03-24 00:00:00,2.1612401008605957,2.1612401008605957,1.995002031326294,31994447,21.294593811035156,19.445724487304688
2021-03-25 00:00:00,2.5895979404449463,2.5895979404449463,1.3784879446029663,9526424,2.5919909477233887,2.1612389087677
2021-03-26 00:00:00,4.231537818908691,4.231537818908691,2.398672103881836,13109759,4.615703105926514,2.591295003890991
2021-03-27 00:00:00,3.6983280181884766,3.6983280181884766,2.576448917388916,13939624,4.240067005157471,4.232390880584717
2021-03-28 00:00:00,4.5860371589660645,4.5860371589660645,3.2753520011901855,12890113,4.67832088470459,3.6980650424957275
2021-03-29 00:00:00,5.269845962524414,5.269845962524414,4.062796115875244,18316644,6.363502025604248,4.593710899353027
2021-03-30 00:00:00,5.339512825012207,5.339512825012207,4.693088054656982,13774007,5.653384208679199,5.269697189331055
2021-03-31 00:00:00,5.042111873626709,5.042111873626709,4.991736888885498,15058763,5.914337158203125,5.338173866271973
2021-04-01 00:00:00,4.658401012420654,4.658401012420654,3.791672945022583,19712337,5.363430023193359,5.048316955566406
2021-04-02 00:00:00,6.94770622253418,6.94770622253418,4.6519999504089355,252521916,9.978583335876465,4.65723991394043
2021-04-03 00:00:00,5.742806911468506,5.742806911468506,5.728576183319092,89599397,8.440458297729492,6.943304061889648
2021-04-04 00:00:00,5.695537090301514,5.695537090301514,5.527975082397461,56040992,6.189578056335449,5.711610794067383
2021-04-05 00:00:00,4.838911056518555,4.838911056518555,4.737064838409424,59092309,5.701725959777832,5.698737144470215
2021-04-06 00:00:00,3.9332311153411865,3.9332311153411865,3.858238935470581,45660200,4.915021896362305,4.861339092254639
2021-04-07 00:00:00,3.5175769329071045,3.5175769329071045,3.306684970855713,44232694,4.323915004730225,3.9267001152038574
2021-04-08 00:00:00,3.5105249881744385,3.5105249881744385,3.4375159740448,47626552,3.952544927597046,3.517573118209839
2021-04-09 00:00:00,4.374814987182617,4.374814987182617,3.487720012664795,110534544,5.123455047607422,3.510457992553711
2021-04-10 00:00:00,3.8558249473571777,3.8558249473571777,3.7457330226898193,65519571,4.929099082946777,4.387851238250732
2021-04-11 00:00:00,4.341815948486328,4.341815948486328,3.6585469245910645,50860946,4.4076690673828125,3.8518729209899902
2021-04-12 00:00:00,4.403580188751221,4.403580188751221,4.105757236480713,53674058,4.65313720703125,4.310401916503906
2021-04-13 00:00:00,3.918191909790039,3.918191909790039,3.766637086868286,50549088,4.4857258796691895,4.418737888336182
2021-04-14 00:00:00,3.55935001373291,3.55935001373291,3.404995918273926,39796297,3.999988079071045,3.942095994949341
2021-04-15 00:00:00,3.383981943130493,3.383981943130493,3.3520760536193848,38179129,3.5883049964904785,3.5426089763641357
2021-04-16 00:00:00,2.910922050476074,2.910922050476074,2.825150966644287,33427570,3.3908729553222656,3.381983995437622
2021-04-17 00:00:00,2.8561880588531494,2.8561880588531494,2.824781894683838,26579522,3.1024270057678223,2.9138169288635254
2021-04-18 00:00:00,2.4627909660339355,2.4627909660339355,2.2256081104278564,25816694,2.864542007446289,2.84946608543396
2021-04-19 00:00:00,2.4674460887908936,2.4674460887908936,2.3511219024658203,39636529,3.0952870845794678,2.460283041000366
2021-04-20 00:00:00,2.7077910900115967,2.7077910900115967,2.1305201053619385,23653137,2.7077910900115967,2.465675115585327
2021-04-21 00:00:00,2.2820990085601807,2.2820990085601807,2.255078077316284,23859465,2.872714042663574,2.698823928833008
2021-04-22 00:00:00,1.9247150421142578,1.9247150421142578,1.8698619604110718,23925608,2.404007911682129,2.2768681049346924
2021-04-23 00:00:00,1.818884015083313,1.818884015083313,1.633800983428955,14469279,1.9596459865570068,1.9332189559936523
2021-04-24 00:00:00,1.5852030515670776,1.5852030515670776,1.5398720502853394,12323766,1.8197230100631714,1.8192720413208008
2021-04-25 00:00:00,1.5382959842681885,1.5382959842681885,1.4541200399398804,13185459,1.7608040571212769,1.5848530530929565
2021-04-26 00:00:00,1.8793779611587524,1.8793779611587524,1.5202720165252686,20490214,1.8892240524291992,1.543179988861084
2021-04-27 00:00:00,1.8972599506378174,1.8972599506378174,1.8281660079956055,23420870,2.068131923675537,1.8741190433502197
2021-04-28 00:00:00,2.4642789363861084,2.4642789363861084,1.7721619606018066,70696443,2.6588449478149414,1.9031260013580322
2021-04-29 00:00:00,2.6498780250549316,2.6498780250549316,2.2637569904327393,140547603,3.1450839042663574,2.4601290225982666
2021-04-30 00:00:00,2.6106889247894287,2.6106889247894287,2.4359610080718994,56408679,2.7827210426330566,2.6518919467926025
2021-05-01 00:00:00,2.542480945587158,2.542480945587158,2.3787879943847656,37091920,2.698199987411499,2.5970299243927
2021-05-02 00:00:00,3.089318037033081,3.089318037033081,2.383167028427124,169561672,3.48547101020813,2.5442869663238525
2021-05-03 00:00:00,3.0954699516296387,3.0954699516296387,2.9601199626922607,165910821,3.79044508934021,3.0984139442443848
2021-05-04 00:00:00,2.544404983520508,2.544404983520508,2.504647970199585,68749188,3.12949800491333,3.101512908935547
2021-05-05 00:00:00,2.6293630599975586,2.6293630599975586,2.5049829483032227,63450062,2.8770809173583984,2.5518879890441895
2021-05-06 00:00:00,2.377835988998413,2.377835988998413,2.331080913543701,44023557,2.697082996368408,2.633686065673828
2021-05-07 00:00:00,2.2628018856048584,2.2628018856048584,2.1628100872039795,36726759,2.421592950820923,2.3704299926757812
2021-05-08 00:00:00,2.403420925140381,2.403420925140381,2.231937885284424,51203540,2.640115976333618,2.2653839588165283
2021-05-09 00:00:00,2.274045944213867,2.274045944213867,2.150686025619507,35925598,2.5258140563964844,2.4002230167388916
2021-05-10 00:00:00,1.9771989583969116,1.9771989583969116,1.8941080570220947,35529475,2.407896041870117,2.2811079025268555
2021-05-11 00:00:00,2.044142961502075,2.044142961502075,1.9142780303955078,32969832,2.163193941116333,1.9722909927368164
2021-05-12 00:00:00,1.6381380558013916,1.6381380558013916,1.6381380558013916,20603023,2.1173288822174072,2.044945001602173
2021-05-13 00:00:00,1.647189974784851,1.647189974784851,1.534188985824585,23924100,1.8029199838638306,1.6429599523544312
2021-05-14 00:00:00,1.8226890563964844,1.8226890563964844,1.6170580387115479,32381740,1.9138879776000977,1.6447969675064087
2021-05-15 00:00:00,1.6942509412765503,1.6942509412765503,1.6392649412155151,25920181,1.8549000024795532,1.8179529905319214
2021-05-16 00:00:00,1.7759579420089722,1.7759579420089722,1.6870180368423462,43563630,2.0199151039123535,1.6897130012512207
2021-05-17 00:00:00,1.5632890462875366,1.5632890462875366,1.5038199424743652,27694497,1.8032879829406738,1.7779749631881714
2021-05-18 00:00:00,1.5149519443511963,1.5149519443511963,1.502632975578308,15840771,1.6643190383911133,1.5646950006484985
2021-05-19 00:00:00,0.9605919718742371,0.9605919718742371,0.76009601354599,22192759,1.54408597946167,1.5150279998779297
2021-05-20 00:00:00,1.030830979347229,1.030830979347229,0.8410450220108032,16573050,1.1419990062713623,0.952567994594574
2021-05-21 00:00:00,0.8505929708480835,0.8505929708480835,0.7308679819107056,11071676,1.0941139459609985,1.0299110412597656
2021-05-22 00:00:00,0.7722039818763733,0.7722039818763733,0.732712984085083,6231758,0.8677319884300232,0.8506019711494446
2021-05-23 00:00:00,0.6340569853782654,0.6340569853782654,0.5194240212440491,8098740,0.8032150268554688,0.7672169804573059
2021-05-24 00:00:00,0.7971240282058716,0.7971240282058716,0.6261330246925354,8595640,0.8001520037651062,0.6340559720993042
2021-05-25 00:00:00,0.819894015789032,0.819894015789032,0.7162569761276245,12330378,0.861611008644104,0.7941790223121643
2021-05-26 00:00:00,0.8976399898529053,0.8976399898529053,0.8001670241355896,11554227,0.9185479879379272,0.8189489841461182
2021-05-27 00:00:00,0.8078209757804871,0.8078209757804871,0.7792540192604065,8001687,0.890999972820282,0.8885650038719177
2021-05-28 00:00:00,0.6914060115814209,0.6914060115814209,0.6556779742240906,7185310,0.8227109909057617,0.8028029799461365
2021-05-29 00:00:00,0.6282479763031006,0.6282479763031006,0.5981050133705139,5048893,0.7253000140190125,0.691332995891571
2021-05-30 00:00:00,0.9299659729003906,0.9299659729003906,0.6012579798698425,60967957,0.9770320057868958,0.636243999004364
2021-05-31 00:00:00,1.046502947807312,1.046502947807312,0.8244310021400452,88304418,1.226330041885376,0.9310529828071594
2021-06-01 00:00:00,0.9709939956665039,0.9709939956665039,0.9502750039100647,27812761,1.1355170011520386,1.046565055847168
2021-06-02 00:00:00,0.9734259843826294,0.9734259843826294,0.918927013874054,20759036,1.0416860580444336,0.9701079726219177
2021-06-03 00:00:00,1.0174930095672607,1.0174930095672607,0.9516749978065491,16738082,1.0395970344543457,0.9735379815101624
2021-06-04 00:00:00,0.8590189814567566,0.8590189814567566,0.805620014667511,16664734,1.020462989807129,1.0175739526748657
2021-06-05 00:00:00,0.8074269890785217,0.8074269890785217,0.7772150039672852,10239268,0.9328889846801758,0.8589000105857849
2021-06-06 00:00:00,0.810679018497467,0.810679018497467,0.7863150238990784,7583404,0.8442689776420593,0.8092589974403381
2021-06-07 00:00:00,0.7065079808235168,0.7065079808235168,0.705528974533081,7354932,0.8445649743080139,0.8106849789619446
2021-06-08 00:00:00,0.7038450241088867,0.7038450241088867,0.6124299764633179,9838115,0.7293689846992493,0.708545982837677
2021-06-09 00:00:00,0.7313889861106873,0.7313889861106873,0.6639009714126587,7251386,0.7493630051612854,0.7018460035324097
2021-06-10 00:00:00,0.6725090146064758,0.6725090146064758,0.6666169762611389,6627975,0.7354099750518799,0.7334039807319641
2021-06-11 00:00:00,0.6712960004806519,0.6712960004806519,0.6505240201950073,6427351,0.7193670272827148,0.6714959740638733
2021-06-12 00:00:00,0.6327229738235474,0.6327229738235474,0.6192409992218018,4221138,0.6834759712219238,0.6723440289497375
2021-06-13 00:00:00,0.6797919869422913,0.6797919869422913,0.6143450140953064,4931680,0.6797919869422913,0.6327130198478699
2021-06-14 00:00:00,0.6950219869613647,0.6950219869613647,0.6587569713592529,5621031,0.7369019985198975,0.6798229813575745
2021-06-15 00:00:00,0.6860650181770325,0.6860650181770325,0.660938024520874,6697054,0.7103620171546936,0.6883059740066528
2021-06-16 00:00:00,0.6250939965248108,0.6250939965248108,0.6201890110969543,5674968,0.6800810098648071,0.6732479929924011
2021-06-17 00:00:00,0.6404539942741394,0.6404539942741394,0.6210160255432129,7117735,0.6860719919204712,0.6250200271606445
2021-06-18 00:00:00,0.6090279817581177,0.6090279817581177,0.5926240086555481,7326393,0.6503379940986633,0.639473021030426
2021-06-19 00:00:00,0.5829200148582458,0.5829200148582458,0.5818449854850769,6549419,0.6271489858627319,0.6090580224990845
2021-06-20 00:00:00,0.5685290098190308,0.5685290098190308,0.5304449796676636,6441434,0.5868669748306274,0.5838379859924316
2021-06-21 00:00:00,0.4260750114917755,0.4260750114917755,0.42404699325561523,6037691,0.5725439786911011,0.5685060024261475
2021-06-22 00:00:00,0.3913840055465698,0.3913840055465698,0.3352780044078827,6038846,0.4472540020942688,0.42603200674057007
2021-06-23 00:00:00,0.42327600717544556,0.42327600717544556,0.3734540045261383,3893825,0.45134401321411133,0.3893890082836151
2021-06-24 00:00:00,0.4250200092792511,0.4250200092792511,0.3923709988594055,4935000,0.4441410005092621,0.42236199975013733
2021-06-25 00:00:00,0.3739579916000366,0.3739579916000366,0.3678790032863617,5877551,0.4361349940299988,0.4240660071372986
2021-06-26 00:00:00,0.36546599864959717,0.36546599864959717,0.34204599261283875,3181165,0.38095998764038086,0.37393900752067566
2021-06-27 00:00:00,0.4132939875125885,0.4132939875125885,0.36348098516464233,11846330,0.436598002910614,0.36542901396751404
2021-06-28 00:00:00,0.4080199897289276,0.4080199897289276,0.3931100070476532,6311462,0.4281710088253021,0.41327300667762756
2021-06-29 00:00:00,0.42905300855636597,0.42905300855636597,0.4069949984550476,7589592,0.45321598649024963,0.4079740047454834
2021-06-30 00:00:00,0.4221009910106659,0.4221009910106659,0.38295701146125793,5394158,0.43601900339126587,0.42900899052619934
2021-07-01 00:00:00,0.3840929865837097,0.3840929865837097,0.36711499094963074,4701352,0.4220919907093048,0.4220919907093048
2021-07-02 00:00:00,0.38203200697898865,0.38203200697898865,0.3631339967250824,3405546,0.38809600472450256,0.38308799266815186
2021-07-03 00:00:00,0.3990130126476288,0.3990130126476288,0.3740290105342865,3736356,0.40515801310539246,0.3820129930973053
2021-07-04 00:00:00,0.4277440011501312,0.4277440011501312,0.3868339955806732,7963627,0.4467979967594147,0.3989900052547455
2021-07-05 00:00:00,0.411298006772995,0.411298006772995,0.39622700214385986,7158387,0.4280799925327301,0.42778700590133667
2021-07-06 00:00:00,0.45601901412010193,0.45601901412010193,0.4102509915828705,16165423,0.4671120047569275,0.4112800061702728
2021-07-07 00:00:00,0.48731398582458496,0.48731398582458496,0.45011499524116516,29236672,0.5519970059394836,0.45505499839782715
2021-07-08 00:00:00,0.4229530096054077,0.4229530096054077,0.4149090051651001,13284125,0.48732200264930725,0.4853529930114746
2021-07-09 00:00:00,0.45387300848960876,0.45387300848960876,0.399944007396698,11600931,0.4719240069389343,0.4229530096054077
2021-07-10 00:00:00,0.4340290129184723,0.4340290129184723,0.427157998085022,8534033,0.47389501333236694,0.45383700728416443
2021-07-11 00:00:00,0.49113500118255615,0.49113500118255615,0.43100500106811523,14201369,0.5044800043106079,0.4339889883995056
2021-07-12 00:00:00,0.4671599864959717,0.4671599864959717,0.4521549940109253,17209841,0.5341110229492188,0.4921019971370697
2021-07-13 00:00:00,0.5400140285491943,0.5400140285491943,0.45916199684143066,27183045,0.5470330119132996,0.4661389887332916
2021-07-14 00:00:00,0.6350520253181458,0.6350520253181458,0.4851459860801697,62565978,0.6900990009307861,0.5419350266456604
2021-07-15 00:00:00,0.602940022945404,0.602940022945404,0.5949680209159851,96594287,0.7961000204086304,0.6370900273323059
2021-07-16 00:00:00,0.50621098279953,0.50621098279953,0.5001869797706604,53257964,0.6230069994926453,0.6040300130844116
2021-07-17 00:00:00,0.46725699305534363,0.46725699305534363,0.45322999358177185,23635988,0.5061860084533691,0.504190981388092
2021-07-18 00:00:00,0.44429001212120056,0.44429001212120056,0.4382370114326477,26813122,0.5258319973945618,0.46726399660110474
2021-07-19 00:00:00,0.39204299449920654,0.39204299449920654,0.387050986289978,19500750,0.45428699254989624,0.4432770013809204
2021-07-20 00:00:00,0.3641040027141571,0.3641040027141571,0.3450300097465515,11785803,0.40003499388694763,0.3930380046367645
2021-07-21 00:00:00,0.3940980136394501,0.3940980136394501,0.35107100009918213,15752664,0.4071199893951416,0.36510100960731506
2021-07-22 00:00:00,0.41609498858451843,0.41609498858451843,0.3821429908275604,19166627,0.43507200479507446,0.39509499073028564
2021-07-23 00:00:00,0.4671429991722107,0.4671429991722107,0.38510599732398987,25800377,0.47205498814582825,0.4150939881801605
2021-07-24 00:00:00,0.49434998631477356,0.49434998631477356,0.4400550127029419,52455620,0.5315080285072327,0.4651539921760559
2021-07-25 00:00:00,0.6270819902420044,0.6270819902420044,0.46824800968170166,116854723,0.6480559706687927,0.4943520128726959
2021-07-26 00:00:00,0.5150790214538574,0.5150790214538574,0.5030239820480347,68415527,0.6720730066299438,0.626101016998291
2021-07-27 00:00:00,0.5370720028877258,0.5370720028877258,0.4860660135746002,52430384,0.5852940082550049,0.5141310095787048
2021-07-28 00:00:00,0.5820509791374207,0.5820509791374207,0.5201900005340576,59603866,0.6141700148582458,0.5380629897117615
2021-07-29 00:00:00,0.5491819977760315,0.5491819977760315,0.540365993976593,46211319,0.6162940263748169,0.5810660123825073
2021-07-30 00:00:00,0.5672240257263184,0.5672240257263184,0.513592004776001,31509348,0.5701730251312256,0.5491499900817871
2021-07-31 00:00:00,0.5692340135574341,0.5692340135574341,0.5350180268287659,29619863,0.5922120213508606,0.5661560297012329
2021-08-01 00:00:00,0.53016197681427,0.53016197681427,0.5252879858016968,26167864,0.5941010117530823,0.5661810040473938
2021-08-02 00:00:00,0.5403000116348267,0.5403000116348267,0.5182719826698303,23844895,0.5671949982643127,0.5281779766082764
2021-08-03 00:00:00,0.5741750001907349,0.5741750001907349,0.5182170271873474,31895277,0.5841109752655029,0.5403000116348267
2021-08-04 00:00:00,0.5910490155220032,0.5910490155220032,0.5681059956550598,55092717,0.6420230269432068,0.5761520266532898
2021-08-05 00:00:00,0.6490439772605896,0.6490439772605896,0.5790619850158691,47493122,0.6641380190849304,0.5930560231208801
2021-08-06 00:00:00,0.6572369933128357,0.6572369933128357,0.6100630164146423,46602054,0.6751109957695007,0.6440610289573669
2021-08-07 00:00:00,0.6373220086097717,0.6373220086097717,0.6132469773292542,48457274,0.6854270100593567,0.6612470149993896
2021-08-08 00:00:00,0.5870829820632935,0.5870829820632935,0.5810930132865906,36196528,0.6461489796638489,0.6402459740638733
2021-08-09 00:00:00,0.6700770258903503,0.6700770258903503,0.5640689730644226,66600037,0.6922079920768738,0.5881360173225403
2021-08-10 00:00:00,0.7392079830169678,0.7392079830169678,0.6432089805603027,78674843,0.7468929886817932,0.6681079864501953
2021-08-11 00:00:00,0.704367995262146,0.704367995262146,0.6902830004692078,98553569,0.8250439763069153,0.7372379899024963
2021-08-12 00:00:00,0.6723740100860596,0.6723740100860596,0.6513469815254211,66773999,0.7526569962501526,0.7053790092468262
2021-08-13 00:00:00,0.755128026008606,0.755128026008606,0.6713610291481018,48353920,0.7551609873771667,0.6713610291481018
2021-08-14 00:00:00,0.7185220122337341,0.7185220122337341,0.6984469890594482,47197009,0.7834280133247375,0.7501919865608215
2021-08-15 00:00:00,0.829509973526001,0.829509973526001,0.7154979705810547,106560433,0.8518409729003906,0.7184209823608398
2021-08-16 00:00:00,0.7672960162162781,0.7672960162162781,0.7552779912948608,58164468,0.8424479961395264,0.8265359997749329
2021-08-17 00:00:00,0.7121480107307434,0.7121480107307434,0.7051429748535156,46936427,0.8204010128974915,0.7643330097198486
2021-08-18 00:00:00,0.7304250001907349,0.7304250001907349,0.6821529865264893,48181547,0.763221025466919,0.7111549973487854
2021-08-19 00:00:00,0.7597630023956299,0.7597630023956299,0.6943569779396057,47199044,0.7619439959526062,0.7283440232276917
2021-08-20 00:00:00,0.7774140238761902,0.7774140238761902,0.7451459765434265,45870474,0.7854440212249756,0.75975102186203
2021-08-21 00:00:00,0.7914800047874451,0.7914800047874451,0.7604079842567444,55576317,0.8385800123214722,0.7765219807624817
2021-08-22 00:00:00,0.7646669745445251,0.7646669745445251,0.7349799871444702,43033537,0.8126360177993774,0.7915560007095337
2021-08-23 00:00:00,0.7886210083961487,0.7886210083961487,0.7627120018005371,62130144,0.817559003829956,0.7666659951210022
2021-08-24 00:00:00,0.7012360095977783,0.7012360095977783,0.6872699856758118,67423792,0.7935289740562439,0.7896310091018677
2021-08-25 00:00:00,0.8002349734306335,0.8002349734306335,0.6602780222892761,107524880,0.8211950063705444,0.700169026851654
2021-08-26 00:00:00,0.8495399951934814,0.8495399951934814,0.7080659866333008,295981043,0.9724119901657104,0.8003029823303223
2021-08-27 00:00:00,0.896369993686676,0.896369993686676,0.7683550119400024,181907811,0.9213860034942627,0.8474829792976379
2021-08-28 00:00:00,1.0166369676589966,1.0166369676589966,0.8465870022773743,324315066,1.1205179691314697,0.8956009745597839
2021-08-29 00:00:00,0.9803299903869629,0.9803299903869629,0.9803299903869629,241945574,1.1572710275650024,1.0196880102157593
2021-08-30 00:00:00,0.8990169763565063,0.8990169763565063,0.8937079906463623,143930363,1.0025899410247803,0.9794440269470215
2021-08-31 00:00:00,0.8470540046691895,0.8470540046691895,0.8383510112762451,90503349,0.9332889914512634,0.9011240005493164
2021-09-01 00:00:00,0.8873260021209717,0.8873260021209717,0.8224620223045349,85038612,0.9154340028762817,0.8447809815406799
2021-09-02 00:00:00,0.8416770100593567,0.8416770100593567,0.84095698595047,82549236,0.909309983253479,0.8886560201644897
2021-09-03 00:00:00,0.8749229907989502,0.8749229907989502,0.8233579993247986,96752899,0.9162619709968567,0.8422510027885437
2021-09-04 00:00:00,0.8669859766960144,0.8669859766960144,0.8506090044975281,80169910,0.9117090106010437,0.8748270273208618
2021-09-05 00:00:00,0.8611630201339722,0.8611630201339722,0.8430920243263245,60600104,0.8835920095443726,0.8658639788627625
2021-09-06 00:00:00,0.9127640128135681,0.9127640128135681,0.8556950092315674,101571767,0.9477450251579285,0.8609300255775452
2021-09-07 00:00:00,0.6860439777374268,0.6860439777374268,0.5835689902305603,98334411,0.9531949758529663,0.9137840270996094
2021-09-08 00:00:00,0.6691650152206421,0.6691650152206421,0.5902270078659058,82158586,0.7108889818191528,0.6812909841537476
2021-09-09 00:00:00,0.6715989708900452,0.6715989708900452,0.6265329718589783,76325172,0.7041670083999634,0.6299690008163452
2021-09-10 00:00:00,0.6215599775314331,0.6215599775314331,0.6096559762954712,79171541,0.7429670095443726,0.6706119775772095
2021-09-11 00:00:00,0.6427249908447266,0.6427249908447266,0.6094890236854553,63772940,0.6782680153846741,0.6223859786987305
2021-09-12 00:00:00,0.6578779816627502,0.6578779816627502,0.6243510246276855,62732879,0.7242109775543213,0.6436520218849182
2021-09-13 00:00:00,0.625432014465332,0.625432014465332,0.5919340252876282,53645957,0.6674410104751587,0.6579149961471558
2021-09-14 00:00:00,0.6443300247192383,0.6443300247192383,0.61319899559021,57696793,0.6474360227584839,0.6244800090789795
2021-09-15 00:00:00,0.6898099780082703,0.6898099780082703,0.6364970207214355,62635582,0.6972029805183411,0.6438909769058228
2021-09-16 00:00:00,0.6475170254707336,0.6475170254707336,0.6307979822158813,63191315,0.6997860074043274,0.6890180110931396
2021-09-17 00:00:00,0.6258710026741028,0.6258710026741028,0.6119329929351807,41589004,0.6646289825439453,0.6473950147628784
2021-09-18 00:00:00,0.677029013633728,0.677029013633728,0.6213979721069336,93796631,0.7480700016021729,0.6261810064315796
2021-09-19 00:00:00,0.6267210245132446,0.6267210245132446,0.6201189756393433,64469305,0.6911389827728271,0.6757360100746155
2021-09-20 00:00:00,0.5230910181999207,0.5230910181999207,0.51631098985672,57096258,0.6416680216789246,0.6258260011672974
2021-09-21 00:00:00,0.47808799147605896,0.47808799147605896,0.47250598669052124,51756241,0.5655819773674011,0.5275099873542786
2021-09-22 00:00:00,0.541217029094696,0.541217029094696,0.46804898977279663,49833082,0.5500270128250122,0.4765320122241974
2021-09-23 00:00:00,0.5393069982528687,0.5393069982528687,0.5007249712944031,53952952,0.5545740127563477,0.5410109758377075
2021-09-24 00:00:00,0.48188498616218567,0.48188498616218567,0.4497080147266388,38852880,0.5403050184249878,0.5399680137634277
2021-09-25 00:00:00,0.4679110050201416,0.4679110050201416,0.4597510099411011,27128274,0.4931040108203888,0.4819760024547577
2021-09-26 00:00:00,0.47232699394226074,0.47232699394226074,0.4189920127391815,33495565,0.48443400859832764,0.4679130017757416
2021-09-27 00:00:00,0.46553999185562134,0.46553999185562134,0.4529080092906952,37019461,0.5190179944038391,0.4753429889678955
2021-09-28 00:00:00,0.460193008184433,0.460193008184433,0.44949400424957275,31415670,0.5019130110740662,0.4655410051345825
2021-09-29 00:00:00,0.46594300866127014,0.46594300866127014,0.4548330008983612,24586987,0.4946489930152893,0.4601539969444275
2021-09-30 00:00:00,0.4729270040988922,0.4729270040988922,0.4588389992713928,23201142,0.48368701338768005,0.4667850136756897
2021-10-01 00:00:00,0.5173270106315613,0.5173270106315613,0.4701800048351288,40983461,0.5285030007362366,0.4729219973087311
2021-10-02 00:00:00,0.5122720003128052,0.5122720003128052,0.501911997795105,40888790,0.536234974861145,0.5173659920692444
2021-10-03 00:00:00,0.5309299826622009,0.5309299826622009,0.5001869797706604,45935518,0.5567129850387573,0.5132740139961243
2021-10-04 00:00:00,0.5700349807739258,0.5700349807739258,0.5054100155830383,74373040,0.6008970141410828,0.5306079983711243
2021-10-05 00:00:00,0.5694829821586609,0.5694829821586609,0.5374500155448914,56695185,0.5980049967765808,0.5723919868469238
2021-10-06 00:00:00,0.5446540117263794,0.5446540117263794,0.5149840116500854,45883286,0.5751820206642151,0.5685830116271973
2021-10-07 00:00:00,0.6123800277709961,0.6123800277709961,0.5246840119361877,86852076,0.6423060297966003,0.543520987033844
2021-10-08 00:00:00,0.5805190205574036,0.5805190205574036,0.5724570155143738,56163681,0.654699981212616,0.6118050217628479
2021-10-09 00:00:00,0.5727019906044006,0.5727019906044006,0.5637480020523071,51342592,0.6115040183067322,0.5805540084838867
2021-10-10 00:00:00,0.5353969931602478,0.5353969931602478,0.5318009853363037,38037264,0.5913000106811523,0.5726410150527954
2021-10-11 00:00:00,0.5141929984092712,0.5141929984092712,0.5087019801139832,34841805,0.5571979880332947,0.5350469946861267
2021-10-12 00:00:00,0.5106359720230103,0.5106359720230103,0.47434699535369873,35599996,0.5144190192222595,0.5144190192222595
2021-10-13 00:00:00,0.5386689901351929,0.5386689901351929,0.49980801343917847,45298345,0.5473049879074097,0.5115780234336853
2021-10-14 00:00:00,0.5601919889450073,0.5601919889450073,0.533482015132904,45487266,0.590690016746521,0.5396209955215454
2021-10-15 00:00:00,0.617044985294342,0.617044985294342,0.5232509970664978,110465134,0.6623640060424805,0.5605790019035339
2021-10-16 00:00:00,0.6092129945755005,0.6092129945755005,0.5955880284309387,80443215,0.6647419929504395,0.6184279918670654
2021-10-17 00:00:00,0.583283007144928,0.583283007144928,0.5682709813117981,52708516,0.6201670169830322,0.6077370047569275
2021-10-18 00:00:00,0.5789980292320251,0.5789980292320251,0.5655500292778015,43532359,0.6125670075416565,0.5839599967002869
2021-10-19 00:00:00,0.5659840106964111,0.5659840106964111,0.5585489869117737,30936617,0.5976189970970154,0.5797709822654724
2021-10-20 00:00:00,0.592835009098053,0.592835009098053,0.5567499995231628,37684935,0.6119040250778198,0.5662810206413269
2021-10-21 00:00:00,0.5737159848213196,0.5737159848213196,0.5668140053749084,40515051,0.6108329892158508,0.5932729840278625
2021-10-22 00:00:00,0.5764170289039612,0.5764170289039612,0.570114016532898,35920459,0.6085559725761414,0.5730230212211609
2021-10-23 00:00:00,0.5668529868125916,0.5668529868125916,0.5603939890861511,24989810,0.579101026058197,0.5760189890861511
2021-10-24 00:00:00,0.5281400084495544,0.5281400084495544,0.525626003742218,31372698,0.5698469877243042,0.5666390061378479
2021-10-25 00:00:00,0.5359979867935181,0.5359979867935181,0.5255560278892517,40996648,0.5499330163002014,0.5269370079040527
2021-10-26 00:00:00,0.5400360226631165,0.5400360226631165,0.5299739837646484,54719529,0.5736209750175476,0.535860002040863
2021-10-27 00:00:00,0.47993698716163635,0.47993698716163635,0.46945101022720337,45916711,0.5473809838294983,0.5400300025939941
2021-10-28 00:00:00,0.495279997587204,0.495279997587204,0.4706920087337494,36259987,0.5033550262451172,0.47922399640083313
2021-10-29 00:00:00,0.5171279907226562,0.5171279907226562,0.492902010679245,37239292,0.5280939936637878,0.49549999833106995
2021-10-30 00:00:00,0.5241960287094116,0.5241960287094116,0.4883509874343872,46083701,0.5412229895591736,0.5171380043029785
2021-10-31 00:00:00,0.5073999762535095,0.5073999762535095,0.49555298686027527,45764662,0.5475559830665588,0.5236790180206299
2021-11-01 00:00:00,0.5093140006065369,0.5093140006065369,0.4917779862880707,39100927,0.5185819864273071,0.507377028465271
2021-11-02 00:00:00,0.5285069942474365,0.5285069942474365,0.5020409822463989,49514336,0.5492950081825256,0.5092650055885315
2021-11-03 00:00:00,0.5873119831085205,0.5873119831085205,0.515254020690918,90334927,0.6096829771995544,0.5282260179519653
2021-11-04 00:00:00,0.6303430199623108,0.6303430199623108,0.5583320260047913,110849406,0.6493129730224609,0.5874029994010925
2021-11-05 00:00:00,0.592507004737854,0.592507004737854,0.5861470103263855,104667358,0.6855850219726562,0.6301940083503723
2021-11-06 00:00:00,0.6008729934692383,0.6008729934692383,0.5656589865684509,44281691,0.6090899705886841,0.5914220213890076
2021-11-07 00:00:00,0.6001020073890686,0.6001020073890686,0.5929999947547913,50828698,0.6398230195045471,0.6010710000991821
2021-11-08 00:00:00,0.5906810164451599,0.5906810164451599,0.5829409956932068,42944562,0.6012369990348816,0.6007009744644165
2021-11-09 00:00:00,0.5929690003395081,0.5929690003395081,0.5808849930763245,43884203,0.6170349717140198,0.5909469723701477
2021-11-10 00:00:00,0.5588539838790894,0.5588539838790894,0.5336099863052368,50396467,0.6161980032920837,0.5919309854507446
2021-11-11 00:00:00,0.5686630010604858,0.5686630010604858,0.5424090027809143,32692369,0.5745199918746948,0.55942302942276
2021-11-12 00:00:00,0.5337370038032532,0.5337370038032532,0.5191640257835388,40669791,0.5663179755210876,0.5663179755210876
2021-11-13 00:00:00,0.5472440123558044,0.5472440123558044,0.526199996471405,38129771,0.5555490255355835,0.5344759821891785
2021-11-14 00:00:00,0.5384659767150879,0.5384659767150879,0.5272849798202515,33924928,0.5521900057792664,0.5472069978713989
2021-11-15 00:00:00,0.5523470044136047,0.5523470044136047,0.5351269841194153,47302799,0.5801640152931213,0.5392410159111023
2021-11-16 00:00:00,0.500298023223877,0.500298023223877,0.4778060019016266,40665983,0.553288996219635,0.553288996219635
2021-11-17 00:00:00,0.49226200580596924,0.49226200580596924,0.47949498891830444,28717124,0.503354012966156,0.4997349977493286
2021-11-18 00:00:00,0.4491100013256073,0.4491100013256073,0.4342480003833771,33250908,0.4963740110397339,0.4922040104866028
2021-11-19 00:00:00,0.478753000497818,0.478753000497818,0.4376240074634552,28222778,0.48876500129699707,0.4488700032234192
2021-11-20 00:00:00,0.4887399971485138,0.4887399971485138,0.46764999628067017,35695926,0.5014849901199341,0.4795689880847931
2021-11-21 00:00:00,0.5062400102615356,0.5062400102615356,0.48379701375961304,51421856,0.5365560054779053,0.48875299096107483
2021-11-22 00:00:00,0.4808630049228668,0.4808630049228668,0.4696449935436249,35480096,0.5101230144500732,0.5046809911727905
2021-11-23 00:00:00,0.4911879897117615,0.4911879897117615,0.4749389886856079,26893663,0.4994199872016907,0.4817120134830475
2021-11-24 00:00:00,0.47804099321365356,0.47804099321365356,0.46022599935531616,23791603,0.49114298820495605,0.49114298820495605
2021-11-25 00:00:00,0.47712698578834534,0.47712698578834534,0.4724479913711548,26037429,0.510233998298645,0.4735719859600067
2021-11-26 00:00:00,0.439085990190506,0.439085990190506,0.42918500304222107,35718623,0.49647799134254456,0.4896720051765442
2021-11-27 00:00:00,0.45165398716926575,0.45165398716926575,0.4375079870223999,32754651,0.4785420000553131,0.44038599729537964
2021-11-28 00:00:00,0.4557279944419861,0.4557279944419861,0.42309001088142395,24128449,0.4577459990978241,0.4518139958381653
2021-11-29 00:00:00,0.46605798602104187,0.46605798602104187,0.4416239857673645,24889797,0.47237399220466614,0.45546799898147583
2021-11-30 00:00:00,0.44913598895072937,0.44913598895072937,0.43755099177360535,24311954,0.4693099856376648,0.4671950042247772
2021-12-01 00:00:00,0.4459660053253174,0.4459660053253174,0.4401490092277527,26217396,0.46510499715805054,0.44791099429130554
2021-12-02 00:00:00,0.43356600403785706,0.43356600403785706,0.4239259958267212,27591329,0.4458659887313843,0.4458659887313843
2021-12-03 00:00:00,0.4443109929561615,0.4443109929561615,0.4290989935398102,53518471,0.4911620020866394,0.43413999676704407
2021-12-04 00:00:00,0.3559100031852722,0.3559100031852722,0.3018049895763397,39897561,0.4562169909477234,0.44497400522232056
2021-12-05 00:00:00,0.341854989528656,0.341854989528656,0.3349590003490448,30049570,0.37709999084472656,0.35646599531173706
2021-12-06 00:00:00,0.3498130142688751,0.3498130142688751,0.31494900584220886,27639837,0.35319599509239197,0.3413360118865967
2021-12-07 00:00:00,0.3386099934577942,0.3386099934577942,0.337211012840271,19745795,0.3603909909725189,0.3503449857234955
2021-12-08 00:00:00,0.34897398948669434,0.34897398948669434,0.32741400599479675,22214044,0.35191699862480164,0.33859899640083313
2021-12-09 00:00:00,0.3143180012702942,0.3143180012702942,0.3143180012702942,17466547,0.3522210121154785,0.3485879898071289
2021-12-10 00:00:00,0.29028400778770447,0.29028400778770447,0.2888390123844147,22023281,0.3236989974975586,0.31442898511886597
2021-12-11 00:00:00,0.2953549921512604,0.2953549921512604,0.2841620147228241,26281617,0.2988339960575104,0.2903459966182709
2021-12-12 00:00:00,0.3066590130329132,0.3066590130329132,0.2898299992084503,32758595,0.31898900866508484,0.2953200042247772
2021-12-13 00:00:00,0.2630409896373749,0.2630409896373749,0.25770100951194763,22856831,0.30680400133132935,0.30680400133132935
2021-12-14 00:00:00,0.2517400085926056,0.2517400085926056,0.2502950131893158,15763761,0.2699050009250641,0.2632310092449188
2021-12-15 00:00:00,0.26991501450538635,0.26991501450538635,0.245728999376297,16416786,0.2760460078716278,0.25923699140548706
2021-12-16 00:00:00,0.2576499879360199,0.2576499879360199,0.25751298666000366,14795437,0.2732369899749756,0.2703930139541626
2021-12-17 00:00:00,0.26561200618743896,0.26561200618743896,0.24329300224781036,23462019,0.28188300132751465,0.25806599855422974
2021-12-18 00:00:00,0.27737098932266235,0.27737098932266235,0.2588379979133606,22525859,0.28522399067878723,0.265855997800827
2021-12-19 00:00:00,0.265843003988266,0.265843003988266,0.2653760015964508,19014403,0.29261600971221924,0.2772409915924072
2021-12-20 00:00:00,0.2502099871635437,0.2502099871635437,0.24136699736118317,17047337,0.26864999532699585,0.26623600721359253
2021-12-21 00:00:00,0.2584660053253174,0.2584660053253174,0.2469870001077652,14295542,0.26367801427841187,0.25003600120544434
2021-12-22 00:00:00,0.26850399374961853,0.26850399374961853,0.2577979862689972,18882364,0.2752380073070526,0.258107990026474
2021-12-23 00:00:00,0.277675986289978,0.277675986289978,0.25995200872421265,17369661,0.2813650071620941,0.268777996301651
2021-12-24 00:00:00,0.2679949998855591,0.2679949998855591,0.2657659947872162,16728509,0.2871820032596588,0.27722999453544617
2021-12-25 00:00:00,0.27480900287628174,0.27480900287628174,0.2664879858493805,13015855,0.2789439857006073,0.26789700984954834
2021-12-26 00:00:00,0.2713850140571594,0.2713850140571594,0.2596760094165802,14511871,0.2762340009212494,0.2748270034790039
2021-12-27 00:00:00,0.29180198907852173,0.29180198907852173,0.2698729932308197,35623136,0.3297100067138672,0.27143898606300354
2021-12-28 00:00:00,0.3054240047931671,0.3054240047931671,0.28168100118637085,88097942,0.346439003944397,0.2918829917907715
2021-12-29 00:00:00,0.2680650055408478,0.2680650055408478,0.26660799980163574,35190222,0.3223010003566742,0.3054710030555725
2021-12-30 00:00:00,0.2658720016479492,0.2658720016479492,0.2630319893360138,16414374,0.2779729962348938,0.26779499650001526
2021-12-31 00:00:00,0.26156601309776306,0.26156601309776306,0.2541539967060089,13131024,0.2735080122947693,0.26617199182510376
2022-01-01 00:00:00,0.27045300602912903,0.27045300602912903,0.26149100065231323,13502574,0.27191099524497986,0.2616010010242462
2022-01-02 00:00:00,0.27407699823379517,0.27407699823379517,0.2657009959220886,18041262,0.28669899702072144,0.2704539895057678
2022-01-03 00:00:00,0.2837910056114197,0.2837910056114197,0.26784801483154297,20357149,0.28942999243736267,0.2740730047225952
2022-01-04 00:00:00,0.28404301404953003,0.28404301404953003,0.2798849940299988,35159931,0.3191390037536621,0.28370898962020874
2022-01-05 00:00:00,0.2603760063648224,0.2603760063648224,0.25192299485206604,23418281,0.2966969907283783,0.2840000092983246
2022-01-06 00:00:00,0.2506450116634369,0.2506450116634369,0.2411710023880005,17713229,0.26211899518966675,0.26044800877571106
2022-01-07 00:00:00,0.22561900317668915,0.22561900317668915,0.22321799397468567,17174772,0.2509390115737915,0.25063198804855347
2022-01-08 00:00:00,0.2173759937286377,0.2173759937286377,0.21127499639987946,14145210,0.23729999363422394,0.22565099596977234
2022-01-09 00:00:00,0.21817100048065186,0.21817100048065186,0.2142850011587143,11757154,0.22550100088119507,0.21745799481868744
2022-01-10 00:00:00,0.21153800189495087,0.21153800189495087,0.1962369978427887,13598760,0.22218699753284454,0.21814100444316864
2022-01-11 00:00:00,0.2306320071220398,0.2306320071220398,0.20945799350738525,15064835,0.23565100133419037,0.2116280049085617
2022-01-12 00:00:00,0.24209700524806976,0.24209700524806976,0.2286590039730072,17924348,0.24760399758815765,0.23052500188350677
2022-01-13 00:00:00,0.23112399876117706,0.23112399876117706,0.22775700688362122,17348238,0.2471410036087036,0.24200600385665894
2022-01-14 00:00:00,0.23181700706481934,0.23181700706481934,0.22048699855804443,13256525,0.23739999532699585,0.23116600513458252
2022-01-15 00:00:00,0.23431700468063354,0.23431700468063354,0.22812700271606445,11297033,0.23885299265384674,0.23180800676345825
2022-01-16 00:00:00,0.2384600043296814,0.2384600043296814,0.22896599769592285,14499151,0.2384600043296814,0.2342589944601059
2022-01-17 00:00:00,0.22005300223827362,0.22005300223827362,0.21695099771022797,13148244,0.23893499374389648,0.23833100497722626
2022-01-18 00:00:00,0.21337300539016724,0.21337300539016724,0.20989400148391724,10501713,0.2220429927110672,0.2199140042066574
2022-01-19 00:00:00,0.20912699401378632,0.20912699401378632,0.20772400498390198,11118579,0.21586400270462036,0.21333299577236176
2022-01-20 00:00:00,0.20531800389289856,0.20531800389289856,0.20531600713729858,9789376,0.21839900314807892,0.20933400094509125
2022-01-21 00:00:00,0.17242999374866486,0.17242999374866486,0.17123499512672424,18424835,0.20694600045681,0.20541399717330933
2022-01-22 00:00:00,0.16093499958515167,0.16093499958515167,0.1457889974117279,23212160,0.17830899357795715,0.17255799472332
2022-01-23 00:00:00,0.16828800737857819,0.16828800737857819,0.1578579992055893,15455461,0.17319999635219574,0.16089899837970734
2022-01-24 00:00:00,0.16225700080394745,0.16225700080394745,0.1494770050048828,14626884,0.16826100647449493,0.16826100647449493
2022-01-25 00:00:00,0.16366100311279297,0.16366100311279297,0.1578730046749115,12227770,0.16725100576877594,0.1622380018234253
2022-01-26 00:00:00,0.16073499619960785,0.16073499619960785,0.15740099549293518,12912700,0.17385199666023254,0.16368000209331512
2022-01-27 00:00:00,0.15748800337314606,0.15748800337314606,0.14854000508785248,13461493,0.16204600036144257,0.16075900197029114
2022-01-28 00:00:00,0.16138100624084473,0.16138100624084473,0.1523520052433014,11601482,0.16166700422763824,0.15744900703430176
2022-01-29 00:00:00,0.1611340045928955,0.1611340045928955,0.1589670032262802,9382864,0.16419799625873566,0.16141100227832794
2022-01-30 00:00:00,0.15942299365997314,0.15942299365997314,0.1538030058145523,9799640,0.1620129942893982,0.16116900742053986
2022-01-31 00:00:00,0.16136899590492249,0.16136899590492249,0.15471799671649933,11774275,0.1622990071773529,0.15944600105285645
2022-02-01 00:00:00,0.168721005320549,0.168721005320549,0.159744992852211,12478888,0.17143100500106812,0.16133800148963928
2022-02-02 00:00:00,0.16116000711917877,0.16116000711917877,0.15796999633312225,12648318,0.17274199426174164,0.168722003698349
2022-02-03 00:00:00,0.17038899660110474,0.17038899660110474,0.15673699975013733,13810750,0.17459799349308014,0.16114400327205658
2022-02-04 00:00:00,0.18805499374866486,0.18805499374866486,0.16692200303077698,24932336,0.19162000715732574,0.17039799690246582
2022-02-05 00:00:00,0.18472300469875336,0.18472300469875336,0.1819320023059845,13730971,0.1982640027999878,0.1880519986152649
2022-02-06 00:00:00,0.1875540018081665,0.1875540018081665,0.1818840056657791,11057752,0.18887299299240112,0.1847420036792755
2022-02-07 00:00:00,0.19405600428581238,0.19405600428581238,0.1861640065908432,16284098,0.19624300301074982,0.1875399947166443
2022-02-08 00:00:00,0.18547600507736206,0.18547600507736206,0.17907799780368805,18888456,0.20340000092983246,0.19409500062465668
2022-02-09 00:00:00,0.22100499272346497,0.22100499272346497,0.1819009929895401,20360228,0.22110199928283691,0.18548600375652313
2022-02-10 00:00:00,0.2582629919052124,0.2582629919052124,0.21050900220870972,231120346,0.2889440059661865,0.22043199837207794
2022-02-11 00:00:00,0.2162719964981079,0.2162719964981079,0.2094459980726242,65572738,0.25835099816322327,0.25835099816322327
2022-02-12 00:00:00,0.20398899912834167,0.20398899912834167,0.20152999460697174,31369024,0.2182680070400238,0.21629799902439117
2022-02-13 00:00:00,0.2063090056180954,0.2063090056180954,0.2023179978132248,32710848,0.2285420000553131,0.20398400723934174
2022-02-14 00:00:00,0.24327799677848816,0.24327799677848816,0.2013159990310669,103303892,0.26008400321006775,0.20606499910354614
2022-02-15 00:00:00,0.2401999980211258,0.2401999980211258,0.23595499992370605,84933860,0.26563701033592224,0.24341300129890442
2022-02-16 00:00:00,0.23012399673461914,0.23012399673461914,0.2239460051059723,25555497,0.2402999997138977,0.2402459979057312
2022-02-17 00:00:00,0.20425499975681305,0.20425499975681305,0.20302100479602814,18385079,0.231453999876976,0.2300889939069748
2022-02-18 00:00:00,0.19952000677585602,0.19952000677585602,0.19879400730133057,19957342,0.21479399502277374,0.20439699292182922
2022-02-19 00:00:00,0.19579599797725677,0.19579599797725677,0.19181300699710846,12827862,0.20266200602054596,0.1994909942150116
2022-02-20 00:00:00,0.1808069944381714,0.1808069944381714,0.17735999822616577,15148920,0.19597099721431732,0.19579899311065674
2022-02-21 00:00:00,0.16907300055027008,0.16907300055027008,0.16903699934482574,21816158,0.19428500533103943,0.18079400062561035
2022-02-22 00:00:00,0.17243599891662598,0.17243599891662598,0.1631219983100891,15036779,0.173008993268013,0.16901199519634247
2022-02-23 00:00:00,0.16716399788856506,0.16716399788856506,0.16716399788856506,16301339,0.17907600104808807,0.172433003783226
2022-02-24 00:00:00,0.15933799743652344,0.15933799743652344,0.14393499493598938,22030344,0.16710899770259857,0.16710899770259857
2022-02-25 00:00:00,0.1678680032491684,0.1678680032491684,0.15830500423908234,16140940,0.17021499574184418,0.159403994679451
2022-02-26 00:00:00,0.1705929934978485,0.1705929934978485,0.16787099838256836,15878862,0.17441800236701965,0.16787099838256836
2022-02-27 00:00:00,0.1598619967699051,0.1598619967699051,0.15825699269771576,15867955,0.17485100030899048,0.17058299481868744
2022-02-28 00:00:00,0.1755400002002716,0.1755400002002716,0.15789799392223358,17454665,0.17628200352191925,0.159853994846344
2022-03-01 00:00:00,0.1784439980983734,0.1784439980983734,0.17306099832057953,21324859,0.18533100187778473,0.175586998462677
2022-03-02 00:00:00,0.17656899988651276,0.17656899988651276,0.17491400241851807,18061958,0.18138200044631958,0.17842599749565125
2022-03-03 00:00:00,0.17393800616264343,0.17393800616264343,0.16938500106334686,18235571,0.1775519996881485,0.17657999694347382
2022-03-04 00:00:00,0.15973199903964996,0.15973199903964996,0.15881100296974182,16060526,0.17395199835300446,0.17394399642944336
2022-03-05 00:00:00,0.16822899878025055,0.16822899878025055,0.15673300623893738,13565050,0.16986599564552307,0.15978799760341644
2022-03-06 00:00:00,0.16109499335289001,0.16109499335289001,0.15963099896907806,14051968,0.1687069982290268,0.16823700070381165
2022-03-07 00:00:00,0.15883700549602509,0.15883700549602509,0.15110400319099426,20643481,0.16169700026512146,0.16110000014305115
2022-03-08 00:00:00,0.15849000215530396,0.15849000215530396,0.15622499585151672,12655205,0.16128499805927277,0.15882200002670288
2022-03-09 00:00:00,0.1713780015707016,0.1713780015707016,0.15829500555992126,15497073,0.1715089976787567,0.15849700570106506
2022-03-10 00:00:00,0.16436700522899628,0.16436700522899628,0.15705299377441406,18845306,0.17211200296878815,0.17138099670410156
2022-03-11 00:00:00,0.16005900502204895,0.16005900502204895,0.15936200320720673,15061339,0.1682479977607727,0.16437099874019623
2022-03-12 00:00:00,0.15935200452804565,0.15935200452804565,0.159293994307518,8558077,0.16316699981689453,0.16017800569534302
2022-03-13 00:00:00,0.15070000290870667,0.15070000290870667,0.15059399604797363,10004594,0.1602810025215149,0.15925200283527374
2022-03-14 00:00:00,0.15459400415420532,0.15459400415420532,0.14979200065135956,14349860,0.15655800700187683,0.15075699985027313
2022-03-15 00:00:00,0.1617259979248047,0.1617259979248047,0.15009799599647522,22177067,0.1630769968032837,0.1545879989862442
2022-03-16 00:00:00,0.17076200246810913,0.17076200246810913,0.15852099657058716,22746367,0.17076200246810913,0.1617259979248047
2022-03-17 00:00:00,0.1651419997215271,0.1651419997215271,0.16378900408744812,16429739,0.17087599635124207,0.1707489937543869
2022-03-18 00:00:00,0.18317000567913055,0.18317000567913055,0.16255499422550201,70324226,0.19727499783039093,0.16511599719524384
2022-03-19 00:00:00,0.19029800593852997,0.19029800593852997,0.18316900730133057,62113696,0.2246609926223755,0.18316900730133057
2022-03-20 00:00:00,0.1768600046634674,0.1768600046634674,0.1749729961156845,27565197,0.19766800105571747,0.1903029978275299
2022-03-21 00:00:00,0.18092800676822662,0.18092800676822662,0.17186500132083893,18091712,0.18371999263763428,0.1767120063304901
2022-03-22 00:00:00,0.18101699650287628,0.18101699650287628,0.18022599816322327,15330896,0.18688300251960754,0.18092100322246552
2022-03-23 00:00:00,0.19746699929237366,0.19746699929237366,0.17802099883556366,55266219,0.2110230028629303,0.18099699914455414
2022-03-24 00:00:00,0.19190199673175812,0.19190199673175812,0.18851099908351898,29282468,0.20263400673866272,0.19753800332546234
2022-03-25 00:00:00,0.1996529996395111,0.1996529996395111,0.19065600633621216,31139037,0.21699999272823334,0.1918880045413971
2022-03-26 00:00:00,0.20674000680446625,0.20674000680446625,0.196042999625206,18992638,0.20696799457073212,0.19965200126171112
2022-03-27 00:00:00,0.22012299299240112,0.22012299299240112,0.2059900015592575,31548220,0.22159500420093536,0.20676900446414948
2022-03-28 00:00:00,0.20947599411010742,0.20947599411010742,0.20941999554634094,31768489,0.2279369980096817,0.22016200423240662
2022-03-29 00:00:00,0.20398199558258057,0.20398199558258057,0.20265699923038483,25710484,0.21752099692821503,0.20938800275325775
2022-03-30 00:00:00,0.2064809948205948,0.2064809948205948,0.19871699810028076,21082997,0.20958800613880157,0.20397399365901947
2022-03-31 00:00:00,0.19471000134944916,0.19471000134944916,0.19284500181674957,24793181,0.2120569944381714,0.20648199319839478
2022-04-01 00:00:00,0.2103620022535324,0.2103620022535324,0.18729999661445618,25539336,0.21140100061893463,0.19472600519657135
2022-04-02 00:00:00,0.2063940018415451,0.2063940018415451,0.20579400658607483,22647302,0.21550500392913818,0.2103620022535324
2022-04-03 00:00:00,0.22442099452018738,0.22442099452018738,0.20486900210380554,32937109,0.22867000102996826,0.2063799947500229
2022-04-04 00:00:00,0.23905600607395172,0.23905600607395172,0.2153329998254776,60432825,0.24734799563884735,0.22434599697589874
2022-04-05 00:00:00,0.22547200322151184,0.22547200322151184,0.22498400509357452,67137183,0.2712610065937042,0.2390349954366684
2022-04-06 00:00:00,0.1936749964952469,0.1936749964952469,0.19187800586223602,30397317,0.22566799819469452,0.2255380004644394
2022-04-07 00:00:00,0.20545099675655365,0.20545099675655365,0.19343499839305878,20107567,0.21355600655078888,0.19367000460624695
2022-04-08 00:00:00,0.25918298959732056,0.25918298959732056,0.20456700026988983,106545325,0.25993698835372925,0.20546799898147583
2022-04-09 00:00:00,0.22759799659252167,0.22759799659252167,0.221452996134758,57075223,0.2597309947013855,0.2589449882507324
2022-04-10 00:00:00,0.21915499866008759,0.21915499866008759,0.21473999321460724,21869219,0.2298640012741089,0.22763100266456604
2022-04-11 00:00:00,0.19689099490642548,0.19689099490642548,0.19198699295520782,17977176,0.21910299360752106,0.21910299360752106
2022-04-12 00:00:00,0.22693100571632385,0.22693100571632385,0.19690600037574768,70819736,0.24522200226783752,0.19690600037574768
2022-04-13 00:00:00,0.2781299948692322,0.2781299948692322,0.2261510044336319,184009279,0.303276002407074,0.22688600420951843
2022-04-14 00:00:00,0.24424299597740173,0.24424299597740173,0.23943600058555603,70807264,0.27789899706840515,0.27789899706840515
2022-04-15 00:00:00,0.2654620110988617,0.2654620110988617,0.2442850023508072,82025984,0.2858720123767853,0.2442850023508072
2022-04-16 00:00:00,0.25378701090812683,0.25378701090812683,0.2463490068912506,36217270,0.2750299870967865,0.2654449939727783
2022-04-17 00:00:00,0.22983600199222565,0.22983600199222565,0.22546499967575073,32978267,0.2553409934043884,0.2535969913005829
2022-04-18 00:00:00,0.24275200068950653,0.24275200068950653,0.21582399308681488,51191513,0.2466229945421219,0.23013299703598022
2022-04-19 00:00:00,0.25291699171066284,0.25291699171066284,0.2342739999294281,38046002,0.25743401050567627,0.2426699995994568
2022-04-20 00:00:00,0.23278699815273285,0.23278699815273285,0.2271679937839508,31276996,0.2541919946670532,0.25274500250816345
2022-04-21 00:00:00,0.22472000122070312,0.22472000122070312,0.22265300154685974,27389481,0.24337700009346008,0.2327200025320053
2022-04-22 00:00:00,0.23486000299453735,0.23486000299453735,0.21785999834537506,62711276,0.2536180019378662,0.22471100091934204
2022-04-23 00:00:00,0.22503000497817993,0.22503000497817993,0.2250239998102188,23139027,0.23898999392986298,0.23482400178909302
2022-04-24 00:00:00,0.2130730003118515,0.2130730003118515,0.21300500631332397,17509400,0.23066799342632294,0.22499699890613556
2022-04-25 00:00:00,0.21237699687480927,0.21237699687480927,0.19650599360466003,32297125,0.21346500515937805,0.21303200721740723
2022-04-26 00:00:00,0.19232800602912903,0.19232800602912903,0.191211998462677,20706019,0.21783599257469177,0.21237899363040924
2022-04-27 00:00:00,0.19296200573444366,0.19296200573444366,0.18875299394130707,16195429,0.19677799940109253,0.192330002784729
2022-04-28 00:00:00,0.19971999526023865,0.19971999526023865,0.1917780041694641,22403280,0.21017900109291077,0.19296200573444366
2022-04-29 00:00:00,0.1747169941663742,0.1747169941663742,0.17306600511074066,21769390,0.2015089988708496,0.1997849941253662
2022-04-30 00:00:00,0.1615539938211441,0.1615539938211441,0.16147999465465546,11695178,0.179749995470047,0.17470699548721313
2022-05-01 00:00:00,0.16595999896526337,0.16595999896526337,0.1573300063610077,12426605,0.16919800639152527,0.16153399646282196
2022-05-02 00:00:00,0.1617179960012436,0.1617179960012436,0.15935100615024567,14016103,0.1724800020456314,0.1658869981765747
2022-05-03 00:00:00,0.15508800745010376,0.15508800745010376,0.15351100265979767,11489763,0.16490599513053894,0.16171999275684357
2022-05-04 00:00:00,0.16951100528240204,0.16951100528240204,0.15488600730895996,13515241,0.17010000348091125,0.1550920009613037
2022-05-05 00:00:00,0.15909500420093536,0.15909500420093536,0.15143999457359314,20069540,0.1768600046634674,0.16949999332427979
2022-05-06 00:00:00,0.18828000128269196,0.18828000128269196,0.15672899782657623,75375984,0.20581799745559692,0.15911300480365753
2022-05-07 00:00:00,0.18125000596046448,0.18125000596046448,0.17252400517463684,35914180,0.197503000497818,0.18851999938488007
2022-05-08 00:00:00,0.1811559945344925,0.1811559945344925,0.1732729971408844,23930093,0.19392499327659607,0.18125900626182556
2022-05-09 00:00:00,0.1582469940185547,0.1582469940185547,0.1582469940185547,4444400,0.18870599567890167,0.1811700016260147
2022-05-10 00:00:00,0.15920500457286835,0.15920500457286835,0.1526779979467392,13779621,0.16578100621700287,0.1582230031490326
2022-05-11 00:00:00,0.1266999989748001,0.1266999989748001,0.12411300092935562,11202924,0.15996600687503815,0.15919500589370728
2022-05-12 00:00:00,0.11235799640417099,0.11235799640417099,0.10844200104475021,1613479,0.12677499651908875,0.1266849935054779
2022-05-13 00:00:00,0.1162789985537529,0.1162789985537529,0.09437800198793411,1750236,0.12125000357627869,0.11231300234794617
2022-05-14 00:00:00,0.12123899906873703,0.12123899906873703,0.11308000236749649,2195861,0.12473200261592865,0.11628100275993347
2022-05-15 00:00:00,0.140857994556427,0.140857994556427,0.12095300108194351,2143514,0.14123700559139252,0.12124200165271759
2022-05-16 00:00:00,0.1572449952363968,0.1572449952363968,0.13032299280166626,2224765,0.1590930074453354,0.14087000489234924
2022-05-17 00:00:00,0.14814800024032593,0.14814800024032593,0.13867799937725067,2278351,0.15863899886608124,0.15724599361419678
2022-05-18 00:00:00,0.12964899837970734,0.12964899837970734,0.12964899837970734,1444940,0.15403400361537933,0.14815300703048706
2022-05-19 00:00:00,0.16821500658988953,0.16821500658988953,0.11835899949073792,2123034,0.16863100230693817,0.12966500222682953
2022-05-20 00:00:00,0.169514998793602,0.169514998793602,0.16813300549983978,2141206,0.17231999337673187,0.1682009994983673
2022-05-21 00:00:00,0.17658400535583496,0.17658400535583496,0.14453600347042084,2080611,0.18243899941444397,0.16952599585056305
2022-05-22 00:00:00,0.17670400440692902,0.17670400440692902,0.14495299756526947,2169728,0.1810079962015152,0.17657800018787384
2022-05-23 00:00:00,0.18620699644088745,0.18620699644088745,0.1748960018157959,3803174,0.2383430004119873,0.17669500410556793
2022-05-24 00:00:00,0.23076899349689484,0.23076899349689484,0.18565300107002258,4401028,0.2312059998512268,0.18620699644088745
2022-05-25 00:00:00,0.20236599445343018,0.20236599445343018,0.19774700701236725,2960325,0.2316419929265976,0.23076899349689484
2022-05-26 00:00:00,0.17238999903202057,0.17238999903202057,0.16826899349689484,2269002,0.2023649960756302,0.2023649960756302
2022-05-27 00:00:00,0.16620799899101257,0.16620799899101257,0.16429400444030762,1891140,0.17462199926376343,0.17228999733924866
2022-05-28 00:00:00,0.1529020071029663,0.1529020071029663,0.15232600271701813,1410451,0.16862399876117706,0.1655070036649704
2022-05-29 00:00:00,0.14536599814891815,0.14536599814891815,0.14359599351882935,1688840,0.15983499586582184,0.1528950035572052
2022-05-30 00:00:00,0.15444999933242798,0.15444999933242798,0.1450739949941635,1709067,0.15461799502372742,0.1453610062599182
2022-05-31 00:00:00,0.1565459966659546,0.1565459966659546,0.15228800475597382,1742042,0.15765699744224548,0.154449000954628
2022-06-01 00:00:00,0.1433420032262802,0.1433420032262802,0.1310809999704361,2007606,0.15850000083446503,0.1565459966659546
2022-06-02 00:00:00,0.17089800536632538,0.17089800536632538,0.11658100038766861,2033480,0.1723950058221817,0.14333699643611908
2022-06-03 00:00:00,0.17071600258350372,0.17071600258350372,0.17030100524425507,2015050,0.17564399540424347,0.17089399695396423
2022-06-04 00:00:00,0.1743749976158142,0.1743749976158142,0.17071400582790375,1971267,0.1842239946126938,0.17071400582790375
2022-06-05 00:00:00,0.17454299330711365,0.17454299330711365,0.1743910014629364,1957560,0.17998799681663513,0.1743910014629364
2022-06-06 00:00:00,0.15325799584388733,0.15325799584388733,0.15272800624370575,2091902,0.18596400320529938,0.17454500496387482
2022-06-07 00:00:00,0.15586599707603455,0.15586599707603455,0.143778994679451,2070520,0.15695899724960327,0.15325899422168732
2022-06-08 00:00:00,0.18164600431919098,0.18164600431919098,0.15586599707603455,1922636,0.18729400634765625,0.15586599707603455
2022-06-09 00:00:00,0.17542800307273865,0.17542800307273865,0.1752910017967224,1952908,0.18425799906253815,0.18164099752902985
2022-06-10 00:00:00,0.1648930013179779,0.1648930013179779,0.16489200294017792,2075314,0.1796479970216751,0.1754309982061386
2022-06-11 00:00:00,0.16333900392055511,0.16333900392055511,0.16329799592494965,2030869,0.16872799396514893,0.16489499807357788
2022-06-12 00:00:00,0.1810619980096817,0.1810619980096817,0.16334199905395508,1915741,0.18487000465393066,0.16334199905395508
2022-06-13 00:00:00,0.18146100640296936,0.18146100640296936,0.18106399476528168,1914126,0.18577300012111664,0.18106399476528168
2022-06-14 00:00:00,0.18266500532627106,0.18266500532627106,0.18146400153636932,1905470,0.18496499955654144,0.18146400153636932
2022-06-15 00:00:00,0.18346300721168518,0.18346300721168518,0.1823900043964386,1903445,0.18536600470542908,0.18265900015830994
2022-06-16 00:00:00,0.17448599636554718,0.17448599636554718,0.1743980050086975,1927991,0.18470999598503113,0.18345999717712402
2022-06-17 00:00:00,0.17043399810791016,0.17043399810791016,0.1704069972038269,1941008,0.178630992770195,0.17448599636554718
2022-06-18 00:00:00,0.17342300713062286,0.17342300713062286,0.17042900621891022,1922934,0.17857299745082855,0.17042900621891022
2022-06-19 00:00:00,0.1807200014591217,0.1807200014591217,0.17341800034046173,1905796,0.1824049949645996,0.17341800034046173
2022-06-20 00:00:00,0.18067100644111633,0.18067100644111633,0.18059100210666656,1906488,0.18566599488258362,0.18071700632572174
2022-06-21 00:00:00,0.17626500129699707,0.17626500129699707,0.1762229949235916,1916855,0.18246899545192719,0.1806740015745163
2022-06-22 00:00:00,0.17962400615215302,0.17962400615215302,0.17626099288463593,1907904,0.18171000480651855,0.17626099288463593
2022-06-23 00:00:00,0.15593400597572327,0.15593400597572327,0.15582500398159027,1990312,0.18517200648784637,0.17962400615215302
2022-06-24 00:00:00,0.15185299515724182,0.15185299515724182,0.15176300704479218,2009722,0.17837899923324585,0.1559479981660843
2022-06-25 00:00:00,0.1773120015859604,0.1773120015859604,0.15184199810028076,1912018,0.1798660010099411,0.15184199810028076
2022-06-26 00:00:00,0.17829500138759613,0.17829500138759613,0.17735299468040466,1907896,0.18635700643062592,0.17735299468040466
2022-06-27 00:00:00,0.16675500571727753,0.16675500571727753,0.16673800349235535,1961640,0.18002299964427948,0.1783059984445572
2022-06-28 00:00:00,0.16139300167560577,0.16139300167560577,0.16139300167560577,1971679,0.1709440052509308,0.16675400733947754
2022-06-29 00:00:00,0.1733900010585785,0.1733900010585785,0.16138699650764465,1923259,0.1768990010023117,0.16138699650764465
2022-06-30 00:00:00,0.16239500045776367,0.16239500045776367,0.16177000105381012,1948197,0.18389199674129486,0.17339199781417847
2022-07-01 00:00:00,0.16301199793815613,0.16301199793815613,0.16245700418949127,1947555,0.16583199799060822,0.16245700418949127
2022-07-02 00:00:00,0.16637399792671204,0.16637399792671204,0.16294799745082855,1928401,0.18352200090885162,0.16294799745082855
2022-07-03 00:00:00,0.16681799292564392,0.16681799292564392,0.1656239926815033,1929010,0.1704310029745102,0.16637200117111206
2022-07-04 00:00:00,0.1815129965543747,0.1815129965543747,0.16681599617004395,1900996,0.18272800743579865,0.16681599617004395
2022-07-05 00:00:00,0.1679600030183792,0.1679600030183792,0.16734600067138672,1936219,0.18555499613285065,0.18151399493217468
2022-07-06 00:00:00,0.1830960065126419,0.1830960065126419,0.1679619997739792,1897886,0.18572799861431122,0.1679619997739792
2022-07-07 00:00:00,0.16865399479866028,0.16865399479866028,0.16865399479866028,1951895,0.18469099700450897,0.18309399485588074
2022-07-08 00:00:00,0.1602250039577484,0.1602250039577484,0.16016900539398193,1974766,0.17050200700759888,0.1686519980430603
2022-07-09 00:00:00,0.17158199846744537,0.17158199846744537,0.1602409929037094,1924366,0.17695499956607819,0.1602409929037094
2022-07-10 00:00:00,0.18453599512577057,0.18453599512577057,0.17155000567436218,1896029,0.1853879988193512,0.17155000567436218
2022-07-11 00:00:00,0.18542100489139557,0.18542100489139557,0.18453599512577057,1892743,0.18736599385738373,0.18453599512577057
2022-07-12 00:00:00,0.1786070019006729,0.1786070019006729,0.17860500514507294,1911788,0.18628500401973724,0.18542100489139557
2022-07-13 00:00:00,0.17329399287700653,0.17329399287700653,0.16560499370098114,1934144,0.17974600195884705,0.1786089986562729
2022-07-14 00:00:00,0.17269499599933624,0.17269499599933624,0.17228199541568756,1916220,0.1797180026769638,0.17329899966716766
2022-07-15 00:00:00,0.1858610063791275,0.1858610063791275,0.1726910024881363,1893579,0.18604500591754913,0.1726910024881363
2022-07-16 00:00:00,0.17499999701976776,0.17499999701976776,0.17499500513076782,1910264,0.18713000416755676,0.18585999310016632
2022-07-17 00:00:00,0.1784220039844513,0.1784220039844513,0.17500300705432892,1914580,0.18199099600315094,0.17500300705432892
2022-07-18 00:00:00,0.18468500673770905,0.18468500673770905,0.1784210056066513,1899821,0.18535900115966797,0.1784210056066513
2022-07-19 00:00:00,0.17770299315452576,0.17770299315452576,0.17767299711704254,1907042,0.18671299517154694,0.18468299508094788
2022-07-20 00:00:00,0.1732580065727234,0.1732580065727234,0.17320699989795685,1940079,0.18402299284934998,0.17769700288772583
2022-07-21 00:00:00,0.16948199272155762,0.16948199272155762,0.16164200007915497,1951748,0.17657899856567383,0.17325599491596222
2022-07-22 00:00:00,0.17822499573230743,0.17822499573230743,0.16291800141334534,1901242,0.18558399379253387,0.16948699951171875
2022-07-23 00:00:00,0.17752300202846527,0.17752300202846527,0.1775210052728653,1899638,0.18628700077533722,0.18407200276851654
2022-07-24 00:00:00,0.17689000070095062,0.17689000070095062,0.17688700556755066,1901139,0.1859769970178604,0.17752400040626526
2022-07-25 00:00:00,0.1834390014410019,0.1834390014410019,0.17689000070095062,1900429,0.18588100373744965,0.17689000070095062
2022-07-26 00:00:00,0.1751299947500229,0.1751299947500229,0.17497099936008453,1904551,0.18552899360656738,0.18344099819660187
2022-07-27 00:00:00,0.18043899536132812,0.18043899536132812,0.17318500578403473,1913372,0.18386000394821167,0.17513799667358398
2022-07-28 00:00:00,0.18346600234508514,0.18346600234508514,0.17740699648857117,1907168,0.18385499715805054,0.1804399937391281
2022-07-29 00:00:00,0.18181200325489044,0.18181200325489044,0.18181200325489044,1910191,0.18746699392795563,0.1874369978904724
2022-07-30 00:00:00,0.16551199555397034,0.16551199555397034,0.1654990017414093,1957126,0.18415500223636627,0.18181100487709045
2022-07-31 00:00:00,0.1432889997959137,0.1432889997959137,0.14251500368118286,2078949,0.17000700533390045,0.1655060052871704
2022-08-01 00:00:00,0.13302700221538544,0.13302700221538544,0.1324169933795929,2262631,0.15360699594020844,0.14328999817371368
2022-08-02 00:00:00,0.17414100468158722,0.17414100468158722,0.1330299973487854,1951285,0.17416100203990936,0.1330299973487854
2022-08-03 00:00:00,0.1869959980249405,0.1869959980249405,0.1741420030593872,1899427,0.18748900294303894,0.1741420030593872
2022-08-04 00:00:00,0.18598200380802155,0.18598200380802155,0.18564799427986145,1901295,0.18786300718784332,0.1869959980249405
2022-08-05 00:00:00,0.18630799651145935,0.18630799651145935,0.18592000007629395,1900443,0.18646900355815887,0.1859769970178604
2022-08-06 00:00:00,0.18485499918460846,0.18485499918460846,0.18485400080680847,1902866,0.18702399730682373,0.1863120049238205
2022-08-07 00:00:00,0.18342599272727966,0.18342599272727966,0.18197399377822876,1909895,0.1850000023841858,0.18485799431800842
2022-08-08 00:00:00,0.18646100163459778,0.18646100163459778,0.18342100083827972,1899912,0.18661999702453613,0.18342100083827972
2022-08-09 00:00:00,0.18716299533843994,0.18716299533843994,0.1864600032567978,1896652,0.18746599555015564,0.1864600032567978
2022-08-10 00:00:00,0.18760600686073303,0.18760600686073303,0.18716099858283997,1894340,0.18765699863433838,0.18716099858283997
2022-08-11 00:00:00,0.18664400279521942,0.18664400279521942,0.18642699718475342,1897050,0.18790599703788757,0.18760499358177185
2022-08-12 00:00:00,0.18680599331855774,0.18680599331855774,0.18664300441741943,1897154,0.18748299777507782,0.18664300441741943
2022-08-13 00:00:00,0.18662700057029724,0.18662700057029724,0.18662099540233612,1895093,0.18742400407791138,0.18680599331855774
2022-08-14 00:00:00,0.18629799783229828,0.18629799783229828,0.18624700605869293,1895803,0.187282994389534,0.18662600219249725
2022-08-15 00:00:00,0.18704800307750702,0.18704800307750702,0.18623299896717072,1895046,0.187266007065773,0.1862969994544983
2022-08-16 00:00:00,0.18737100064754486,0.18737100064754486,0.18704700469970703,1894097,0.1878879964351654,0.18704700469970703
2022-08-17 00:00:00,0.17664000391960144,0.17664000391960144,0.17660099267959595,1946203,0.18777500092983246,0.18737299740314484
2022-08-18 00:00:00,0.18403300642967224,0.18403300642967224,0.17372800409793854,1903559,0.18450899422168732,0.1766429990530014
2022-08-19 00:00:00,0.1851850003004074,0.1851850003004074,0.18105900287628174,1894016,0.18613499402999878,0.18403199315071106
2022-08-20 00:00:00,0.18508900701999664,0.18508900701999664,0.18061399459838867,1896101,0.1864289939403534,0.18518100678920746
2022-08-21 00:00:00,0.18592700362205505,0.18592700362205505,0.18144899606704712,1894127,0.1869570016860962,0.18508799374103546
2022-08-22 00:00:00,0.18178899586200714,0.18178899586200714,0.18115299940109253,1892902,0.18696799874305725,0.18592700362205505
2022-08-23 00:00:00,0.18184299767017365,0.18184299767017365,0.18150800466537476,1892402,0.18656499683856964,0.18178699910640717
2022-08-24 00:00:00,0.18692700564861298,0.18692700564861298,0.1818159967660904,1890473,0.187282994389534,0.18184399604797363
2022-08-25 00:00:00,0.18715700507164001,0.18715700507164001,0.18177199363708496,1891338,0.18715800344944,0.18252700567245483
2022-08-26 00:00:00,0.18621399998664856,0.18621399998664856,0.18172499537467957,1890253,0.18736900389194489,0.18715700507164001
2022-08-27 00:00:00,0.18686699867248535,0.18686699867248535,0.18621300160884857,1889464,0.18687200546264648,0.18621399998664856
2022-08-28 00:00:00,0.18688000738620758,0.18688000738620758,0.18685699999332428,1889407,0.1871120035648346,0.18686799705028534
2022-08-29 00:00:00,0.18636199831962585,0.18636199831962585,0.18619899451732635,1890318,0.18688400089740753,0.1868789941072464
2022-08-30 00:00:00,0.18596699833869934,0.18596699833869934,0.18247699737548828,1891776,0.1865440011024475,0.186366006731987
2022-08-31 00:00:00,0.18577900528907776,0.18577900528907776,0.185699000954628,1892913,0.1860480010509491,0.18596799671649933
2022-09-01 00:00:00,0.1838500052690506,0.1838500052690506,0.18383200466632843,1898401,0.1858150064945221,0.18578000366687775
2022-09-02 00:00:00,0.1845329999923706,0.1845329999923706,0.1799200028181076,1895421,0.18660099804401398,0.18384799361228943
2022-09-03 00:00:00,0.18655000627040863,0.18655000627040863,0.18452399969100952,1891584,0.1865530014038086,0.1845339983701706
2022-09-04 00:00:00,0.18719600141048431,0.18719600141048431,0.18635199964046478,1890651,0.18726100027561188,0.18655100464820862
2022-09-05 00:00:00,0.18619699776172638,0.18619699776172638,0.18124599754810333,1892338,0.1875849962234497,0.1871969997882843
2022-09-06 00:00:00,0.1849299967288971,0.1849299967288971,0.18031199276447296,1894567,0.18622499704360962,0.18619699776172638
2022-09-07 00:00:00,0.18577900528907776,0.18577900528907776,0.18068300187587738,1892777,0.1862100064754486,0.184921994805336
2022-09-08 00:00:00,0.18636900186538696,0.18636900186538696,0.1856279969215393,1891204,0.18638600409030914,0.1857769936323166
2022-09-09 00:00:00,0.1871359944343567,0.1871359944343567,0.186366006731987,1892510,0.18713699281215668,0.18636800348758698
2022-09-10 00:00:00,0.18733400106430054,0.18733400106430054,0.1871269941329956,1891536,0.18766899406909943,0.18713699281215668
2022-09-11 00:00:00,0.18789899349212646,0.18789899349212646,0.18724499642848969,1891018,0.1879200041294098,0.18733300268650055
2022-09-12 00:00:00,0.18602700531482697,0.18602700531482697,0.18585699796676636,1895222,0.18793100118637085,0.18789799511432648
2022-09-13 00:00:00,0.18623000383377075,0.18623000383377075,0.18590399622917175,1891421,0.18691100180149078,0.18602100014686584
2022-09-14 00:00:00,0.18721699714660645,0.18721699714660645,0.18611599504947662,1889399,0.18732799589633942,0.1862110048532486
2022-09-15 00:00:00,0.1812479943037033,0.1812479943037033,0.18111099302768707,1890224,0.1873140037059784,0.18721699714660645
2022-09-16 00:00:00,0.18734699487686157,0.18734699487686157,0.18119299411773682,1888977,0.18745599687099457,0.18125300109386444
2022-09-17 00:00:00,0.18792200088500977,0.18792200088500977,0.18731699883937836,1888999,0.18794000148773193,0.1873449981212616
2022-09-18 00:00:00,0.18779300153255463,0.18779300153255463,0.1877710074186325,1888483,0.18821099400520325,0.18792499601840973
2022-09-19 00:00:00,0.1871050000190735,0.1871050000190735,0.1869249939918518,1889028,0.18781599402427673,0.1877869963645935
2022-09-20 00:00:00,0.15242700278759003,0.15242700278759003,0.152197003364563,2030001,0.18740400671958923,0.18710599839687347
2022-09-21 00:00:00,0.1834380030632019,0.1834380030632019,0.15161600708961487,1899429,0.18347500264644623,0.15229900181293488
2022-09-22 00:00:00,0.18656699359416962,0.18656699359416962,0.18325600028038025,1891090,0.18657900393009186,0.183446004986763
2022-09-23 00:00:00,0.1875459998846054,0.1875459998846054,0.1865690052509308,1888449,0.18757399916648865,0.1865690052509308
2022-09-24 00:00:00,0.18727900087833405,0.18727900087833405,0.18724499642848969,1889142,0.18754999339580536,0.1875459998846054
2022-09-25 00:00:00,0.18358899652957916,0.18358899652957916,0.18336300551891327,1897308,0.18767599761486053,0.18728099763393402
2022-09-26 00:00:00,0.1857610046863556,0.1857610046863556,0.18353700637817383,1887866,0.18586400151252747,0.1835869997739792
2022-09-27 00:00:00,0.1848820000886917,0.1848820000886917,0.18485400080680847,1890776,0.18577300012111664,0.18576200306415558
2022-09-28 08:56:00,0.19373761117458344,0.19373761117458344,0.18483196198940277,297885,0.19373761117458344,0.18487851321697235
