timestamp,adjclose,low,volume,close,high,open
2020-10-29 00:00:00,0.11524000018835068,0.11514099687337875,380078,0.11524000018835068,0.11780600249767303,0.1162090003490448
2020-10-30 00:00:00,0.1175059974193573,0.11385100334882736,209687,0.1175059974193573,0.11761199682950974,0.11524000018835068
2020-10-31 00:00:00,0.11382299661636353,0.1103459969162941,272002,0.11382299661636353,0.1175059974193573,0.1175059974193573
2020-11-01 00:00:00,0.11144199967384338,0.10703299939632416,305117,0.11144199967384338,0.11392299830913544,0.11382299661636353
2020-11-02 00:00:00,0.09775099903345108,0.0974159985780716,268147,0.09775099903345108,0.11236999928951263,0.11144199967384338
2020-11-03 00:00:00,0.08824899792671204,0.08632700145244598,276802,0.08824899792671204,0.1007390022277832,0.09775099903345108
2020-11-04 00:00:00,0.09179899841547012,0.08814600110054016,274064,0.09179899841547012,0.09246700257062912,0.08824899792671204
2020-11-05 00:00:00,0.07853300124406815,0.07853300124406815,0,0.07853300124406815,0.09419000148773193,0.09179899841547012
2020-11-06 00:00:00,0.07162100076675415,0.0712909996509552,0,0.07162100076675415,0.07972999662160873,0.07853300124406815
2020-11-07 00:00:00,0.06990999728441238,0.06905300170183182,0,0.06990999728441238,0.0716250017285347,0.07162100076675415
2020-11-08 00:00:00,0.06665299832820892,0.06584399938583374,0,0.06665299832820892,0.07001499831676483,0.06990999728441238
2020-11-09 00:00:00,0.06584300100803375,0.06515900045633316,0,0.06584300100803375,0.06796800345182419,0.06695699691772461
2020-11-10 00:00:00,0.06457299739122391,0.0642549991607666,0,0.06457299739122391,0.06623999774456024,0.06584300100803375
2020-11-11 00:00:00,0.05735599994659424,0.0569549985229969,0,0.05735599994659424,0.06457299739122391,0.06457299739122391
2020-11-12 00:00:00,0.055027998983860016,0.05502299964427948,0,0.055027998983860016,0.05756299942731857,0.05735599994659424
2020-11-13 00:00:00,0.061921000480651855,0.055025000125169754,0,0.061921000480651855,0.06203100085258484,0.055027998983860016
2020-11-14 00:00:00,0.05871700122952461,0.058097999542951584,0,0.05871700122952461,0.06212000176310539,0.061921000480651855
2020-11-15 00:00:00,0.05963899940252304,0.058104000985622406,0,0.05963899940252304,0.060545001178979874,0.05871700122952461
2020-11-16 00:00:00,0.058423999696969986,0.05822699889540672,0,0.058423999696969986,0.060343001037836075,0.05963899940252304
2020-11-17 00:00:00,0.059050001204013824,0.0584149993956089,0,0.059050001204013824,0.06003100052475929,0.05922599881887436
2020-11-18 00:00:00,0.05912400037050247,0.05865100026130676,0,0.05912400037050247,0.060203999280929565,0.059050001204013824
2020-11-19 00:00:00,0.05604400113224983,0.055500999093055725,0,0.05604400113224983,0.05912400037050247,0.05912400037050247
2020-11-20 00:00:00,0.05522400140762329,0.05511400103569031,0,0.05522400140762329,0.05694299936294556,0.05604400113224983
2020-11-21 00:00:00,0.052340999245643616,0.05187999829649925,0,0.052340999245643616,0.05580899864435196,0.05522400140762329
2020-11-22 00:00:00,0.0508590005338192,0.050769999623298645,0,0.0508590005338192,0.052351001650094986,0.052340999245643616
2020-11-23 00:00:00,0.045402999967336655,0.0385730005800724,0,0.045402999967336655,0.05108899995684624,0.0508590005338192
2020-11-24 00:00:00,0.043891001492738724,0.04230000078678131,0,0.043891001492738724,0.045823998749256134,0.04540399834513664
2020-11-25 00:00:00,0.042803000658750534,0.04271800071001053,0,0.042803000658750534,0.04399700090289116,0.04389199987053871
2020-11-26 00:00:00,0.04188099876046181,0.04163900017738342,0,0.04188099876046181,0.04361499845981598,0.04280199855566025
2020-11-27 00:00:00,0.04154900088906288,0.04113699868321419,0,0.04154900088906288,0.04194800183176994,0.041884999722242355
2020-11-28 00:00:00,0.04124100133776665,0.04114200174808502,0,0.04124100133776665,0.04225299879908562,0.04154999926686287
2020-11-29 00:00:00,0.040435999631881714,0.04022600129246712,0,0.040435999631881714,0.04165500029921532,0.04124100133776665
2020-11-30 00:00:00,0.03661400079727173,0.036205001175403595,0,0.03661400079727173,0.04083799943327904,0.040435999631881714
2020-12-01 00:00:00,0.0375480018556118,0.03599099814891815,0,0.0375480018556118,0.038353998214006424,0.03661400079727173
2020-12-02 00:00:00,0.04212699830532074,0.0375480018556118,0,0.04212699830532074,0.042128998786211014,0.03754999861121178
2020-12-03 00:00:00,0.04383699968457222,0.04171599820256233,0,0.04383699968457222,0.043942999094724655,0.042128000408411026
2020-12-04 00:00:00,0.04120999947190285,0.04022299870848656,0,0.04120999947190285,0.04393799975514412,0.04383699968457222
2020-12-05 00:00:00,0.04322399944067001,0.04119899868965149,0,0.04322399944067001,0.043421000242233276,0.04120999947190285
2020-12-06 00:00:00,0.04465299844741821,0.0424249991774559,0,0.04465299844741821,0.04535600170493126,0.04322399944067001
2020-12-07 00:00:00,0.045823998749256134,0.04465299844741821,0,0.045823998749256134,0.04822799935936928,0.0446540005505085
2020-12-08 00:00:00,0.04218899831175804,0.041499000042676926,0,0.04218899831175804,0.04642400145530701,0.04582599923014641
2020-12-09 00:00:00,0.04101699963212013,0.040605999529361725,0,0.04101699963212013,0.04270299896597862,0.042187999933958054
2020-12-10 00:00:00,0.040908001363277435,0.04079800099134445,0,0.040908001363277435,0.041829999536275864,0.041016001254320145
2020-12-11 00:00:00,0.04021799936890602,0.040004998445510864,0,0.04021799936890602,0.04131300002336502,0.04091000184416771
2020-12-12 00:00:00,0.04262100160121918,0.04021399840712547,0,0.04262100160121918,0.04382399842143059,0.04021799936890602
2020-12-13 00:00:00,0.04479900002479553,0.04192100092768669,0,0.04479900002479553,0.04561400040984154,0.04261999949812889
2020-12-14 00:00:00,0.047596000134944916,0.04459699988365173,0,0.047596000134944916,0.048500001430511475,0.044798001646995544
2020-12-15 00:00:00,0.04804600030183792,0.04530299827456474,0,0.04804600030183792,0.048312000930309296,0.047596998512744904
2020-12-16 00:00:00,0.047196000814437866,0.04681599885225296,0,0.047196000814437866,0.04834499955177307,0.04804600030183792
2020-12-17 00:00:00,0.042994000017642975,0.0429919995367527,0,0.042994000017642975,0.047200001776218414,0.04719899967312813
2020-12-18 00:00:00,0.0420369990170002,0.04108700156211853,0,0.0420369990170002,0.043108999729156494,0.04299300163984299
2020-12-19 00:00:00,0.04232100024819374,0.04083700105547905,0,0.04232100024819374,0.042532000690698624,0.04203600063920021
2020-12-20 00:00:00,0.04198500141501427,0.04178199917078018,0,0.04198500141501427,0.042500998824834824,0.04232100024819374
2020-12-21 00:00:00,0.041492998600006104,0.04119399935007095,0,0.041492998600006104,0.043960001319646835,0.04198500141501427
2020-12-22 00:00:00,0.041586000472307205,0.04069399833679199,0,0.041586000472307205,0.04188799858093262,0.041492998600006104
2020-12-23 00:00:00,0.04147699847817421,0.04068500176072121,0,0.04147699847817421,0.043101999908685684,0.04158499836921692
2020-12-24 00:00:00,0.04239499941468239,0.04058799892663956,0,0.04239499941468239,0.04248899966478348,0.04147600010037422
2020-12-25 00:00:00,0.04220699891448021,0.04156700149178505,0,0.04220699891448021,0.044495001435279846,0.04239699989557266
2020-12-26 00:00:00,0.042135000228881836,0.041478998959064484,0,0.042135000228881836,0.04416799917817116,0.04220699891448021
2020-12-27 00:00:00,0.04255099967122078,0.04191699996590614,0,0.04255099967122078,0.04403499886393547,0.042135998606681824
2020-12-28 00:00:00,0.04303999990224838,0.04234499856829643,0,0.04303999990224838,0.04512299969792366,0.04255099967122078
2020-12-29 00:00:00,0.04253999888896942,0.04235199838876724,0,0.04253999888896942,0.044748999178409576,0.04304099828004837
2020-12-30 00:00:00,0.043512001633644104,0.04227399826049805,0,0.043512001633644104,0.044884998351335526,0.04253999888896942
2020-12-31 00:00:00,0.04292599856853485,0.04261400178074837,0,0.04292599856853485,0.04440300166606903,0.043512001633644104
2021-01-01 00:00:00,0.04267900064587593,0.042072001844644547,0,0.04267900064587593,0.04504600167274475,0.04292599856853485
2021-01-02 00:00:00,0.04131799936294556,0.04131799936294556,0,0.04131799936294556,0.043577998876571655,0.04267999902367592
2021-01-03 00:00:00,0.04041900113224983,0.040011998265981674,0,0.04041900113224983,0.041519999504089355,0.04132499918341637
2021-01-04 00:00:00,0.040206000208854675,0.04002400115132332,0,0.040206000208854675,0.04110100120306015,0.040421001613140106
2021-01-05 00:00:00,0.04109000042080879,0.040130000561475754,0,0.04109000042080879,0.04131300002336502,0.04020500183105469
2021-01-06 00:00:00,0.04065899923443794,0.04015899822115898,0,0.04065899923443794,0.04173300042748451,0.04109000042080879
2021-01-07 00:00:00,0.03981500118970871,0.03961300104856491,0,0.03981500118970871,0.04093100130558014,0.0406620018184185
2021-01-08 00:00:00,0.03790099918842316,0.03768099844455719,0,0.03790099918842316,0.03991600126028061,0.0398159995675087
2021-01-09 00:00:00,0.03790900111198425,0.03751600161194801,0,0.03790900111198425,0.03814399987459183,0.03790200129151344
2021-01-10 00:00:00,0.03680799901485443,0.036692000925540924,0,0.03680799901485443,0.03791100159287453,0.03791100159287453
2021-01-11 00:00:00,0.0362199991941452,0.03548400104045868,0,0.0362199991941452,0.037282999604940414,0.03680799901485443
2021-01-12 00:00:00,0.036816999316215515,0.03549399971961975,0,0.036816999316215515,0.03741399943828583,0.03622100129723549
2021-01-13 00:00:00,0.036302000284194946,0.035982999950647354,0,0.036302000284194946,0.037303999066352844,0.03681499883532524
2021-01-14 00:00:00,0.036063000559806824,0.03582099825143814,0,0.036063000559806824,0.03671199828386307,0.03630099818110466
2021-01-15 00:00:00,0.0352960005402565,0.03509199991822243,0,0.0352960005402565,0.03608199954032898,0.036063000559806824
2021-01-16 00:00:00,0.03350599855184555,0.033427998423576355,0,0.03350599855184555,0.03548499941825867,0.035294998437166214
2021-01-17 00:00:00,0.033114999532699585,0.03281199932098389,0,0.033114999532699585,0.03381599858403206,0.03350700065493584
2021-01-18 00:00:00,0.03242599964141846,0.03222399950027466,0,0.03242599964141846,0.03320400044322014,0.0331140011548996
2021-01-19 00:00:00,0.03121500089764595,0.030938999727368355,0,0.03121500089764595,0.03263000026345253,0.03242599964141846
2021-01-20 00:00:00,0.031221000477671623,0.030796000733971596,0,0.031221000477671623,0.031415000557899475,0.031214000657200813
2021-01-21 00:00:00,0.030091000720858574,0.02996000088751316,0,0.030091000720858574,0.03131899982690811,0.031221000477671623
2021-01-22 00:00:00,0.028842000290751457,0.028836999088525772,0,0.028842000290751457,0.0300929993391037,0.030091000720858574
2021-01-23 00:00:00,0.028915999457240105,0.028835000470280647,0,0.028915999457240105,0.029148999601602554,0.028838999569416046
2021-01-24 00:00:00,0.028940999880433083,0.02881300076842308,0,0.028940999880433083,0.029174000024795532,0.028915999457240105
2021-01-25 00:00:00,0.028397999703884125,0.028395000845193863,0,0.028397999703884125,0.02922300063073635,0.028940999880433083
2021-01-26 00:00:00,0.029532000422477722,0.028398999944329262,0,0.029532000422477722,0.03013800084590912,0.028398999944329262
2021-01-27 00:00:00,0.029451999813318253,0.02904600091278553,0,0.029451999813318253,0.02965099923312664,0.029532000422477722
2021-01-28 00:00:00,0.029642000794410706,0.029039999470114708,0,0.029642000794410706,0.030037999153137207,0.029451999813318253
2021-01-29 00:00:00,0.03231700137257576,0.02924400009214878,0,0.03231700137257576,0.033038001507520676,0.029645999893546104
2021-01-30 00:00:00,0.02002600021660328,0.0062049999833106995,0,0.02002600021660328,0.03293199837207794,0.032315999269485474
2021-01-31 00:00:00,0.03573000058531761,0.0,0,0.03573000058531761,0.03592799976468086,0.020024999976158142
2021-02-01 00:00:00,0.03472299873828888,0.03449000045657158,0,0.03472299873828888,0.03612599894404411,0.035728998482227325
2021-02-02 00:00:00,0.03344700112938881,0.03313799947500229,0,0.03344700112938881,0.03522200137376785,0.03472200036048889
2021-02-03 00:00:00,0.035937000066041946,0.033337999135255814,0,0.035937000066041946,0.03626500070095062,0.0334479995071888
2021-02-04 00:00:00,0.03832999989390373,0.03562600165605545,0,0.03832999989390373,0.03853299841284752,0.03593600168824196
2021-02-05 00:00:00,0.040706001222133636,0.03812199831008911,0,0.040706001222133636,0.04096199944615364,0.03833099827170372
2021-02-06 00:00:00,0.045249998569488525,0.04051100090146065,0,0.045249998569488525,0.047568000853061676,0.04070499911904335
2021-02-07 00:00:00,0.04745800048112869,0.04483700171113014,0,0.04745800048112869,0.04775499925017357,0.04525100067257881
2021-02-08 00:00:00,0.052351001650094986,0.04655500128865242,0,0.052351001650094986,0.06324700266122818,0.047456998378038406
2021-02-09 00:00:00,0.058469001203775406,0.05033399909734726,0,0.058469001203775406,0.06204799935221672,0.052354998886585236
2021-02-10 00:00:00,0.04903699830174446,0.048820000141859055,0,0.04903699830174446,0.059466999024152756,0.05847200006246567
2021-02-11 00:00:00,0.04461999982595444,0.04461799934506416,0,0.04461999982595444,0.05062999948859215,0.049035001546144485
2021-02-12 00:00:00,0.04217199981212616,0.04132800176739693,0,0.04217199981212616,0.044812001287937164,0.04461599886417389
2021-02-13 00:00:00,0.04213400185108185,0.04146600142121315,0,0.04213400185108185,0.04351399838924408,0.04217100143432617
2021-02-14 00:00:00,0.04883600026369095,0.042132001370191574,0,0.04883600026369095,0.04893700033426285,0.042135000228881836
2021-02-15 00:00:00,0.04590899869799614,0.045809999108314514,0,0.04590899869799614,0.049828000366687775,0.04883600026369095
2021-02-16 00:00:00,0.04652100056409836,0.045278001576662064,0,0.04652100056409836,0.046918999403715134,0.045910999178886414
2021-02-17 00:00:00,0.047116998583078384,0.046094998717308044,0,0.047116998583078384,0.04774000123143196,0.046519000083208084
2021-02-18 00:00:00,0.048200998455286026,0.04670599848031998,0,0.048200998455286026,0.049300000071525574,0.047116998583078384
2021-02-19 00:00:00,0.05541300028562546,0.048197001218795776,0,0.05541300028562546,0.05571100115776062,0.048200998455286026
2021-02-20 00:00:00,0.06350400298833847,0.0543069988489151,0,0.06350400298833847,0.07020500302314758,0.055410999804735184
2021-02-21 00:00:00,0.31910601258277893,0.06309299916028976,0,0.31910601258277893,0.39010199904441833,0.06350400298833847
2021-02-22 00:00:00,0.6001610159873962,0.31910601258277893,0,0.6001610159873962,0.7345880270004272,0.31910601258277893
2021-02-23 00:00:00,0.5896120071411133,0.5241280198097229,0,0.5896120071411133,0.7193689942359924,0.6001669764518738
2021-02-24 00:00:00,0.5885390043258667,0.5578150153160095,0,0.5885390043258667,0.659820020198822,0.589618980884552
2021-02-25 00:00:00,0.4801430106163025,0.4303320050239563,0,0.4801430106163025,0.6049690246582031,0.588545024394989
2021-02-26 00:00:00,0.38587599992752075,0.31997498869895935,0,0.38587599992752075,0.48807400465011597,0.48017099499702454
2021-02-27 00:00:00,0.4261220097541809,0.36642399430274963,0,0.4261220097541809,0.4800049960613251,0.38589799404144287
2021-02-28 00:00:00,0.3767949938774109,0.35175400972366333,0,0.3767949938774109,0.4582419991493225,0.4261009991168976
2021-03-01 00:00:00,0.49362701177597046,0.37605801224708557,0,0.49362701177597046,0.530797004699707,0.3767949938774109
2021-03-02 00:00:00,0.4194200038909912,0.3961929976940155,0,0.4194200038909912,0.4943299889564514,0.4936020076274872
2021-03-03 00:00:00,0.3951619863510132,0.38528600335121155,0,0.3951619863510132,0.4269700050354004,0.4194279909133911
2021-03-04 00:00:00,0.37052300572395325,0.3439730107784271,0,0.37052300572395325,0.3994689881801605,0.39516499638557434
2021-03-05 00:00:00,0.36769700050354004,0.3443869948387146,0,0.36769700050354004,0.3801819980144501,0.3705269992351532
2021-03-06 00:00:00,0.3137489855289459,0.3001140058040619,0,0.3137489855289459,0.36789000034332275,0.36770099401474
2021-03-07 00:00:00,0.33740100264549255,0.2849999964237213,0,0.33740100264549255,0.35771098732948303,0.31376001238822937
2021-03-08 00:00:00,0.3002299964427948,0.30020201206207275,0,0.3002299964427948,0.3415069878101349,0.3374069929122925
2021-03-09 00:00:00,0.2947950065135956,0.2706809937953949,0,0.2947950065135956,0.3421500027179718,0.3002299964427948
2021-03-10 00:00:00,0.28856199979782104,0.2801060080528259,0,0.28856199979782104,0.31029999256134033,0.29479700326919556
2021-03-11 00:00:00,0.32738199830055237,0.27530398964881897,0,0.32738199830055237,0.3703539967536926,0.2885519862174988
2021-03-12 00:00:00,0.31199800968170166,0.30071699619293213,0,0.31199800968170166,0.3423309922218323,0.32739099860191345
2021-03-13 00:00:00,0.30226200819015503,0.2949889898300171,0,0.30226200819015503,0.3229379951953888,0.31200700998306274
2021-03-14 00:00:00,0.2933410108089447,0.2899729907512665,0,0.2933410108089447,0.3248569965362549,0.30225300788879395
2021-03-15 00:00:00,0.28100499510765076,0.2801949977874756,0,0.28100499510765076,0.31802499294281006,0.2933390140533447
2021-03-16 00:00:00,0.2860099971294403,0.26867300271987915,0,0.2860099971294403,0.3014729917049408,0.28100499510765076
2021-03-17 00:00:00,0.2762579917907715,0.27149200439453125,0,0.2762579917907715,0.30502399802207947,0.2860170006752014
2021-03-18 00:00:00,0.3010939955711365,0.27206799387931824,0,0.3010939955711365,0.3233419954776764,0.27624601125717163
2021-03-19 00:00:00,0.32329699397087097,0.29080501198768616,2342094,0.32329699397087097,0.34858599305152893,0.3011009991168976
2021-03-20 00:00:00,0.30893000960350037,0.3050999939441681,2165446,0.30893000960350037,0.3291969895362854,0.3232490122318268
2021-03-21 00:00:00,0.2960450053215027,0.29304298758506775,2169610,0.2960450053215027,0.3102160096168518,0.3088870048522949
2021-03-22 00:00:00,0.29931700229644775,0.2873010039329529,2575484,0.29931700229644775,0.31020599603652954,0.29607900977134705
2021-03-23 00:00:00,0.308102011680603,0.29532599449157715,2831506,0.308102011680603,0.3121980130672455,0.29934099316596985
2021-03-24 00:00:00,0.3133080005645752,0.30737999081611633,2732882,0.3133080005645752,0.3401229977607727,0.3081679940223694
2021-03-25 00:00:00,0.3068149983882904,0.30302199721336365,2802945,0.3068149983882904,0.3197160065174103,0.313306987285614
2021-03-26 00:00:00,0.311022013425827,0.306317001581192,2597396,0.311022013425827,0.32749098539352417,0.30681198835372925
2021-03-27 00:00:00,0.3219810128211975,0.3015280067920685,2757539,0.3219810128211975,0.33021101355552673,0.3109799921512604
2021-03-28 00:00:00,0.3660460114479065,0.32023999094963074,2782787,0.3660460114479065,0.37092098593711853,0.32199299335479736
2021-03-29 00:00:00,0.479203999042511,0.366021990776062,5406772,0.479203999042511,0.5209479928016663,0.366021990776062
2021-03-30 00:00:00,0.41102901101112366,0.41022101044654846,3829971,0.41102901101112366,0.4795059859752655,0.47918400168418884
2021-03-31 00:00:00,0.46533000469207764,0.4110189974308014,3877330,0.46533000469207764,0.48675599694252014,0.41106799244880676
2021-04-01 00:00:00,0.4844760000705719,0.4649919867515564,4733208,0.4844760000705719,0.5033419728279114,0.4653089940547943
2021-04-02 00:00:00,0.5048310160636902,0.4812520146369934,4545589,0.5048310160636902,0.530439019203186,0.48442500829696655
2021-04-03 00:00:00,0.48103100061416626,0.4766499996185303,4337225,0.48103100061416626,0.5135779976844788,0.5047910213470459
2021-04-04 00:00:00,0.5480080246925354,0.4638260006904602,5242972,0.5480080246925354,0.5913100242614746,0.48097899556159973
2021-04-05 00:00:00,0.7445440292358398,0.5436859726905823,6312859,0.7445440292358398,0.7446230053901672,0.5480579733848572
2021-04-06 00:00:00,0.7244359850883484,0.6693940162658691,5736310,0.7244359850883484,0.7949640154838562,0.7445889711380005
2021-04-07 00:00:00,0.5826690196990967,0.5517690181732178,4974292,0.5826690196990967,0.7307940125465393,0.7245150208473206
2021-04-08 00:00:00,0.5519009828567505,0.5395849943161011,4477474,0.5519009828567505,0.620419979095459,0.5826789736747742
2021-04-09 00:00:00,0.5953559875488281,0.5439370274543762,4818952,0.5953559875488281,0.606158971786499,0.5518919825553894
2021-04-10 00:00:00,0.5824670195579529,0.5806810259819031,4898922,0.5824670195579529,0.6284710168838501,0.5953530073165894
2021-04-11 00:00:00,0.6505910158157349,0.5761129856109619,5183990,0.6505910158157349,0.6532800197601318,0.5824729800224304
2021-04-12 00:00:00,0.7999190092086792,0.6415910124778748,6318363,0.7999190092086792,0.8008900284767151,0.6505129933357239
2021-04-13 00:00:00,0.749858021736145,0.7057859897613525,4614675,0.749858021736145,0.8090919852256775,0.7999489903450012
2021-04-14 00:00:00,0.7428380250930786,0.7271339893341064,5726669,0.7428380250930786,0.7901740074157715,0.7498559951782227
2021-04-15 00:00:00,0.7465770244598389,0.711184024810791,6007809,0.7465770244598389,0.7745389938354492,0.7428789734840393
2021-04-16 00:00:00,0.9809280037879944,0.7409039735794067,8508092,0.9809280037879944,1.0530810356140137,0.7463539838790894
2021-04-17 00:00:00,1.2074190378189087,0.9636819958686829,8188681,1.2074190378189087,1.2563270330429077,0.9808949828147888
2021-04-18 00:00:00,1.0200059413909912,0.9554939866065979,6164859,1.0200059413909912,1.2075639963150024,1.2075639963150024
2021-04-19 00:00:00,1.0514910221099854,1.0186020135879517,5615487,1.0514910221099854,1.1392589807510376,1.0202059745788574
2021-04-20 00:00:00,1.193222999572754,1.0430500507354736,5566521,1.193222999572754,1.2270870208740234,1.0511579513549805
2021-04-21 00:00:00,1.2034449577331543,1.168038010597229,7036793,1.2034449577331543,1.2871830463409424,1.1932259798049927
2021-04-22 00:00:00,1.1645539999008179,1.160925030708313,4530449,1.1645539999008179,1.2044169902801514,1.2033179998397827
2021-04-23 00:00:00,1.0848419666290283,1.023506999015808,5501353,1.0848419666290283,1.17802894115448,1.1648039817810059
2021-04-24 00:00:00,1.0821340084075928,1.0598620176315308,5242256,1.0821340084075928,1.1155519485473633,1.0850759744644165
2021-04-25 00:00:00,1.1274449825286865,1.0498199462890625,5104553,1.1274449825286865,1.1411889791488647,1.081902027130127
2021-04-26 00:00:00,1.617622971534729,1.1255370378494263,11564873,1.617622971534729,1.7503089904785156,1.1272259950637817
2021-04-27 00:00:00,1.6251219511032104,1.536175012588501,9356721,1.6251219511032104,1.7409290075302124,1.6173670291900635
2021-04-28 00:00:00,1.5545819997787476,1.5420180559158325,9404948,1.5545819997787476,1.6350890398025513,1.6250020265579224
2021-04-29 00:00:00,1.4563380479812622,1.4548189640045166,10474499,1.4563380479812622,1.6100260019302368,1.554481029510498
2021-04-30 00:00:00,1.7208839654922485,1.452968955039978,8421508,1.7208839654922485,1.7393779754638672,1.4563499689102173
2021-05-01 00:00:00,2.0559709072113037,1.7175790071487427,12086759,2.0559709072113037,2.0624239444732666,1.721114993095398
2021-05-02 00:00:00,2.062822103500366,1.964015007019043,9934527,2.062822103500366,2.160079002380371,2.055828094482422
2021-05-03 00:00:00,3.121256113052368,2.0449399948120117,20361009,3.121256113052368,3.1612000465393066,2.062872886657715
2021-05-04 00:00:00,2.9605600833892822,2.3560569286346436,18283838,2.9605600833892822,3.204045057296753,3.1213150024414062
2021-05-05 00:00:00,3.5604588985443115,2.8314011096954346,18283061,3.5604588985443115,3.660522937774658,2.9599549770355225
2021-05-06 00:00:00,2.9937899112701416,2.9473280906677246,16572277,2.9937899112701416,3.613818883895874,3.559554100036621
2021-05-07 00:00:00,3.069714069366455,2.8997089862823486,14906517,3.069714069366455,3.132667064666748,2.9945058822631836
2021-05-08 00:00:00,2.9592161178588867,2.8878390789031982,15479021,2.9592161178588867,3.1005311012268066,3.070509910583496
2021-05-09 00:00:00,2.500264883041382,1.7783700227737427,16918859,2.500264883041382,3.0004019737243652,2.958930015563965
2021-05-10 00:00:00,2.539047956466675,2.02968692779541,72594199,2.539047956466675,2.629288911819458,2.5003440380096436
2021-05-11 00:00:00,2.4243509769439697,2.2510108947753906,104720805,2.4243509769439697,2.5394461154937744,2.539146900177002
2021-05-12 00:00:00,2.4440510272979736,2.423919916152954,4779281,2.4440510272979736,2.7571229934692383,2.4241209030151367
2021-05-13 00:00:00,2.0563321113586426,1.9900139570236206,42411197,2.0563321113586426,2.444082021713257,2.444082021713257
2021-05-14 00:00:00,2.498661994934082,2.0057320594787598,114157842,2.498661994934082,2.548456907272339,2.0558290481567383
2021-05-15 00:00:00,2.3114240169525146,2.3099420070648193,134820766,2.3114240169525146,2.6203548908233643,2.499011993408203
2021-05-16 00:00:00,2.091222047805786,2.0613200664520264,123677526,2.091222047805786,2.3450610637664795,2.310689926147461
2021-05-17 00:00:00,2.002484083175659,1.9139729738235474,16023682,2.002484083175659,2.118626117706299,2.091248035430908
2021-05-18 00:00:00,2.05888295173645,1.9799150228500366,16413684,2.05888295173645,2.202805995941162,2.001703977584839
2021-05-19 00:00:00,1.3681399822235107,1.1884440183639526,15233616,1.3681399822235107,2.120680093765259,2.059000015258789
2021-05-20 00:00:00,1.4318749904632568,1.2233259677886963,12702287,1.4318749904632568,1.4496779441833496,1.3681080341339111
2021-05-21 00:00:00,0.977528989315033,0.9512869715690613,14049779,0.977528989315033,1.4782390594482422,1.4319469928741455
2021-05-22 00:00:00,0.9417759776115417,0.8977010250091553,15722984,0.9417759776115417,1.0362329483032227,0.977541983127594
2021-05-23 00:00:00,0.7738360166549683,0.7003660202026367,13731165,0.7738360166549683,0.9699299931526184,0.9416620135307312
2021-05-24 00:00:00,0.8526080250740051,0.7553240060806274,11455931,0.8526080250740051,0.8718950152397156,0.7738929986953735
2021-05-25 00:00:00,0.8473039865493774,0.8027999997138977,16336215,0.8473039865493774,0.8822709918022156,0.8526530265808105
2021-05-26 00:00:00,0.926593005657196,0.8465210199356079,11036865,0.926593005657196,0.9311969876289368,0.8473719954490662
2021-05-27 00:00:00,0.9036179780960083,0.8972499966621399,13111910,0.9036179780960083,0.9375939965248108,0.9265339970588684
2021-05-28 00:00:00,0.8505060076713562,0.8410800099372864,15934263,0.8505060076713562,0.9100289940834045,0.903594970703125
2021-05-29 00:00:00,0.7975090146064758,0.7881900072097778,14380365,0.7975090146064758,0.8584929704666138,0.8504089713096619
2021-05-30 00:00:00,0.7979639768600464,0.783381998538971,16094935,0.7979639768600464,0.8105019927024841,0.7975130081176758
2021-05-31 00:00:00,0.8472819924354553,0.7903540134429932,15610600,0.8472819924354553,0.8756539821624756,0.7980499863624573
2021-06-01 00:00:00,0.8572970032691956,0.8398630023002625,16134715,0.8572970032691956,0.9079210162162781,0.8472070097923279
2021-06-02 00:00:00,0.9051870107650757,0.8534619808197021,16696967,0.9051870107650757,0.9099649786949158,0.8573930263519287
2021-06-03 00:00:00,1.0015900135040283,0.8938339948654175,17013672,1.0015900135040283,1.018244981765747,0.9052979946136475
2021-06-04 00:00:00,0.8972539901733398,0.8967819809913635,15586549,0.8972539901733398,1.0138360261917114,1.0016709566116333
2021-06-05 00:00:00,0.882157027721405,0.8811450004577637,15882882,0.882157027721405,0.9205039739608765,0.897130012512207
2021-06-06 00:00:00,0.8938459753990173,0.875091016292572,16658745,0.8938459753990173,0.9104949831962585,0.8819760084152222
2021-06-07 00:00:00,0.868632972240448,0.868632972240448,14940786,0.868632972240448,0.91184002161026,0.8938500285148621
2021-06-08 00:00:00,0.8040649890899658,0.7552440166473389,16062070,0.8040649890899658,0.9234820008277893,0.8686850070953369
2021-06-09 00:00:00,0.8548650145530701,0.7973799705505371,16411838,0.8548650145530701,0.8579490184783936,0.8040559887886047
2021-06-10 00:00:00,0.8285409808158875,0.8266850113868713,15237224,0.8285409808158875,0.8583530187606812,0.8548889756202698
2021-06-11 00:00:00,0.8391720056533813,0.8230410218238831,16194840,0.8391720056533813,0.8434280157089233,0.8285109996795654
2021-06-12 00:00:00,0.7841140031814575,0.7718870043754578,16063693,0.7841140031814575,0.8407890200614929,0.8391709923744202
2021-06-13 00:00:00,0.762237012386322,0.7505289912223816,15933792,0.762237012386322,0.8322939872741699,0.7840999960899353
2021-06-14 00:00:00,0.8050320148468018,0.7393850088119507,16723754,0.8050320148468018,0.8174899816513062,0.7622479796409607
2021-06-15 00:00:00,0.7575939893722534,0.7394800186157227,15308676,0.7575939893722534,0.7597519755363464,0.7511429786682129
2021-06-16 00:00:00,0.7106950283050537,0.7085170149803162,15819178,0.7106950283050537,0.7436699867248535,0.7425869703292847
2021-06-17 00:00:00,0.6724780201911926,0.6205779910087585,15471901,0.6724780201911926,0.721331000328064,0.7106159925460815
2021-06-18 00:00:00,0.487729012966156,0.39730599522590637,13777825,0.487729012966156,0.672631025314331,0.6725010275840759
2021-06-19 00:00:00,0.720337986946106,0.4867689907550812,18148274,0.720337986946106,0.7695429921150208,0.4877519905567169
2021-06-20 00:00:00,0.6022549867630005,0.5992540121078491,17504625,0.6022549867630005,0.7209529876708984,0.720242977142334
2021-06-21 00:00:00,0.5149970054626465,0.5090129971504211,14776421,0.5149970054626465,0.6048529744148254,0.602226972579956
2021-06-22 00:00:00,0.4786919951438904,0.4605430066585541,15630543,0.4786919951438904,0.5149459838867188,0.5149459838867188
2021-06-23 00:00:00,0.5064340233802795,0.477275013923645,14467614,0.5064340233802795,0.515267014503479,0.47867900133132935
2021-06-24 00:00:00,0.5128269791603088,0.5038310289382935,15823973,0.5128269791603088,0.5137479901313782,0.5064259767532349
2021-06-25 00:00:00,0.5100520253181458,0.5051789879798889,14466532,0.5100520253181458,0.5168399810791016,0.5128759741783142
2021-06-26 00:00:00,0.5128769874572754,0.5087249875068665,14506174,0.5128769874572754,0.5184310078620911,0.5100209712982178
2021-06-27 00:00:00,0.5169619917869568,0.5119860172271729,14456707,0.5169619917869568,0.5203019976615906,0.5128219723701477
2021-06-28 00:00:00,0.5256220102310181,0.5141230225563049,6654564,0.5256220102310181,0.5277860164642334,0.5169320106506348
2021-06-29 00:00:00,0.5318650007247925,0.5231220126152039,14137694,0.5318650007247925,0.5337169766426086,0.5255619883537292
2021-06-30 00:00:00,0.52292400598526,0.5203930139541626,4677164,0.52292400598526,0.5374490022659302,0.5318130254745483
2021-07-01 00:00:00,0.5222349762916565,0.5193039774894714,4448353,0.5222349762916565,0.5259960293769836,0.5229129791259766
2021-07-02 00:00:00,0.5225459933280945,0.5193269848823547,2996954,0.5225459933280945,0.5252400040626526,0.5222179889678955
2021-07-03 00:00:00,0.5225070118904114,0.5194799900054932,3484436,0.5225070118904114,0.5256270170211792,0.5225170254707336
2021-07-04 00:00:00,0.5307829976081848,0.5190079808235168,1694140,0.5307829976081848,0.5335959792137146,0.5224769711494446
2021-07-05 00:00:00,0.5226699709892273,0.5144209861755371,4971818,0.5226699709892273,0.5328599810600281,0.530834972858429
2021-07-06 00:00:00,0.5105170011520386,0.5097519755363464,1658067,0.5105170011520386,0.5239269733428955,0.5226489901542664
2021-07-07 00:00:00,0.5061219930648804,0.5042809844017029,2160643,0.5061219930648804,0.5158389806747437,0.5105460286140442
2021-07-08 00:00:00,0.49495598673820496,0.490790992975235,1737884,0.49495598673820496,0.5061659812927246,0.5061579942703247
2021-07-09 00:00:00,0.4915579855442047,0.48979800939559937,1842688,0.4915579855442047,0.4996829926967621,0.4949510097503662
2021-07-10 00:00:00,0.49433499574661255,0.4892750084400177,1757596,0.49433499574661255,0.496722012758255,0.49152299761772156
2021-07-11 00:00:00,0.49763500690460205,0.49103298783302307,1813749,0.49763500690460205,0.5052239894866943,0.49428999423980713
2021-07-12 00:00:00,0.5031499862670898,0.49619901180267334,1940110,0.5031499862670898,0.505482017993927,0.49761199951171875
2021-07-13 00:00:00,0.4887149930000305,0.4879849851131439,1762788,0.4887149930000305,0.5037980079650879,0.5031359791755676
2021-07-14 00:00:00,0.4683310091495514,0.4677470028400421,1880537,0.4683310091495514,0.4915339946746826,0.48865100741386414
2021-07-15 00:00:00,0.47220999002456665,0.4663969874382019,1768412,0.47220999002456665,0.4760589897632599,0.4683629870414734
2021-07-16 00:00:00,0.4582889974117279,0.45781001448631287,1938845,0.4582889974117279,0.4741950035095215,0.4721750020980835
2021-07-17 00:00:00,0.4444440007209778,0.44270598888397217,1633679,0.4444440007209778,0.4587860107421875,0.458283007144928
2021-07-18 00:00:00,0.4346829950809479,0.4302479922771454,1698238,0.4346829950809479,0.45031800866127014,0.4444569945335388
2021-07-19 00:00:00,0.42734000086784363,0.4208720028400421,1503289,0.42734000086784363,0.4380660057067871,0.4346649944782257
2021-07-20 00:00:00,0.4041160047054291,0.40006598830223083,1696164,0.4041160047054291,0.4320310056209564,0.42735499143600464
2021-07-21 00:00:00,0.4151040017604828,0.40016400814056396,1879395,0.4151040017604828,0.43998101353645325,0.40411999821662903
2021-07-22 00:00:00,0.4172939956188202,0.41248399019241333,1900297,0.4172939956188202,0.4245130121707916,0.4151040017604828
2021-07-23 00:00:00,0.41331198811531067,0.40714800357818604,1915493,0.41331198811531067,0.4234980046749115,0.41729098558425903
2021-07-24 00:00:00,0.41439199447631836,0.40698501467704773,1837971,0.41439199447631836,0.4281170070171356,0.41333499550819397
2021-07-25 00:00:00,0.4130670130252838,0.40690600872039795,1818697,0.4130670130252838,0.4201740026473999,0.4143890142440796
2021-07-26 00:00:00,0.4380660057067871,0.4111790060997009,2157704,0.4380660057067871,0.44326698780059814,0.4130670130252838
2021-07-27 00:00:00,0.4241580069065094,0.4183099865913391,1742913,0.4241580069065094,0.43873000144958496,0.43811100721359253
2021-07-28 00:00:00,0.4267359972000122,0.418069988489151,1856428,0.4267359972000122,0.43320900201797485,0.4241560101509094
2021-07-29 00:00:00,0.42695000767707825,0.42667898535728455,1857332,0.42695000767707825,0.4326840043067932,0.4267500042915344
2021-07-30 00:00:00,0.46308499574661255,0.4268049895763397,1900115,0.46308499574661255,0.47181499004364014,0.42691901326179504
2021-07-31 00:00:00,0.45367300510406494,0.4527760148048401,1817393,0.45367300510406494,0.46303099393844604,0.46303099393844604
2021-08-01 00:00:00,0.45364099740982056,0.45100298523902893,1901110,0.45364099740982056,0.4630019962787628,0.4536229968070984
2021-08-02 00:00:00,0.4369490146636963,0.4324379861354828,1867581,0.4369490146636963,0.4596309959888458,0.4536550045013428
2021-08-03 00:00:00,0.4074139893054962,0.4055219888687134,1965113,0.4074139893054962,0.437595009803772,0.43693599104881287
2021-08-04 00:00:00,0.4187310039997101,0.4070029854774475,1813042,0.4187310039997101,0.42988499999046326,0.4074240028858185
2021-08-05 00:00:00,0.4163770079612732,0.4000209867954254,2010875,0.4163770079612732,0.4285449981689453,0.41873899102211
2021-08-06 00:00:00,0.43525099754333496,0.4094510078430176,2087352,0.43525099754333496,0.4357450008392334,0.4163309931755066
2021-08-07 00:00:00,0.4704349935054779,0.4340650141239166,2197609,0.4704349935054779,0.4720659852027893,0.43526598811149597
2021-08-08 00:00:00,0.4765709936618805,0.46338701248168945,2120867,0.4765709936618805,0.48394501209259033,0.4703820049762726
2021-08-09 00:00:00,0.45478200912475586,0.44307801127433777,2363659,0.45478200912475586,0.47731900215148926,0.4766179919242859
2021-08-10 00:00:00,0.46852898597717285,0.45427900552749634,2264753,0.46852898597717285,0.4686119854450226,0.4547939896583557
2021-08-11 00:00:00,0.5658810138702393,0.461667001247406,3559244,0.5658810138702393,0.6237670183181763,0.4685409963130951
2021-08-12 00:00:00,0.5596339702606201,0.5445749759674072,2423190,0.5596339702606201,0.5737720131874084,0.5658940076828003
2021-08-13 00:00:00,0.6022019982337952,0.5580769777297974,2280479,0.6022019982337952,0.6036800146102905,0.5596219897270203
2021-08-14 00:00:00,0.6186670064926147,0.5740309953689575,2347854,0.6186670064926147,0.6186670064926147,0.6022549867630005
2021-08-15 00:00:00,0.5874300003051758,0.5806159973144531,2094298,0.5874300003051758,0.6188480257987976,0.6185799837112427
2021-08-16 00:00:00,0.588358998298645,0.5834699869155884,2249353,0.588358998298645,0.6547189950942993,0.5874410271644592
2021-08-17 00:00:00,0.6069579720497131,0.5785629749298096,2301092,0.6069579720497131,0.6489199995994568,0.5883830189704895
2021-08-18 00:00:00,0.6820319890975952,0.5917119979858398,2491050,0.6820319890975952,0.7796850204467773,0.6069629788398743
2021-08-19 00:00:00,0.6542220115661621,0.6451039910316467,2065934,0.6542220115661621,0.6820870041847229,0.6820870041847229
2021-08-20 00:00:00,0.7050139904022217,0.6502490043640137,2597328,0.7050139904022217,0.7240939736366272,0.6542099714279175
2021-08-21 00:00:00,0.6704649925231934,0.6643750071525574,2131049,0.6704649925231934,0.7124829888343811,0.7051090002059937
2021-08-22 00:00:00,0.684906005859375,0.6599249839782715,2201550,0.684906005859375,0.6911799907684326,0.6705330014228821
2021-08-23 00:00:00,0.7026519775390625,0.6724290251731873,2357933,0.7026519775390625,0.7112060189247131,0.6849150061607361
2021-08-24 00:00:00,0.6996530294418335,0.6812210083007812,2003133,0.6996530294418335,0.7345079779624939,0.7026749849319458
2021-08-25 00:00:00,0.7581570148468018,0.6942099928855896,2397017,0.7581570148468018,0.785377025604248,0.6996530294418335
2021-08-26 00:00:00,0.7159609794616699,0.7159609794616699,2050415,0.7159609794616699,0.768215000629425,0.7582290172576904
2021-08-27 00:00:00,0.7528190016746521,0.7064110040664673,2349698,0.7528190016746521,0.7965760231018066,0.715982973575592
2021-08-28 00:00:00,0.7089790105819702,0.70551598072052,1967453,0.7089790105819702,0.7596250176429749,0.7537990212440491
2021-08-29 00:00:00,0.70175701379776,0.6923909783363342,2004598,0.70175701379776,0.7128980159759521,0.708387017250061
2021-08-30 00:00:00,0.6210439801216125,0.6142510175704956,2098257,0.6210439801216125,0.7017750144004822,0.7017750144004822
2021-08-31 00:00:00,0.6338679790496826,0.6182190179824829,2068396,0.6338679790496826,0.677931010723114,0.6209989786148071
2021-09-01 00:00:00,0.6284360289573669,0.6112319827079773,1968671,0.6284360289573669,0.6475340127944946,0.6339600086212158
2021-09-02 00:00:00,0.6272940039634705,0.6203680038452148,1802461,0.6272940039634705,0.6692990064620972,0.6284319758415222
2021-09-03 00:00:00,0.6073089838027954,0.6016330122947693,1926623,0.6073089838027954,0.6614890098571777,0.627360999584198
2021-09-04 00:00:00,0.6243339776992798,0.5948730111122131,3541743,0.6243339776992798,0.6343929767608643,0.6072859764099121
2021-09-05 00:00:00,0.6581329703330994,0.6227930188179016,3850145,0.6581329703330994,0.6595280170440674,0.6244270205497742
2021-09-06 00:00:00,0.6944299936294556,0.6451330184936523,3507439,0.6944299936294556,0.7007550001144409,0.6581220030784607
2021-09-07 00:00:00,0.6382229924201965,0.6203290224075317,3282608,0.6382229924201965,0.7389900088310242,0.7002260088920593
2021-09-08 00:00:00,0.6216300129890442,0.6056950092315674,2046644,0.6216300129890442,0.660597026348114,0.6381080150604248
2021-09-09 00:00:00,0.6183350086212158,0.6161890029907227,2435217,0.6183350086212158,0.629256010055542,0.621159017086029
2021-09-10 00:00:00,0.6221820116043091,0.614700973033905,3850579,0.6221820116043091,0.6420019865036011,0.6183300018310547
2021-09-11 00:00:00,0.5940290093421936,0.5917519927024841,4018695,0.5940290093421936,0.628902018070221,0.622219979763031
2021-09-12 00:00:00,0.5887449979782104,0.5840680003166199,3678578,0.5887449979782104,0.6026870012283325,0.5939810276031494
2021-09-13 00:00:00,0.6033890247344971,0.5805010199546814,3971410,0.6033890247344971,0.621740996837616,0.5887830257415771
2021-09-14 00:00:00,0.6089839935302734,0.5991259813308716,3124996,0.6089839935302734,0.612837016582489,0.6033179759979248
2021-09-15 00:00:00,0.6045719981193542,0.6011660099029541,3734351,0.6045719981193542,0.6096240282058716,0.6089379787445068
2021-09-16 00:00:00,0.5999040007591248,0.5971149802207947,3574482,0.5999040007591248,0.6085540056228638,0.6046509742736816
2021-09-17 00:00:00,0.5748860239982605,0.5726410150527954,3695438,0.5748860239982605,0.6014140248298645,0.5999699831008911
2021-09-18 00:00:00,0.5719239711761475,0.5585280060768127,3541757,0.5719239711761475,0.5775669813156128,0.5749049782752991
2021-09-19 00:00:00,0.5602049827575684,0.5591409802436829,3095397,0.5602049827575684,0.5726050138473511,0.5719050168991089
2021-09-20 00:00:00,0.5417320132255554,0.5365189909934998,2921878,0.5417320132255554,0.5607979893684387,0.560267984867096
2021-09-21 00:00:00,0.5192880034446716,0.5191410183906555,3404654,0.5192880034446716,0.5434690117835999,0.5416579842567444
2021-09-22 00:00:00,0.529088020324707,0.5175849795341492,1930802,0.529088020324707,0.5313460230827332,0.5192720293998718
2021-09-23 00:00:00,0.5286149978637695,0.5267249941825867,1792819,0.5286149978637695,0.5325869917869568,0.529079020023346
2021-09-24 00:00:00,0.47619399428367615,0.4724229872226715,2229101,0.47619399428367615,0.5298699736595154,0.5285940170288086
2021-09-25 00:00:00,0.43343499302864075,0.43306100368499756,1905908,0.43343499302864075,0.4769200086593628,0.4761810004711151
2021-09-26 00:00:00,0.4673689901828766,0.3541240096092224,3024027,0.4673689901828766,0.48312100768089294,0.4334380030632019
2021-09-27 00:00:00,0.4967209994792938,0.4577000141143799,606120,0.4967209994792938,0.503587007522583,0.46735700964927673
2021-09-28 00:00:00,0.48260900378227234,0.4776900112628937,2358982,0.48260900378227234,0.5034779906272888,0.496722012758255
2021-09-29 00:00:00,0.47648999094963074,0.46928900480270386,1707295,0.47648999094963074,0.48326998949050903,0.48256900906562805
2021-09-30 00:00:00,0.49604201316833496,0.4745999872684479,1942726,0.49604201316833496,0.5103880167007446,0.47647300362586975
2021-10-01 00:00:00,0.5401899814605713,0.48431599140167236,2270648,0.5401899814605713,0.5499320030212402,0.49603399634361267
2021-10-02 00:00:00,0.5413259863853455,0.5352140069007874,2857589,0.5413259863853455,0.559054970741272,0.5402309894561768
2021-10-03 00:00:00,0.5272470116615295,0.521727979183197,2046677,0.5272470116615295,0.5442230105400085,0.5412459969520569
2021-10-04 00:00:00,0.5071150064468384,0.5055720210075378,1726136,0.5071150064468384,0.5278069972991943,0.5272200107574463
2021-10-05 00:00:00,0.5346850156784058,0.5061879754066467,2524700,0.5346850156784058,0.5532659888267517,0.507095992565155
2021-10-06 00:00:00,0.5341879725456238,0.5259580016136169,1922166,0.5341879725456238,0.5376390218734741,0.5346660017967224
2021-10-07 00:00:00,0.5310609936714172,0.5260120034217834,1659179,0.5310609936714172,0.5360569953918457,0.5341339707374573
2021-10-08 00:00:00,0.5228999853134155,0.5161960124969482,1865410,0.5228999853134155,0.5315060019493103,0.5310739874839783
2021-10-09 00:00:00,0.524304986000061,0.5128729939460754,2215942,0.524304986000061,0.5530809760093689,0.5229300260543823
2021-10-10 00:00:00,0.5561990141868591,0.50559002161026,2675749,0.5561990141868591,0.5827969908714294,0.5242469906806946
2021-10-11 00:00:00,0.5436490178108215,0.5410450100898743,1734215,0.5436490178108215,0.5562530159950256,0.5562530159950256
2021-10-12 00:00:00,0.5444200038909912,0.5367559790611267,3601050,0.5444200038909912,0.5573959946632385,0.5436879992485046
2021-10-13 00:00:00,0.5918759703636169,0.5428860187530518,4146128,0.5918759703636169,0.6013129949569702,0.54448401927948
2021-10-14 00:00:00,0.6684749722480774,0.584509015083313,3944084,0.6684749722480774,0.6756830215454102,0.5918539762496948
2021-10-15 00:00:00,0.7666530013084412,0.6632289886474609,3981810,0.7666530013084412,0.7707470059394836,0.6684709787368774
2021-10-16 00:00:00,0.7299119830131531,0.718300998210907,3291704,0.7299119830131531,0.7667250037193298,0.7666620016098022
2021-10-17 00:00:00,0.7451819777488708,0.7155569791793823,3503668,0.7451819777488708,0.787198007106781,0.7298970222473145
2021-10-18 00:00:00,0.7776899933815002,0.7373859882354736,3246560,0.7776899933815002,0.7968400120735168,0.7451819777488708
2021-10-19 00:00:00,0.757082998752594,0.745710015296936,2485474,0.757082998752594,0.7795339822769165,0.7776669859886169
2021-10-20 00:00:00,0.809473991394043,0.7388169765472412,2985386,0.809473991394043,0.809611976146698,0.757082998752594
2021-10-21 00:00:00,0.7527920007705688,0.7524849772453308,2593114,0.7527920007705688,0.8142520189285278,0.809535026550293
2021-10-22 00:00:00,0.7386260032653809,0.7200030088424683,94147,0.7386260032653809,0.7686780095100403,0.7527920007705688
2021-10-23 00:00:00,0.7416359782218933,0.7311279773712158,38142,0.7416359782218933,0.7416700124740601,0.7386000156402588
2021-10-24 00:00:00,0.7520149946212769,0.7412440180778503,57399,0.7520149946212769,0.7585650086402893,0.7416099905967712
2021-10-25 00:00:00,0.7702760100364685,0.751230001449585,2111734,0.7702760100364685,0.7727140188217163,0.7519680261611938
2021-10-26 00:00:00,0.8401830196380615,0.7590579986572266,2465540,0.8401830196380615,0.8521000146865845,0.7702159881591797
2021-10-27 00:00:00,0.7950860261917114,0.7824230194091797,2212282,0.7950860261917114,0.8580060005187988,0.8401730060577393
2021-10-28 00:00:00,0.7628700137138367,0.752007007598877,2253846,0.7628700137138367,0.7964580059051514,0.7950530052185059
2021-10-29 00:00:00,0.7110509872436523,0.6416630148887634,2339400,0.7110509872436523,0.7629759907722473,0.7629140019416809
2021-10-30 00:00:00,0.6970829963684082,0.6905890107154846,2159035,0.6970829963684082,0.7110639810562134,0.7110639810562134
2021-10-31 00:00:00,0.6929090023040771,0.6891239881515503,2012702,0.6929090023040771,0.7053700089454651,0.6971390247344971
2021-11-01 00:00:00,0.7100170254707336,0.6827210187911987,2445107,0.7100170254707336,0.7141479849815369,0.6928769946098328
2021-11-02 00:00:00,0.7127150297164917,0.6996549963951111,2122404,0.7127150297164917,0.7151299715042114,0.7099459767341614
2021-11-03 00:00:00,0.7306169867515564,0.7101160287857056,2312785,0.7306169867515564,0.7431250214576721,0.7127299904823303
2021-11-04 00:00:00,0.706732988357544,0.6971690058708191,2094769,0.706732988357544,0.7370550036430359,0.7306010127067566
2021-11-05 00:00:00,0.6646479964256287,0.5583419799804688,3005635,0.6646479964256287,0.7204750180244446,0.7066749930381775
2021-11-06 00:00:00,0.6936439871788025,0.6646580100059509,2626646,0.6936439871788025,0.7181739807128906,0.6646580100059509
2021-11-07 00:00:00,0.7075369954109192,0.6933259963989258,2318283,0.7075369954109192,0.7171580195426941,0.6937670111656189
2021-11-08 00:00:00,0.760528028011322,0.69240802526474,2970075,0.760528028011322,0.7620199918746948,0.707548975944519
2021-11-09 00:00:00,0.756708025932312,0.7408760190010071,2367308,0.756708025932312,0.7782229781150818,0.7605090141296387
2021-11-10 00:00:00,0.7924339771270752,0.7474660277366638,2577533,0.7924339771270752,0.8161969780921936,0.7567660212516785
2021-11-11 00:00:00,0.7826240062713623,0.7704730033874512,2052733,0.7826240062713623,0.7945529818534851,0.7923930287361145
2021-11-12 00:00:00,0.7767789959907532,0.7563819885253906,2307200,0.7767789959907532,0.799032986164093,0.7816370129585266
2021-11-13 00:00:00,0.7778099775314331,0.771461009979248,2125896,0.7778099775314331,0.7888410091400146,0.7777289748191833
2021-11-14 00:00:00,0.7786250114440918,0.7710430026054382,2109608,0.7786250114440918,0.7892510294914246,0.7777559757232666
2021-11-15 00:00:00,0.8857629895210266,0.7597159743309021,2902598,0.8857629895210266,0.9773719906806946,0.7787780165672302
2021-11-16 00:00:00,0.8447499871253967,0.8161519765853882,2328070,0.8447499871253967,0.8892809748649597,0.8871300220489502
2021-11-17 00:00:00,0.8998810052871704,0.8301489949226379,2978253,0.8998810052871704,0.9320840239524841,0.8446170091629028
2021-11-18 00:00:00,0.8952170014381409,0.8605769872665405,2820841,0.8952170014381409,0.919651985168457,0.8997759819030762
2021-11-19 00:00:00,0.9112020134925842,0.8773639798164368,2534263,0.9112020134925842,0.9332870244979858,0.8951190114021301
2021-11-20 00:00:00,0.941100001335144,0.8997049927711487,2457700,0.941100001335144,0.9418569803237915,0.9110590219497681
2021-11-21 00:00:00,0.9467139840126038,0.9300550222396851,2597092,0.9467139840126038,0.9534509778022766,0.9404399991035461
2021-11-22 00:00:00,1.0164669752120972,0.9304159879684448,2921723,1.0164669752120972,1.0287690162658691,0.9463539719581604
2021-11-23 00:00:00,1.1531809568405151,0.9996209740638733,2565867,1.1531809568405151,1.1552449464797974,1.0164860486984253
2021-11-24 00:00:00,1.1783959865570068,1.0731459856033325,2632078,1.1783959865570068,1.19936203956604,1.1529829502105713
2021-11-25 00:00:00,1.1971060037612915,1.0906590223312378,2751227,1.1971060037612915,1.248270034790039,1.1120719909667969
2021-11-26 00:00:00,1.0619109869003296,1.0527030229568481,2337116,1.0619109869003296,1.2101279497146606,1.1988459825515747
2021-11-27 00:00:00,1.0399169921875,1.0228439569473267,2180713,1.0399169921875,1.0892380475997925,1.0617649555206299
2021-11-28 00:00:00,1.0375629663467407,1.019798994064331,2238689,1.0375629663467407,1.0460959672927856,1.0403239727020264
2021-11-29 00:00:00,1.0957269668579102,1.0360349416732788,2115478,1.0957269668579102,1.1186059713363647,1.0374089479446411
2021-11-30 00:00:00,1.1163029670715332,1.027951955795288,2328466,1.1163029670715332,1.1315250396728516,1.0954309701919556
2021-12-01 00:00:00,1.083292007446289,1.0533829927444458,2151300,1.083292007446289,1.1171610355377197,1.1164449453353882
2021-12-02 00:00:00,1.0366480350494385,0.993556022644043,4215206,1.0366480350494385,1.0843130350112915,1.0832769870758057
2021-12-03 00:00:00,1.0323699712753296,0.9880579710006714,3386413,1.0323699712753296,1.0599700212478638,1.03758704662323
2021-12-04 00:00:00,0.9546210169792175,0.9157699942588806,4320359,0.9546210169792175,1.0372120141983032,1.0323150157928467
2021-12-05 00:00:00,0.9111599922180176,0.9095010161399841,3710436,0.9111599922180176,0.9646580219268799,0.9545459747314453
2021-12-06 00:00:00,0.9855340123176575,0.9044479727745056,4338197,0.9855340123176575,0.9858270287513733,0.9112809896469116
2021-12-07 00:00:00,1.030853033065796,0.9565100073814392,4582657,1.030853033065796,1.2412309646606445,0.9859499931335449
2021-12-08 00:00:00,1.0702149868011475,1.0112509727478027,4283065,1.0702149868011475,1.1392619609832764,1.0308140516281128
2021-12-09 00:00:00,1.018651008605957,1.008139967918396,4041591,1.018651008605957,1.081678032875061,1.0690330266952515
2021-12-10 00:00:00,1.017760992050171,1.0056949853897095,4187005,1.017760992050171,1.0561189651489258,1.0190409421920776
2021-12-11 00:00:00,0.9854509830474854,0.971576988697052,3605206,0.9854509830474854,1.0182199478149414,1.0176609754562378
2021-12-12 00:00:00,0.9582740068435669,0.9516010284423828,3907016,0.9582740068435669,0.9867640137672424,0.9853370189666748
2021-12-13 00:00:00,0.8725619912147522,0.8601840138435364,3958147,0.8725619912147522,0.9614289999008179,0.9587380290031433
2021-12-14 00:00:00,0.904492974281311,0.8343420028686523,4292412,0.904492974281311,0.9243819713592529,0.8725579977035522
2021-12-15 00:00:00,1.0051380395889282,0.9037179946899414,4271260,1.0051380395889282,1.0101699829101562,0.9043959975242615
2021-12-16 00:00:00,0.978829026222229,0.9766449928283691,3939568,0.978829026222229,1.0275919437408447,1.005128026008606
2021-12-17 00:00:00,0.9392650127410889,0.9347310066223145,4013256,0.9392650127410889,0.9805200099945068,0.9789699912071228
2021-12-18 00:00:00,0.9648740291595459,0.9296339750289917,4042078,0.9648740291595459,0.9713749885559082,0.9398059844970703
2021-12-19 00:00:00,0.9580990076065063,0.9557780027389526,4032873,0.9580990076065063,0.9709759950637817,0.9647520184516907
2021-12-20 00:00:00,0.9668279886245728,0.8898959755897522,4139882,0.9668279886245728,0.9693729877471924,0.9577919840812683
2021-12-21 00:00:00,0.9971920251846313,0.9510279893875122,4112231,0.9971920251846313,1.0259840488433838,0.965982973575592
2021-12-22 00:00:00,1.0319730043411255,0.9963279962539673,3827280,1.0319730043411255,1.0451480150222778,0.9973090291023254
2021-12-23 00:00:00,1.0196830034255981,0.9759950041770935,4152637,1.0196830034255981,1.0666730403900146,1.0319030284881592
2021-12-24 00:00:00,1.0927200317382812,1.0190540552139282,4175159,1.0927200317382812,1.1069530248641968,1.019808053970337
2021-12-25 00:00:00,1.0820579528808594,1.078145980834961,3946704,1.0820579528808594,1.095913052558899,1.0927339792251587
2021-12-26 00:00:00,1.1158950328826904,1.071921944618225,4064784,1.1158950328826904,1.134822964668274,1.0821189880371094
2021-12-27 00:00:00,1.1563700437545776,1.1112539768218994,4087561,1.1563700437545776,1.1634169816970825,1.1157389879226685
2021-12-28 00:00:00,1.1628179550170898,1.111853003501892,4111078,1.1628179550170898,1.233633041381836,1.156708002090454
2021-12-29 00:00:00,1.1416029930114746,1.1409380435943604,4061662,1.1416029930114746,1.2068220376968384,1.1626460552215576
2021-12-30 00:00:00,1.1593799591064453,1.1175179481506348,2486598,1.1593799591064453,1.2101060152053833,1.141672968864441
2021-12-31 00:00:00,1.2108290195465088,1.1355079412460327,2151975,1.2108290195465088,1.2159940004348755,1.1594549417495728
2022-01-01 00:00:00,1.2049020528793335,1.2001299858093262,1821315,1.2049020528793335,1.2145529985427856,1.2107130289077759
2022-01-02 00:00:00,1.2055540084838867,1.2004350423812866,1897554,1.2055540084838867,1.2101969718933105,1.2048920392990112
2022-01-03 00:00:00,1.197396993637085,1.194694995880127,2008520,1.197396993637085,1.2066450119018555,1.2055449485778809
2022-01-04 00:00:00,1.1625419855117798,1.1580920219421387,2064047,1.1625419855117798,1.1973919868469238,1.1973919868469238
2022-01-05 00:00:00,1.1651599407196045,1.1397850513458252,3314593,1.1651599407196045,1.1938780546188354,1.1625380516052246
2022-01-06 00:00:00,1.0661009550094604,1.0097119808197021,4115925,1.0661009550094604,1.1666380167007446,1.1651610136032104
2022-01-07 00:00:00,1.0318299531936646,1.0303959846496582,4005161,1.0318299531936646,1.067911982536316,1.0661150217056274
2022-01-08 00:00:00,1.0387510061264038,1.0313700437545776,4023817,1.0387510061264038,1.0508439540863037,1.031838059425354
2022-01-09 00:00:00,1.0325729846954346,1.028398036956787,2892676,1.0325729846954346,1.0387500524520874,1.0387500524520874
2022-01-10 00:00:00,1.0081889629364014,0.9998409748077393,3626235,1.0081889629364014,1.0428370237350464,1.0325720310211182
2022-01-11 00:00:00,1.0094859600067139,0.9995880126953125,3862015,1.0094859600067139,1.0128669738769531,1.008188009262085
2022-01-12 00:00:00,1.0789159536361694,1.0090810060501099,4284187,1.0789159536361694,1.0819950103759766,1.0094929933547974
2022-01-13 00:00:00,1.1120929718017578,1.0707099437713623,4222229,1.1120929718017578,1.1253349781036377,1.0789129734039307
2022-01-14 00:00:00,1.1126270294189453,1.09477698802948,3076328,1.1126270294189453,1.1131370067596436,1.1121000051498413
2022-01-15 00:00:00,1.1142770051956177,1.1106330156326294,3249181,1.1142770051956177,1.1293270587921143,1.1126470565795898
2022-01-16 00:00:00,1.1307239532470703,1.113772988319397,7240243,1.1307239532470703,1.1376639604568481,1.1143709421157837
2022-01-17 00:00:00,1.1530649662017822,1.1247169971466064,10258655,1.1530649662017822,1.1839799880981445,1.1307430267333984
2022-01-18 00:00:00,1.153723955154419,1.1509820222854614,7555733,1.153723955154419,1.1638519763946533,1.1530450582504272
2022-01-19 00:00:00,1.122849941253662,1.114117980003357,10047531,1.122849941253662,1.1558120250701904,1.153715968132019
2022-01-20 00:00:00,1.1430809497833252,1.1197760105133057,10290967,1.1430809497833252,1.1529450416564941,1.122838020324707
2022-01-21 00:00:00,1.003411054611206,1.0013870000839233,9498407,1.003411054611206,1.1434659957885742,1.1430729627609253
2022-01-22 00:00:00,0.9994900226593018,0.8234649896621704,11124038,0.9994900226593018,1.0060230493545532,1.0034159421920776
2022-01-23 00:00:00,0.9991610050201416,0.9793469905853271,10155998,0.9991610050201416,1.0107330083847046,0.9994869828224182
2022-01-24 00:00:00,1.0249429941177368,0.9905790090560913,10896752,1.0249429941177368,1.0255539417266846,0.9991689920425415
2022-01-25 00:00:00,1.1128109693527222,1.0207879543304443,11042617,1.1128109693527222,1.202430009841919,1.0249470472335815
2022-01-26 00:00:00,1.1329319477081299,1.1115540266036987,9831257,1.1329319477081299,1.156190037727356,1.1128009557724
2022-01-27 00:00:00,1.0879080295562744,1.080064058303833,10042954,1.0879080295562744,1.1345950365066528,1.1329339742660522
2022-01-28 00:00:00,1.1372129917144775,1.0816789865493774,10056657,1.1372129917144775,1.1429530382156372,1.0879069566726685
2022-01-29 00:00:00,1.129078984260559,1.108981966972351,10327509,1.129078984260559,1.13863205909729,1.1372079849243164
2022-01-30 00:00:00,1.0990849733352661,1.0883699655532837,9694576,1.0990849733352661,1.1375819444656372,1.1291840076446533
2022-01-31 00:00:00,1.1140480041503906,1.0955770015716553,9960356,1.1140480041503906,1.120622992515564,1.0990879535675049
2022-02-01 00:00:00,1.0806570053100586,1.0508220195770264,10242317,1.0806570053100586,1.1161550283432007,1.1140700578689575
2022-02-02 00:00:00,1.0948599576950073,1.078879952430725,10374763,1.0948599576950073,1.1026849746704102,1.080657958984375
2022-02-03 00:00:00,1.0869990587234497,1.0824660062789917,10165334,1.0869990587234497,1.0951199531555176,1.0948599576950073
2022-02-04 00:00:00,1.1014920473098755,1.0857959985733032,10251669,1.1014920473098755,1.1044590473175049,1.0870000123977661
2022-02-05 00:00:00,1.1131680011749268,1.1009299755096436,10138470,1.1131680011749268,1.1199970245361328,1.101493000984192
2022-02-06 00:00:00,1.0993599891662598,1.0874340534210205,10141062,1.0993599891662598,1.1220229864120483,1.113158941268921
2022-02-07 00:00:00,1.138584017753601,1.042428970336914,9695093,1.138584017753601,1.1489959955215454,1.099357008934021
2022-02-08 00:00:00,1.1452959775924683,1.1340290307998657,9910910,1.1452959775924683,1.1620110273361206,1.1385819911956787
2022-02-09 00:00:00,1.1606409549713135,1.1444170475006104,9602026,1.1606409549713135,1.1632310152053833,1.145279049873352
2022-02-10 00:00:00,1.1442710161209106,1.136842966079712,10331456,1.1442710161209106,1.1613080501556396,1.1606240272521973
2022-02-11 00:00:00,1.1150749921798706,1.1145390272140503,9513509,1.1150749921798706,1.144284963607788,1.1442760229110718
2022-02-12 00:00:00,1.1221940517425537,1.1143920421600342,10214989,1.1221940517425537,1.1235710382461548,1.1150720119476318
2022-02-13 00:00:00,1.113366961479187,1.1075880527496338,10256138,1.113366961479187,1.1239910125732422,1.122189998626709
2022-02-14 00:00:00,1.164944052696228,1.1015750169754028,10545511,1.164944052696228,1.1693830490112305,1.113353967666626
2022-02-15 00:00:00,1.2673959732055664,1.1299320459365845,10607447,1.2673959732055664,1.2749979496002197,1.1649450063705444
2022-02-16 00:00:00,1.2991629838943481,1.2647589445114136,10431154,1.2991629838943481,1.3619259595870972,1.2674150466918945
2022-02-17 00:00:00,1.2285510301589966,1.2262589931488037,9412101,1.2285510301589966,1.3012200593948364,1.299170970916748
2022-02-18 00:00:00,1.2284159660339355,1.2263660430908203,10052980,1.2284159660339355,1.2541090250015259,1.2285380363464355
2022-02-19 00:00:00,1.217648983001709,1.2136479616165161,7863048,1.217648983001709,1.2325459718704224,1.2284009456634521
2022-02-20 00:00:00,1.1956260204315186,1.1915440559387207,7892988,1.1956260204315186,1.2179789543151855,1.2176599502563477
2022-02-21 00:00:00,1.1911840438842773,1.1860289573669434,7982523,1.1911840438842773,1.2004849910736084,1.195618987083435
2022-02-22 00:00:00,1.180704951286316,1.1614099740982056,8653043,1.180704951286316,1.1931730508804321,1.1911319494247437
2022-02-23 00:00:00,1.1765530109405518,1.176190972328186,7849035,1.1765530109405518,1.1889439821243286,1.1807149648666382
2022-02-24 00:00:00,1.1317609548568726,1.1099090576171875,8946907,1.1317609548568726,1.1791340112686157,1.1766510009765625
2022-02-25 00:00:00,1.168889045715332,1.1299389600753784,8493788,1.168889045715332,1.1695719957351685,1.1317670345306396
2022-02-26 00:00:00,1.1752419471740723,1.1628910303115845,8228264,1.1752419471740723,1.1925909519195557,1.1689039468765259
2022-02-27 00:00:00,1.1454670429229736,1.1387369632720947,8269298,1.1454670429229736,1.1761490106582642,1.175238013267517
2022-02-28 00:00:00,1.1726059913635254,1.145058035850525,7538573,1.1726059913635254,1.173915982246399,1.1454839706420898
2022-03-01 00:00:00,1.219683051109314,1.167896032333374,9691647,1.219683051109314,1.2736059427261353,1.1726160049438477
2022-03-02 00:00:00,1.3348050117492676,1.212730050086975,9618650,1.3348050117492676,1.337546944618225,1.2196840047836304
2022-03-03 00:00:00,1.4398610591888428,1.328184962272644,10233047,1.4398610591888428,1.468654990196228,1.3348129987716675
2022-03-04 00:00:00,1.4125150442123413,1.4077279567718506,8769930,1.4125150442123413,1.44002103805542,1.4398579597473145
2022-03-05 00:00:00,1.4142999649047852,1.4012069702148438,10128450,1.4142999649047852,1.424347996711731,1.4125159978866577
2022-03-06 00:00:00,1.411018967628479,1.4064370393753052,9668672,1.411018967628479,1.4235459566116333,1.414294958114624
2022-03-07 00:00:00,1.3210890293121338,1.313720941543579,9316035,1.3210890293121338,1.4144020080566406,1.4110280275344849
2022-03-08 00:00:00,1.3586479425430298,1.200098991394043,9858036,1.3586479425430298,1.3690530061721802,1.3210450410842896
2022-03-09 00:00:00,1.3185149431228638,1.3057379722595215,9980667,1.3185149431228638,1.3757710456848145,1.358651041984558
2022-03-10 00:00:00,1.3156800270080566,1.3060059547424316,7741603,1.3156800270080566,1.331583023071289,1.318503975868225
2022-03-11 00:00:00,1.3095639944076538,1.2972700595855713,8524321,1.3095639944076538,1.3161510229110718,1.3156989812850952
2022-03-12 00:00:00,1.3010070323944092,1.3001420497894287,8620730,1.3010070323944092,1.3150559663772583,1.3095829486846924
2022-03-13 00:00:00,1.2855939865112305,1.2809499502182007,8720040,1.2855939865112305,1.306859016418457,1.3009819984436035
2022-03-14 00:00:00,1.2791680097579956,1.2718340158462524,8713316,1.2791680097579956,1.2864209413528442,1.2855830192565918
2022-03-15 00:00:00,1.2825100421905518,1.2709200382232666,7199886,1.2825100421905518,1.2839269638061523,1.2791650295257568
2022-03-16 00:00:00,1.3537919521331787,1.2816369533538818,8533512,1.3537919521331787,1.3537930250167847,1.2825080156326294
2022-03-17 00:00:00,1.3870439529418945,1.3122589588165283,9007431,1.3870439529418945,1.394974946975708,1.3537830114364624
2022-03-18 00:00:00,1.3868279457092285,1.37385094165802,8535898,1.3868279457092285,1.387017011642456,1.387017011642456
2022-03-19 00:00:00,1.4190700054168701,1.38640296459198,8621966,1.4190700054168701,1.4199589490890503,1.3868340253829956
2022-03-20 00:00:00,1.3941949605941772,1.3912559747695923,8048868,1.3941949605941772,1.419692039489746,1.4190629720687866
2022-03-21 00:00:00,1.3836560249328613,1.3760119676589966,7076189,1.3836560249328613,1.3948429822921753,1.3941810131072998
2022-03-22 00:00:00,1.401898980140686,1.3834190368652344,8647110,1.401898980140686,1.4194960594177246,1.3836599588394165
2022-03-23 00:00:00,1.401973009109497,1.396162986755371,8340678,1.401973009109497,1.4074130058288574,1.4019169807434082
2022-03-24 00:00:00,1.376966953277588,1.3551700115203857,8117695,1.376966953277588,1.4067859649658203,1.4020349979400635
2022-03-25 00:00:00,1.399839997291565,1.3548409938812256,8892727,1.399839997291565,1.4293839931488037,1.376973032951355
2022-03-26 00:00:00,1.4160490036010742,1.39615797996521,8333022,1.4160490036010742,1.4201970100402832,1.3998639583587646
2022-03-27 00:00:00,1.4125779867172241,1.391361951828003,7715859,1.4125779867172241,1.4172879457473755,1.4160480499267578
2022-03-28 00:00:00,1.4564839601516724,1.4102959632873535,9377938,1.4564839601516724,1.4660929441452026,1.4125629663467407
2022-03-29 00:00:00,1.4539450407028198,1.4495329856872559,8721041,1.4539450407028198,1.461874008178711,1.456475019454956
2022-03-30 00:00:00,1.477849006652832,1.447525978088379,8906467,1.477849006652832,1.477862000465393,1.4539129734039307
2022-03-31 00:00:00,1.4153929948806763,1.3994929790496826,9876769,1.4153929948806763,1.480823040008545,1.4778410196304321
2022-04-01 00:00:00,1.409190058708191,1.4012060165405273,9828913,1.409190058708191,1.4163260459899902,1.415397047996521
2022-04-02 00:00:00,1.4313570261001587,1.4062540531158447,8957065,1.4313570261001587,1.4481290578842163,1.4092049598693848
2022-04-03 00:00:00,1.4274259805679321,1.4225889444351196,9693678,1.4274259805679321,1.4321709871292114,1.4313629865646362
2022-04-04 00:00:00,1.4249039888381958,1.4188950061798096,10044272,1.4249039888381958,1.4390389919281006,1.4274300336837769
2022-04-05 00:00:00,1.4059499502182007,1.4053540229797363,9949484,1.4059499502182007,1.4268330335617065,1.424896001815796
2022-04-06 00:00:00,1.392024040222168,1.3839030265808105,9519176,1.392024040222168,1.4064929485321045,1.4059560298919678
2022-04-07 00:00:00,1.4044209718704224,1.378093957901001,9882440,1.4044209718704224,1.4091140031814575,1.392014980316162
2022-04-08 00:00:00,1.3820630311965942,1.3820600509643555,10360358,1.3820630311965942,1.4067540168762207,1.404420018196106
2022-04-09 00:00:00,1.384997010231018,1.3705569505691528,8965229,1.384997010231018,1.3862580060958862,1.382058024406433
2022-04-10 00:00:00,1.3782240152359009,1.375512957572937,9127432,1.3782240152359009,1.3849719762802124,1.3849719762802124
2022-04-11 00:00:00,1.400149941444397,1.3774399757385254,8483610,1.400149941444397,1.4097570180892944,1.3782340288162231
2022-04-12 00:00:00,1.3522119522094727,1.3380160331726074,8696450,1.3522119522094727,1.4024620056152344,1.4001539945602417
2022-04-13 00:00:00,1.375473976135254,1.3494130373001099,8076836,1.375473976135254,1.3757020235061646,1.352220058441162
2022-04-14 00:00:00,1.3734630346298218,1.3618979454040527,8933924,1.3734630346298218,1.3805630207061768,1.3754760026931763
2022-04-15 00:00:00,1.339892029762268,1.330340027809143,8750914,1.339892029762268,1.3768889904022217,1.373453974723816
2022-04-16 00:00:00,1.3112679719924927,1.301395058631897,8730495,1.3112679719924927,1.3445550203323364,1.3398890495300293
2022-04-17 00:00:00,1.283087968826294,1.2797960042953491,8719924,1.283087968826294,1.3178950548171997,1.3112620115280151
2022-04-18 00:00:00,1.3041349649429321,1.2806849479675293,8049394,1.3041349649429321,1.3052480220794678,1.2830979824066162
2022-04-19 00:00:00,1.4322919845581055,1.3008029460906982,8837780,1.4322919845581055,1.4341939687728882,1.3041290044784546
2022-04-20 00:00:00,1.3624500036239624,1.3373160362243652,8908325,1.3624500036239624,1.47262704372406,1.4323029518127441
2022-04-21 00:00:00,1.3314540386199951,1.323390007019043,8584898,1.3314540386199951,1.3638919591903687,1.3624509572982788
2022-04-22 00:00:00,1.3417949676513672,1.32840895652771,8637382,1.3417949676513672,1.3436189889907837,1.3314340114593506
2022-04-23 00:00:00,1.3416210412979126,1.3382370471954346,8544186,1.3416210412979126,1.3440760374069214,1.341776967048645
2022-04-24 00:00:00,1.336482048034668,1.3354370594024658,8515668,1.336482048034668,1.3465449810028076,1.3416069746017456
2022-04-25 00:00:00,1.3345730304718018,1.3199219703674316,8625015,1.3345730304718018,1.3364850282669067,1.3364850282669067
2022-04-26 00:00:00,1.3277740478515625,1.3267509937286377,8644901,1.3277740478515625,1.3472230434417725,1.3345530033111572
2022-04-27 00:00:00,1.3264189958572388,1.3220889568328857,8830417,1.3264189958572388,1.3370840549468994,1.3277560472488403
2022-04-28 00:00:00,1.320613980293274,1.3141460418701172,7329389,1.320613980293274,1.3277770280838013,1.3264219760894775
2022-04-29 00:00:00,1.3177720308303833,1.3139309883117676,6488753,1.3177720308303833,1.3308759927749634,1.3206260204315186
2022-04-30 00:00:00,1.3249709606170654,1.3133209943771362,6722477,1.3249709606170654,1.3453149795532227,1.3177460432052612
2022-05-01 00:00:00,1.3133419752120972,1.302014946937561,6529496,1.3133419752120972,1.3454359769821167,1.3249670267105103
2022-05-02 00:00:00,1.3038699626922607,1.3004189729690552,6336736,1.3038699626922607,1.3162729740142822,1.313325047492981
2022-05-03 00:00:00,1.3026169538497925,1.3005989789962769,6515423,1.3026169538497925,1.309777021408081,1.3038649559020996
2022-05-04 00:00:00,1.3235269784927368,1.3019139766693115,6135083,1.3235269784927368,1.3243769407272339,1.3025859594345093
2022-05-05 00:00:00,1.3112119436264038,1.3067799806594849,6875086,1.3112119436264038,1.3461979627609253,1.3235280513763428
2022-05-06 00:00:00,1.3041139841079712,1.300294041633606,6258124,1.3041139841079712,1.3118070363998413,1.3112139701843262
2022-05-07 00:00:00,1.2999039888381958,1.2997260093688965,4372872,1.2999039888381958,1.308176040649414,1.3040989637374878
2022-05-08 00:00:00,1.23197603225708,1.2056950330734253,5442865,1.23197603225708,1.3086299896240234,1.299901008605957
2022-05-09 00:00:00,1.0784510374069214,1.0782979726791382,6048964,1.0784510374069214,1.2419689893722534,1.2319960594177246
2022-05-10 00:00:00,1.113055944442749,1.073483943939209,6083696,1.113055944442749,1.152124047279358,1.0784900188446045
2022-05-11 00:00:00,0.9426019787788391,0.9107990264892578,5769560,0.9426019787788391,1.1271300315856934,1.1130549907684326
2022-05-12 00:00:00,0.9031559824943542,0.6680520176887512,7051361,0.9031559824943542,0.9441710114479065,0.9426079988479614
2022-05-13 00:00:00,1.1060839891433716,0.8978419899940491,7148106,1.1060839891433716,1.138795018196106,0.9030809998512268
2022-05-14 00:00:00,1.0667539834976196,1.05915105342865,5550965,1.0667539834976196,1.1077079772949219,1.1060869693756104
2022-05-15 00:00:00,1.0784950256347656,1.0601509809494019,6142885,1.0784950256347656,1.0784980058670044,1.0667539834976196
2022-05-16 00:00:00,1.0709929466247559,1.0644750595092773,6069551,1.0709929466247559,1.082327961921692,1.0785119533538818
2022-05-17 00:00:00,1.058843970298767,1.0553820133209229,6129081,1.058843970298767,1.0916119813919067,1.0709869861602783
2022-05-18 00:00:00,1.0537240505218506,1.0497549772262573,6209453,1.0537240505218506,1.065261960029602,1.0588370561599731
2022-05-19 00:00:00,1.0410219430923462,1.0327680110931396,5946944,1.0410219430923462,1.0683670043945312,1.0537070035934448
2022-05-20 00:00:00,1.0131930112838745,1.0060030221939087,6105858,1.0131930112838745,1.0455210208892822,1.04100501537323
2022-05-21 00:00:00,1.0048860311508179,1.0014050006866455,6216911,1.0048860311508179,1.0175410509109497,1.0132700204849243
2022-05-22 00:00:00,1.017145037651062,1.000717043876648,6420526,1.017145037651062,1.01882004737854,1.0048799514770508
2022-05-23 00:00:00,1.0082759857177734,1.0078400373458862,5886626,1.0082759857177734,1.0324549674987793,1.017143964767456
2022-05-24 00:00:00,0.9996309876441956,0.9990500211715698,6064987,0.9996309876441956,1.0083529949188232,1.008236050605774
2022-05-25 00:00:00,1.0068739652633667,0.9988669753074646,6228590,1.0068739652633667,1.0093400478363037,0.9996169805526733
2022-05-26 00:00:00,0.9692869782447815,0.9597679972648621,5525030,0.9692869782447815,1.0091049671173096,1.0068650245666504
2022-05-27 00:00:00,0.9265279769897461,0.9254109859466553,3714607,0.9265279769897461,0.970317006111145,0.9692819714546204
2022-05-28 00:00:00,0.9123830199241638,0.9053360223770142,3203905,0.9123830199241638,0.9269539713859558,0.9101979732513428
2022-05-29 00:00:00,0.9249100089073181,0.900672972202301,3126781,0.9249100089073181,0.9259909987449646,0.9123889803886414
2022-05-30 00:00:00,0.9266939759254456,0.9181569814682007,3143787,0.9266939759254456,0.9391940236091614,0.924917995929718
2022-05-31 00:00:00,0.9092429876327515,0.9010570049285889,3114096,0.9092429876327515,0.9400320053100586,0.9266960024833679
2022-06-01 00:00:00,0.9093260169029236,0.9009919762611389,3152391,0.9093260169029236,0.9152269959449768,0.9092370271682739
2022-06-02 00:00:00,0.9000840187072754,0.8890010118484497,3237036,0.9000840187072754,0.9100580215454102,0.9093009829521179
2022-06-03 00:00:00,0.902167022228241,0.8955600261688232,1842397,0.902167022228241,0.9088220000267029,0.900065004825592
2022-06-04 00:00:00,0.8956379890441895,0.8929219841957092,3123441,0.8956379890441895,0.9021720290184021,0.9021720290184021
2022-06-05 00:00:00,0.8959169983863831,0.8927260041236877,3170770,0.8959169983863831,0.9072340130805969,0.8956350088119507
2022-06-06 00:00:00,0.904600977897644,0.895313024520874,3162052,0.904600977897644,0.9353269934654236,0.8959069848060608
2022-06-07 00:00:00,0.8943690061569214,0.8913289904594421,2834105,0.8943690061569214,0.9072740077972412,0.9045889973640442
2022-06-08 00:00:00,0.8976309895515442,0.8905850052833557,3167054,0.8976309895515442,0.8981649875640869,0.8943700194358826
2022-06-09 00:00:00,0.8752750158309937,0.8743489980697632,3067726,0.8752750158309937,0.8981289863586426,0.8976410031318665
2022-06-10 00:00:00,0.9076520204544067,0.8708760142326355,3403623,0.9076520204544067,0.9421129822731018,0.8753079771995544
2022-06-11 00:00:00,0.8941249847412109,0.8887839913368225,3264148,0.8941249847412109,0.9085729718208313,0.9076539874076843
2022-06-12 00:00:00,0.8793900012969971,0.8764520287513733,3091645,0.8793900012969971,0.894698977470398,0.8941159844398499
2022-06-13 00:00:00,0.8337259888648987,0.821815013885498,3228287,0.8337259888648987,0.8797420263290405,0.8793799877166748
2022-06-14 00:00:00,0.8264179825782776,0.818992018699646,3144542,0.8264179825782776,0.8340989947319031,0.8337330222129822
2022-06-15 00:00:00,0.830498993396759,0.819167971611023,3074837,0.830498993396759,0.834775984287262,0.8264020085334778
2022-06-16 00:00:00,0.8125180006027222,0.8079820275306702,3121291,0.8125180006027222,0.8317260146141052,0.830482006072998
2022-06-17 00:00:00,0.8097130060195923,0.8050900101661682,3186627,0.8097130060195923,0.8151599764823914,0.8125349879264832
2022-06-18 00:00:00,0.7851290106773376,0.7827860116958618,3250188,0.7851290106773376,0.8115869760513306,0.8096989989280701
2022-06-19 00:00:00,0.647271990776062,0.6190549731254578,3232210,0.647271990776062,0.7851340174674988,0.7851210236549377
2022-06-20 00:00:00,0.654446005821228,0.6254339814186096,3202356,0.654446005821228,0.6634290218353271,0.6472569704055786
2022-06-21 00:00:00,0.6666989922523499,0.648684024810791,2948564,0.6666989922523499,0.670333981513977,0.6544539928436279
2022-06-22 00:00:00,0.6427209973335266,0.6243640184402466,3230438,0.6427209973335266,0.6699609756469727,0.6666989922523499
2022-06-23 00:00:00,0.5953699946403503,0.5922549962997437,2942592,0.5953699946403503,0.6449919939041138,0.6427220106124878
2022-06-24 00:00:00,0.6233779788017273,0.5885599851608276,3310839,0.6233779788017273,0.6248120069503784,0.5953570008277893
2022-06-25 00:00:00,0.6066250205039978,0.6057869791984558,2987412,0.6066250205039978,0.6283860206604004,0.6233850121498108
2022-06-26 00:00:00,0.608485996723175,0.602666974067688,3253077,0.608485996723175,0.6136699914932251,0.6066269874572754
2022-06-27 00:00:00,0.619176983833313,0.6014379858970642,3177321,0.619176983833313,0.622160017490387,0.6085230112075806
2022-06-28 00:00:00,0.6156790256500244,0.6133800148963928,2987902,0.6156790256500244,0.6227139830589294,0.6191840171813965
2022-06-29 00:00:00,0.6027299761772156,0.6010130047798157,3215314,0.6027299761772156,0.6196860074996948,0.6156870126724243
2022-06-30 00:00:00,0.5551480054855347,0.5513960123062134,3127319,0.5551480054855347,0.6032149791717529,0.6027320027351379
2022-07-01 00:00:00,0.5318019986152649,0.530381977558136,3285916,0.5318019986152649,0.5592129826545715,0.555171012878418
2022-07-02 00:00:00,0.5087710022926331,0.5036140084266663,3177218,0.5087710022926331,0.5323709845542908,0.5317950248718262
2022-07-03 00:00:00,0.47666099667549133,0.4738529920578003,3220305,0.47666099667549133,0.5169169902801514,0.5087680220603943
2022-07-04 00:00:00,0.42931801080703735,0.41561299562454224,3216637,0.42931801080703735,0.47696998715400696,0.4766579866409302
2022-07-05 00:00:00,0.41952401399612427,0.41821399331092834,3186614,0.41952401399612427,0.43632999062538147,0.4293220043182373
2022-07-06 00:00:00,0.43550699949264526,0.41589999198913574,3118678,0.43550699949264526,0.43552300333976746,0.41952601075172424
2022-07-07 00:00:00,0.4387589991092682,0.43458300828933716,3049219,0.4387589991092682,0.44116199016571045,0.4355030059814453
2022-07-08 00:00:00,0.46103399991989136,0.43233001232147217,3470096,0.46103399991989136,0.46206000447273254,0.438742995262146
2022-07-09 00:00:00,0.5270670056343079,0.46103501319885254,3245718,0.5270670056343079,0.5359129905700684,0.46103501319885254
2022-07-10 00:00:00,0.4943369925022125,0.49181100726127625,2058223,0.4943369925022125,0.5318809747695923,0.5270670056343079
2022-07-11 00:00:00,0.4741330146789551,0.47198399901390076,3139027,0.4741330146789551,0.49789100885391235,0.4943329989910126
2022-07-12 00:00:00,0.5054699778556824,0.47206899523735046,3285407,0.5054699778556824,0.5107449889183044,0.4741330146789551
2022-07-13 00:00:00,0.49439600110054016,0.4769729971885681,3005879,0.49439600110054016,0.511929988861084,0.5054699778556824
2022-07-14 00:00:00,0.4835149943828583,0.4733169972896576,3142613,0.4835149943828583,0.4956350028514862,0.4944010078907013
2022-07-15 00:00:00,0.5328450202941895,0.48242199420928955,3343381,0.5328450202941895,0.5864869952201843,0.4835039973258972
2022-07-16 00:00:00,0.5853689908981323,0.5297549962997437,3404489,0.5853689908981323,0.5853689908981323,0.5328419804573059
2022-07-17 00:00:00,0.5699509978294373,0.5646439790725708,3167194,0.5699509978294373,0.5863630175590515,0.5853719711303711
2022-07-18 00:00:00,0.5807809829711914,0.5692430138587952,3230938,0.5807809829711914,0.60036700963974,0.5699459910392761
2022-07-19 00:00:00,0.5972549915313721,0.5803830027580261,3195656,0.5972549915313721,0.6004440188407898,0.5807849764823914
2022-07-20 00:00:00,0.672245979309082,0.5965369939804077,3477074,0.672245979309082,0.7558450102806091,0.5972570180892944
2022-07-21 00:00:00,0.7160570025444031,0.6718609929084778,3325249,0.7160570025444031,0.7435280084609985,0.6722360253334045
2022-07-22 00:00:00,0.6737359762191772,0.6596620082855225,3103019,0.6737359762191772,0.716346025466919,0.7160580158233643
2022-07-23 00:00:00,0.6747249960899353,0.6667159795761108,3248302,0.6747249960899353,0.6805359721183777,0.6737359762191772
2022-07-24 00:00:00,0.434251993894577,0.3675000071525574,2957952,0.434251993894577,0.6799309849739075,0.6747230291366577
2022-07-25 00:00:00,0.42745301127433777,0.3990750014781952,3154106,0.42745301127433777,0.5080519914627075,0.4342530071735382
2022-07-26 00:00:00,0.3720180094242096,0.34813401103019714,3111679,0.3720180094242096,0.46924200654029846,0.42745500802993774
2022-07-27 00:00:00,0.4174000024795532,0.3720189929008484,3323926,0.4174000024795532,0.41881799697875977,0.3720189929008484
2022-07-28 00:00:00,0.5459380149841309,0.41740500926971436,3582644,0.5459380149841309,0.6714000105857849,0.41740500926971436
2022-07-29 00:00:00,0.5499709844589233,0.5300250053405762,3228593,0.5499709844589233,0.5992419719696045,0.5459409952163696
2022-07-30 00:00:00,0.5501649975776672,0.5282689929008484,2839348,0.5501649975776672,0.5697889924049377,0.5499699711799622
2022-07-31 00:00:00,0.5695899724960327,0.5054569840431213,3123408,0.5695899724960327,0.5925570130348206,0.5501599907875061
2022-08-01 00:00:00,0.5712149739265442,0.5691670179367065,173,0.5712149739265442,0.5718690156936646,0.569586992263794
2022-08-02 00:00:00,0.5711939930915833,0.5711789727210999,181,0.5711939930915833,0.5712810158729553,0.5712180137634277
2022-08-03 00:00:00,0.5601140260696411,0.5600749850273132,5,0.5601140260696411,0.5987269878387451,0.5711879730224609
2022-08-04 00:00:00,0.5268700122833252,0.5001140236854553,374,0.5268700122833252,0.5601590275764465,0.5601159930229187
2022-08-05 00:00:00,0.6186259984970093,0.5268290042877197,4215,0.6186259984970093,1.2298099994659424,0.5268589854240417
2022-08-06 00:00:00,0.5875740051269531,0.5652559995651245,1234,0.5875740051269531,0.7499690055847168,0.6186239719390869
2022-08-07 00:00:00,0.7096019983291626,0.5875579714775085,476,0.7096019983291626,0.7096279859542847,0.5875750184059143
2022-08-08 00:00:00,0.6759189963340759,0.6062589883804321,1386,0.6759189963340759,0.7096279859542847,0.709613025188446
2022-08-09 00:00:00,0.6111279726028442,0.6110849976539612,394,0.6111279726028442,0.6920379996299744,0.6759139895439148
2022-08-10 00:00:00,0.6230570077896118,0.610709011554718,95,0.6230570077896118,0.6230819821357727,0.6111249923706055
2022-08-11 00:00:00,0.6985830068588257,0.6002500057220459,263,0.6985830068588257,0.6985980272293091,0.6230559945106506
2022-08-12 00:00:00,0.6974340081214905,0.6973710060119629,6,0.6974340081214905,0.6986200213432312,0.6985800266265869
2022-08-13 00:00:00,0.6247349977493286,0.5986199975013733,775,0.6247349977493286,0.6975259780883789,0.6974380016326904
2022-08-14 00:00:00,0.6364719867706299,0.5601279735565186,393,0.6364719867706299,0.689972996711731,0.6247289776802063
2022-08-15 00:00:00,0.6371110081672668,0.5712509751319885,297,0.6371110081672668,0.6371359825134277,0.6364650130271912
2022-08-16 00:00:00,0.5786659717559814,0.5786259770393372,126,0.5786659717559814,0.6372069716453552,0.6371070146560669
2022-08-17 00:00:00,0.5802419781684875,0.5351269841194153,375,0.5802419781684875,0.5897740125656128,0.5786719918251038
2022-08-18 00:00:00,0.5281000137329102,0.5280659794807434,160,0.5281000137329102,0.5802630186080933,0.5802419781684875
2022-08-19 00:00:00,0.5281320214271545,0.5280709862709045,0,0.5281320214271545,0.5281929969787598,0.528095006942749
2022-08-20 00:00:00,0.5280860066413879,0.5280849933624268,48,0.5280860066413879,0.5281699895858765,0.5281280279159546
2022-08-21 00:00:00,0.5280969738960266,0.5280699729919434,2,0.5280969738960266,0.5281850099563599,0.5280860066413879
2022-08-22 00:00:00,0.5280910134315491,0.5280420184135437,2,0.5280910134315491,0.5281599760055542,0.5281000137329102
2022-08-23 00:00:00,0.4997960031032562,0.40517500042915344,689,0.4997960031032562,0.528099000453949,0.5280910134315491
2022-08-24 00:00:00,0.42501699924468994,0.32350799441337585,2701,0.42501699924468994,0.49983400106430054,0.4997960031032562
2022-08-25 00:00:00,0.29002299904823303,0.25280898809432983,401,0.29002299904823303,0.4296239912509918,0.42501500248908997
2022-08-26 00:00:00,0.33701398968696594,0.26061999797821045,241,0.33701398968696594,0.34164199233055115,0.29002299904823303
2022-08-27 00:00:00,0.33700698614120483,0.33698999881744385,0,0.33700698614120483,0.3370470106601715,0.3370189964771271
2022-08-28 00:00:00,0.3370090126991272,0.33698800206184387,0,0.3370090126991272,0.33702901005744934,0.33700498938560486
2022-08-29 00:00:00,0.2752090096473694,0.20999599993228912,460,0.2752090096473694,0.33702000975608826,0.3370169997215271
2022-08-30 00:00:00,0.29502400755882263,0.27519699931144714,17,0.29502400755882263,0.29506900906562805,0.27521100640296936
2022-08-31 00:00:00,0.2950049936771393,0.29499199986457825,0,0.2950049936771393,0.2950479984283447,0.2950269877910614
2022-09-01 00:00:00,0.28960299491882324,0.15189999341964722,96,0.28960299491882324,0.2950280010700226,0.2950040102005005
2022-09-02 00:00:00,0.28962600231170654,0.2895849943161011,0,0.28962600231170654,0.2896350026130676,0.2895990014076233
2022-09-03 00:00:00,0.29521700739860535,0.23205800354480743,6115,0.29521700739860535,0.5594289898872375,0.28962600231170654
2022-09-04 00:00:00,0.2416439950466156,0.2192690074443817,479,0.2416439950466156,0.29528099298477173,0.29521799087524414
2022-09-05 00:00:00,0.21370799839496613,0.21359600126743317,60,0.21370799839496613,0.2468540072441101,0.24164199829101562
2022-09-06 00:00:00,0.213810995221138,0.2136940062046051,33,0.213810995221138,0.21390600502490997,0.21370600163936615
2022-09-07 00:00:00,0.2102230042219162,0.21019700169563293,15,0.2102230042219162,0.2138260006904602,0.21380199491977692
2022-09-08 00:00:00,0.24093499779701233,0.20597800612449646,5190,0.24093499779701233,0.4492340087890625,0.21021999418735504
2022-09-09 00:00:00,0.30735498666763306,0.24003300070762634,1290,0.30735498666763306,0.43990400433540344,0.24093399941921234
2022-09-10 00:00:00,0.3460710048675537,0.2622799873352051,5528,0.3460710048675537,0.39510199427604675,0.30736100673675537
2022-09-11 00:00:00,0.28727900981903076,0.28726398944854736,52,0.28727900981903076,0.3486439883708954,0.3460780084133148
2022-09-12 00:00:00,0.3019610047340393,0.2872369885444641,218,0.3019610047340393,0.3365730047225952,0.28728100657463074
2022-09-13 00:00:00,0.25260600447654724,0.251911997795105,54,0.25260600447654724,0.3019779920578003,0.30194899439811707
2022-09-14 00:00:00,0.25273600220680237,0.2525930106639862,11,0.25273600220680237,0.25275400280952454,0.2526099979877472
2022-09-15 00:00:00,0.2519010007381439,0.25188499689102173,35,0.2519010007381439,0.25276899337768555,0.2527349889278412
2022-09-16 00:00:00,0.25169500708580017,0.25167301297187805,51,0.25169500708580017,0.25191599130630493,0.2519010007381439
2022-09-17 00:00:00,0.2477239966392517,0.23300300538539886,219,0.2477239966392517,0.2517170011997223,0.25169500708580017
2022-09-18 00:00:00,0.23300500214099884,0.23298799991607666,8,0.23300500214099884,0.26164600253105164,0.2477789968252182
2022-09-19 00:00:00,0.21482299268245697,0.21479399502277374,25,0.21482299268245697,0.23303300142288208,0.23300200700759888
2022-09-20 00:00:00,0.23720499873161316,0.21481400728225708,1310,0.23720499873161316,0.36904698610305786,0.21482199430465698
2022-09-21 00:00:00,0.25022199749946594,0.2358500063419342,142,0.25022199749946594,0.2661310136318207,0.23719599843025208
2022-09-22 00:00:00,0.21499699354171753,0.21499399840831757,139,0.21499699354171753,0.25023800134658813,0.2502270042896271
2022-09-23 00:00:00,0.23999600112438202,0.1999959945678711,582,0.23999600112438202,0.29999399185180664,0.2149990051984787
2022-09-24 00:00:00,0.25001201033592224,0.2399889975786209,11,0.25001201033592224,0.2500250041484833,0.23999600112438202
2022-09-25 00:00:00,0.2424129992723465,0.22851799428462982,169,0.2424129992723465,0.26012301445007324,0.25001299381256104
2022-09-26 00:00:00,0.25068199634552,0.24238799512386322,479,0.25068199634552,0.25442400574684143,0.24241100251674652
2022-09-27 00:00:00,0.42918500304222107,0.24495500326156616,22362,0.42918500304222107,0.7656229734420776,0.2506920099258423
2022-09-28 08:58:00,0.3782616853713989,0.3477290868759155,22641,0.3782616853713989,0.510487973690033,0.4291781783103943
