timestamp,adjclose,low,close,volume,high,open
2020-08-27 00:00:00,0.06917300075292587,0.05273199826478958,0.06917300075292587,0,0.08069700002670288,0.07874300330877304
2020-08-28 00:00:00,0.06611000001430511,0.05557899922132492,0.06611000001430511,0,0.07019200176000595,0.06918899714946747
2020-08-29 00:00:00,0.06140799820423126,0.05813400074839592,0.06140799820423126,0,0.07064700126647949,0.066102996468544
2020-08-30 00:00:00,0.07318499684333801,0.06132499873638153,0.07318499684333801,0,0.07792499661445618,0.0613429993391037
2020-08-31 00:00:00,0.07594399899244308,0.07316400110721588,0.07594399899244308,62106,0.08256500214338303,0.07320500165224075
2020-09-01 00:00:00,0.07016299664974213,0.0662970021367073,0.07016299664974213,253233,0.07797099649906158,0.0759190022945404
2020-09-02 00:00:00,0.06116100028157234,0.059863001108169556,0.06116100028157234,199130,0.07030600309371948,0.07016599923372269
2020-09-03 00:00:00,0.05243900045752525,0.04788700118660927,0.05243900045752525,180905,0.06339500099420547,0.061135001480579376
2020-09-04 00:00:00,0.05067100003361702,0.04883600026369095,0.05067100003361702,155762,0.05309699848294258,0.05246099829673767
2020-09-05 00:00:00,0.04728899896144867,0.04538099840283394,0.04728899896144867,157631,0.05102099850773811,0.05066100135445595
2020-09-06 00:00:00,0.04849499836564064,0.04728500172495842,0.04849499836564064,151747,0.04891100153326988,0.04733499884605408
2020-09-07 00:00:00,0.0486610010266304,0.046606000512838364,0.0486610010266304,134808,0.048767998814582825,0.048500001430511475
2020-09-08 00:00:00,0.04733499884605408,0.026542000472545624,0.04733499884605408,57720,0.04902400076389313,0.04867900162935257
2020-09-09 00:00:00,0.04852500185370445,0.0313510000705719,0.04852500185370445,40995,0.04972999915480614,0.04733699932694435
2020-09-10 00:00:00,0.048590000718832016,0.04662799835205078,0.048590000718832016,154346,0.051660001277923584,0.04852500185370445
2020-09-11 00:00:00,0.051791001111269,0.048252999782562256,0.051791001111269,153701,0.052560001611709595,0.04859299957752228
2020-09-12 00:00:00,0.05126199871301651,0.0449879989027977,0.05126199871301651,163417,0.05203999951481819,0.05180700123310089
2020-09-13 00:00:00,0.05508200079202652,0.04100500047206879,0.05508200079202652,169438,0.05972899869084358,0.05126599967479706
2020-09-14 00:00:00,0.06200699880719185,0.05502200126647949,0.06200699880719185,189111,0.06253600120544434,0.05508900061249733
2020-09-15 00:00:00,0.05319700017571449,0.038408998399972916,0.05319700017571449,186832,0.06853199750185013,0.06200699880719185
2020-09-16 00:00:00,0.05277499929070473,0.045458998531103134,0.05277499929070473,168287,0.053314000368118286,0.05319499969482422
2020-09-17 00:00:00,0.053123001009225845,0.05140699818730354,0.053123001009225845,169004,0.05351800099015236,0.05277499929070473
2020-09-18 00:00:00,0.04829699918627739,0.04784100130200386,0.04829699918627739,129884,0.05315399914979935,0.053123001009225845
2020-09-19 00:00:00,0.05235999822616577,0.04825500026345253,0.05235999822616577,156845,0.05375000089406967,0.0483039990067482
2020-09-20 00:00:00,0.05420500040054321,0.052352000027894974,0.05420500040054321,203455,0.074583999812603,0.05236300081014633
2020-09-21 00:00:00,0.04775499925017357,0.04434699937701225,0.04775499925017357,154991,0.06245499849319458,0.05420500040054321
2020-09-22 00:00:00,0.046567998826503754,0.045559000223875046,0.046567998826503754,143260,0.047970000654459,0.047724999487400055
2020-09-23 00:00:00,0.0444520004093647,0.04399700090289116,0.0444520004093647,176108,0.04650900140404701,0.04532700031995773
2020-09-24 00:00:00,0.04764299839735031,0.04426100105047226,0.04764299839735031,181351,0.04773300141096115,0.0444520004093647
2020-09-25 00:00:00,0.04716400057077408,0.04664900153875351,0.04716400057077408,193281,0.047885000705718994,0.04764299839735031
2020-09-26 00:00:00,0.04569699987769127,0.04436499997973442,0.04569699987769127,254854,0.048131998628377914,0.04716400057077408
2020-09-27 00:00:00,0.04642299935221672,0.04446600005030632,0.04642299935221672,213322,0.047286998480558395,0.04569699987769127
2020-09-28 00:00:00,0.04427099972963333,0.04024999961256981,0.04427099972963333,254215,0.04786600172519684,0.04642299935221672
2020-09-29 00:00:00,0.04742500185966492,0.04385000094771385,0.04742500185966492,209216,0.04991300031542778,0.04427099972963333
2020-09-30 00:00:00,0.04671100154519081,0.04556100070476532,0.04671100154519081,201661,0.04743200168013573,0.04742399975657463
2020-10-01 00:00:00,0.045118000358343124,0.04423300176858902,0.045118000358343124,221079,0.04796599969267845,0.04670900106430054
2020-10-02 00:00:00,0.044433001428842545,0.038617998361587524,0.044433001428842545,212653,0.045823000371456146,0.045118000358343124
2020-10-03 00:00:00,0.043278999626636505,0.0422619991004467,0.043278999626636505,183234,0.04519600048661232,0.044433001428842545
2020-10-04 00:00:00,0.04237600043416023,0.04193300008773804,0.04237600043416023,147595,0.043285999447107315,0.043278999626636505
2020-10-05 00:00:00,0.04215700179338455,0.041416000574827194,0.04215700179338455,147381,0.04264099895954132,0.04238000139594078
2020-10-06 00:00:00,0.04106999933719635,0.04077199846506119,0.04106999933719635,143005,0.04217100143432617,0.04215700179338455
2020-10-07 00:00:00,0.04115299880504608,0.04081999883055687,0.04115299880504608,157820,0.04125199839472771,0.04106999933719635
2020-10-08 00:00:00,0.04363099858164787,0.0409649983048439,0.04363099858164787,137743,0.04366200044751167,0.04115299880504608
2020-10-09 00:00:00,0.04433299973607063,0.04318099841475487,0.04433299973607063,155169,0.04449300095438957,0.04363099858164787
2020-10-10 00:00:00,0.04544999822974205,0.04267900064587593,0.04544999822974205,165896,0.04722699895501137,0.04433299973607063
2020-10-11 00:00:00,0.0467430017888546,0.04393300041556358,0.0467430017888546,180761,0.04689899832010269,0.04544999822974205
2020-10-12 00:00:00,0.04790100082755089,0.04574599862098694,0.04790100082755089,205628,0.049382999539375305,0.0467430017888546
2020-10-13 00:00:00,0.04771900177001953,0.04697500169277191,0.04771900177001953,178654,0.04894699901342392,0.04790100082755089
2020-10-14 00:00:00,0.04128099977970123,0.04064600169658661,0.04128099977970123,232885,0.0480629988014698,0.04771900177001953
2020-10-15 00:00:00,0.03920099884271622,0.03718699887394905,0.03920099884271622,139232,0.04134399816393852,0.04128099977970123
2020-10-16 00:00:00,0.03791600093245506,0.03791600093245506,0.03791600093245506,177979,0.03937099874019623,0.03920099884271622
2020-10-17 00:00:00,0.03852599859237671,0.03761500120162964,0.03852599859237671,144476,0.03859499841928482,0.03791600093245506
2020-10-18 00:00:00,0.03848600015044212,0.03754600137472153,0.03848600015044212,140275,0.03900599852204323,0.03852599859237671
2020-10-19 00:00:00,0.042743001133203506,0.03848600015044212,0.042743001133203506,143685,0.043637000024318695,0.03848600015044212
2020-10-20 00:00:00,0.044137999415397644,0.042180001735687256,0.044137999415397644,166550,0.044693998992443085,0.042743001133203506
2020-10-21 00:00:00,0.04748399928212166,0.0436520017683506,0.04748399928212166,172988,0.048158999532461166,0.044137999415397644
2020-10-22 00:00:00,0.048197001218795776,0.04673999920487404,0.048197001218795776,166092,0.048868998885154724,0.04748399928212166
2020-10-23 00:00:00,0.04816500097513199,0.04741299897432327,0.04816500097513199,165184,0.048583000898361206,0.048197001218795776
2020-10-24 00:00:00,0.04880699887871742,0.04731199890375137,0.04880699887871742,172383,0.04906700178980827,0.04817799851298332
2020-10-25 00:00:00,0.048468999564647675,0.048110999166965485,0.048468999564647675,186019,0.04976499825716019,0.04879099875688553
2020-10-26 00:00:00,0.04671800136566162,0.04574200138449669,0.04671800136566162,201498,0.049233000725507736,0.048489999026060104
2020-10-27 00:00:00,0.04799799993634224,0.045614998787641525,0.04799799993634224,179344,0.04887799918651581,0.04672599956393242
2020-10-28 00:00:00,0.04645499959588051,0.04515400156378746,0.04645499959588051,161352,0.04865499958395958,0.04804699867963791
2020-10-29 00:00:00,0.04694800078868866,0.045343998819589615,0.04694800078868866,155813,0.04750800132751465,0.04644700139760971
2020-10-30 00:00:00,0.04787199944257736,0.045798998326063156,0.04787199944257736,187398,0.048131998628377914,0.04690900072455406
2020-10-31 00:00:00,0.04864199832081795,0.046845000237226486,0.04864199832081795,194982,0.04959699884057045,0.04780599847435951
2020-11-01 00:00:00,0.045986998826265335,0.04565099999308586,0.045986998826265335,207895,0.04903800040483475,0.04864899814128876
2020-11-02 00:00:00,0.04763999953866005,0.04605500027537346,0.04763999953866005,186210,0.04934399947524071,0.04605500027537346
2020-11-03 00:00:00,0.058681000024080276,0.04741499945521355,0.058681000024080276,448213,0.06363800168037415,0.047642000019550323
2020-11-04 00:00:00,0.0575140006840229,0.05273599922657013,0.0575140006840229,851005,0.06274600327014923,0.05868300050497055
2020-11-05 00:00:00,0.05702200159430504,0.05159100145101547,0.05702200159430504,783440,0.05883299931883812,0.05751499906182289
2020-11-06 00:00:00,0.05754899978637695,0.05577100068330765,0.05754899978637695,718908,0.06085199862718582,0.057041000574827194
2020-11-07 00:00:00,0.057666998356580734,0.05684399977326393,0.057666998356580734,664443,0.060339998453855515,0.05754999816417694
2020-11-08 00:00:00,0.05536999925971031,0.052629999816417694,0.05536999925971031,672716,0.05785699933767319,0.057666998356580734
2020-11-09 00:00:00,0.05713700130581856,0.05259399861097336,0.05713700130581856,710557,0.059053998440504074,0.05536999925971031
2020-11-10 00:00:00,0.061948999762535095,0.05626500025391579,0.061948999762535095,1006103,0.06751599907875061,0.057135000824928284
2020-11-11 00:00:00,0.08320499956607819,0.05695800110697746,0.08320499956607819,1626023,0.08490200340747833,0.061948999762535095
2020-11-12 00:00:00,0.08101800084114075,0.07756900042295456,0.08101800084114075,1164551,0.08339300006628036,0.08320499956607819
2020-11-13 00:00:00,0.0803539976477623,0.07639399915933609,0.0803539976477623,1027831,0.08485600352287292,0.0810289978981018
2020-11-14 00:00:00,0.07948700338602066,0.07754000276327133,0.07948700338602066,918233,0.08063700050115585,0.0803619995713234
2020-11-15 00:00:00,0.11279600113630295,0.07859300076961517,0.11279600113630295,2522636,0.11289499700069427,0.07947500050067902
2020-11-16 00:00:00,0.12102299928665161,0.10723000019788742,0.12102299928665161,2603164,0.12368100136518478,0.11279299855232239
2020-11-17 00:00:00,0.11072199791669846,0.10436400026082993,0.11072199791669846,1979729,0.11990799754858017,0.11947400122880936
2020-11-18 00:00:00,0.1019430011510849,0.10040800273418427,0.1019430011510849,1880451,0.1165430024266243,0.11069999635219574
2020-11-19 00:00:00,0.10336100310087204,0.10117299854755402,0.10336100310087204,1589921,0.1102219969034195,0.10193400084972382
2020-11-20 00:00:00,0.10603400319814682,0.10282699763774872,0.10603400319814682,1314380,0.10736799985170364,0.10338500142097473
2020-11-21 00:00:00,0.1030919998884201,0.09723799675703049,0.1030919998884201,1795598,0.10697899758815765,0.10603299736976624
2020-11-22 00:00:00,0.09657599776983261,0.09497399628162384,0.09657599776983261,1541846,0.11197400093078613,0.10309299826622009
2020-11-23 00:00:00,0.0987740010023117,0.09185399860143661,0.0987740010023117,1514970,0.10539399832487106,0.09655000269412994
2020-11-24 00:00:00,0.10320699959993362,0.09120099991559982,0.10320699959993362,1635826,0.11117400228977203,0.09904699772596359
2020-11-25 00:00:00,0.09383200109004974,0.09383200109004974,0.09383200109004974,1348977,0.10835400223731995,0.10319700092077255
2020-11-26 00:00:00,0.09549999982118607,0.031137999147176743,0.09549999982118607,1325814,0.114437997341156,0.09385699778795242
2020-11-27 00:00:00,0.0953499972820282,0.08402200043201447,0.0953499972820282,1407008,0.10103199630975723,0.09545700252056122
2020-11-28 00:00:00,0.09245199710130692,0.08964599668979645,0.09245199710130692,1180614,0.09834600239992142,0.09527900069952011
2020-11-29 00:00:00,0.09204400330781937,0.0905660018324852,0.09204400330781937,870100,0.09429500252008438,0.09313900023698807
2020-11-30 00:00:00,0.09500700235366821,0.09049499779939651,0.09500700235366821,1153580,0.09623199701309204,0.0920419991016388
2020-12-01 00:00:00,0.09006299823522568,0.08587700128555298,0.09006299823522568,1324070,0.09600000083446503,0.09450100362300873
2020-12-02 00:00:00,0.08547399938106537,0.08489900082349777,0.08547399938106537,1147749,0.0904180034995079,0.09019699692726135
2020-12-03 00:00:00,0.11299599707126617,0.08423399925231934,0.11299599707126617,102339247,0.1446709930896759,0.08539299666881561
2020-12-04 00:00:00,0.0955670028924942,0.09348300099372864,0.0955670028924942,80489862,0.11479199677705765,0.11308199912309647
2020-12-05 00:00:00,0.09840500354766846,0.09243399649858475,0.09840500354766846,5961143,0.10286100208759308,0.09556499868631363
2020-12-06 00:00:00,0.10172399878501892,0.0960879996418953,0.10172399878501892,5959970,0.10555399954319,0.09851399809122086
2020-12-07 00:00:00,0.09960900247097015,0.09755799919366837,0.09960900247097015,5692433,0.10521899908781052,0.1016089990735054
2020-12-08 00:00:00,0.09528899937868118,0.08960700035095215,0.09528899937868118,2452841,0.10060100257396698,0.0996050015091896
2020-12-09 00:00:00,0.09506099671125412,0.09159000217914581,0.09506099671125412,3740342,0.09718800336122513,0.09528700262308121
2020-12-10 00:00:00,0.0935709998011589,0.0916379988193512,0.0935709998011589,1629913,0.09763400256633759,0.09481000155210495
2020-12-11 00:00:00,0.08997499942779541,0.08871400356292725,0.08997499942779541,3633436,0.09450499713420868,0.09369900077581406
2020-12-12 00:00:00,0.10062099993228912,0.08914399892091751,0.10062099993228912,7442230,0.10753999650478363,0.08993600308895111
2020-12-13 00:00:00,0.09818299859762192,0.09710299968719482,0.09818299859762192,4191871,0.10493700206279755,0.10085000097751617
2020-12-14 00:00:00,0.1025800034403801,0.09737999737262726,0.1025800034403801,3700966,0.10520800203084946,0.09826099872589111
2020-12-15 00:00:00,0.104312002658844,0.09912099689245224,0.104312002658844,5402355,0.10496599972248077,0.10254999995231628
2020-12-16 00:00:00,0.10444299876689911,0.10128699988126755,0.10444299876689911,3249248,0.10686100274324417,0.10428400337696075
2020-12-17 00:00:00,0.10026799887418747,0.09532800316810608,0.10026799887418747,3600768,0.1086919978260994,0.10411199927330017
2020-12-18 00:00:00,0.0994729995727539,0.09774199873209,0.0994729995727539,2156526,0.10061000287532806,0.10061000287532806
2020-12-19 00:00:00,0.09663199633359909,0.09487699717283249,0.09663199633359909,1083270,0.10033299773931503,0.09947200119495392
2020-12-20 00:00:00,0.09701299667358398,0.09512399882078171,0.09701299667358398,1309984,0.09987799823284149,0.09663199633359909
2020-12-21 00:00:00,0.09393800050020218,0.09111200273036957,0.09393800050020218,7206015,0.1001719981431961,0.09717900305986404
2020-12-22 00:00:00,0.09366200119256973,0.09137900173664093,0.09366200119256973,5751171,0.09708599746227264,0.09361899644136429
2020-12-23 00:00:00,0.08440600335597992,0.08344300091266632,0.08440600335597992,1419022,0.09383200109004974,0.09365099668502808
2020-12-24 00:00:00,0.0907210037112236,0.08440600335597992,0.0907210037112236,2489725,0.09218599647283554,0.08440600335597992
2020-12-25 00:00:00,0.09081699699163437,0.08850199729204178,0.09081699699163437,3253213,0.09239000082015991,0.09075099974870682
2020-12-26 00:00:00,0.08962000161409378,0.08215899765491486,0.08962000161409378,3320685,0.0909930020570755,0.09081000089645386
2020-12-27 00:00:00,0.09000299870967865,0.08164799958467484,0.09000299870967865,2653055,0.09044700115919113,0.08962400257587433
2020-12-28 00:00:00,0.09043800085783005,0.08711499720811844,0.09043800085783005,1637048,0.09296400099992752,0.08996699750423431
2020-12-29 00:00:00,0.08296000212430954,0.07945899665355682,0.08296000212430954,987833,0.09103699773550034,0.0904339998960495
2020-12-30 00:00:00,0.08053400367498398,0.07727599889039993,0.08053400367498398,1566443,0.08482299745082855,0.08296000212430954
2020-12-31 00:00:00,0.0805480033159256,0.07748199999332428,0.0805480033159256,817005,0.08244200050830841,0.08061300218105316
2021-01-01 00:00:00,0.08250000327825546,0.07975199818611145,0.08250000327825546,1719332,0.0841199979186058,0.0805480033159256
2021-01-02 00:00:00,0.08131399750709534,0.0787850022315979,0.08131399750709534,641895,0.082737997174263,0.08250200003385544
2021-01-03 00:00:00,0.07584699988365173,0.07436200231313705,0.07584699988365173,793105,0.0814879983663559,0.08129499852657318
2021-01-04 00:00:00,0.07434900104999542,0.06711900234222412,0.07434900104999542,1461632,0.07665000110864639,0.07584899663925171
2021-01-05 00:00:00,0.0817829966545105,0.07142099738121033,0.0817829966545105,6332946,0.09314200282096863,0.07417900115251541
2021-01-06 00:00:00,0.0771540030837059,0.07092899829149246,0.0771540030837059,4123190,0.0828540027141571,0.08176399767398834
2021-01-07 00:00:00,0.08310099691152573,0.07439900189638138,0.08310099691152573,1775082,0.08809400349855423,0.07732699811458588
2021-01-08 00:00:00,0.08393199741840363,0.07733900099992752,0.08393199741840363,593521,0.09181000292301178,0.0831499993801117
2021-01-09 00:00:00,0.08760099858045578,0.08289700001478195,0.08760099858045578,1987417,0.09455399960279465,0.08393500000238419
2021-01-10 00:00:00,0.0886169970035553,0.0839880034327507,0.0886169970035553,1754257,0.09254299849271774,0.08765999972820282
2021-01-11 00:00:00,0.08203800022602081,0.07395199686288834,0.08203800022602081,1706648,0.08866699784994125,0.08804500102996826
2021-01-12 00:00:00,0.0846090018749237,0.07506199926137924,0.0846090018749237,1101887,0.08501099795103073,0.08203800022602081
2021-01-13 00:00:00,0.07666099816560745,0.072332002222538,0.07666099816560745,1668717,0.08645500242710114,0.08471400290727615
2021-01-14 00:00:00,0.08289899677038193,0.07607699930667877,0.08289899677038193,1485874,0.08609999716281891,0.07669799774885178
2021-01-15 00:00:00,0.08377400040626526,0.07941199839115143,0.08377400040626526,1132027,0.08590400218963623,0.08289799839258194
2021-01-16 00:00:00,0.08554200083017349,0.07836499810218811,0.08554200083017349,687740,0.08587600290775299,0.08382900059223175
2021-01-17 00:00:00,0.08141399919986725,0.08033599704504013,0.08141399919986725,2583751,0.08836100250482559,0.08577500283718109
2021-01-18 00:00:00,0.09239800274372101,0.07822799682617188,0.09239800274372101,1126424,0.09247300028800964,0.08141099661588669
2021-01-19 00:00:00,0.0871099978685379,0.08528599888086319,0.0871099978685379,2191081,0.0950620025396347,0.09241099655628204
2021-01-20 00:00:00,0.08667399734258652,0.07951100170612335,0.08667399734258652,3142900,0.09079699963331223,0.08768299967050552
2021-01-21 00:00:00,0.08197399973869324,0.08087299764156342,0.08197399973869324,1100744,0.08740299940109253,0.08667399734258652
2021-01-22 00:00:00,0.08118300139904022,0.07600300014019012,0.08118300139904022,977879,0.08415400236845016,0.08108499646186829
2021-01-23 00:00:00,0.0821089968085289,0.07797200232744217,0.0821089968085289,433905,0.08337400108575821,0.08123499900102615
2021-01-24 00:00:00,0.07713499665260315,0.07662300020456314,0.07713499665260315,839164,0.08288700133562088,0.0821089968085289
2021-01-25 00:00:00,0.0850600004196167,0.07642699778079987,0.0850600004196167,3770669,0.09115500003099442,0.07713600248098373
2021-01-26 00:00:00,0.0857819989323616,0.08298499882221222,0.0857819989323616,2840095,0.08894599974155426,0.08506099879741669
2021-01-27 00:00:00,0.08431500196456909,0.08133800327777863,0.08431500196456909,2192241,0.08789999783039093,0.08575800061225891
2021-01-28 00:00:00,0.08328299969434738,0.08071999996900558,0.08328299969434738,2150007,0.08590500056743622,0.08432599902153015
2021-01-29 00:00:00,0.07992599904537201,0.07681199908256531,0.07992599904537201,1665916,0.08690399676561356,0.08106900006532669
2021-01-30 00:00:00,0.0798100009560585,0.07637500017881393,0.0798100009560585,420269,0.08172500133514404,0.079926997423172
2021-01-31 00:00:00,0.07909700274467468,0.07554300129413605,0.07909700274467468,889475,0.08125899732112885,0.07993700355291367
2021-02-01 00:00:00,0.07960899919271469,0.07695599645376205,0.07960899919271469,1386439,0.08099599927663803,0.0791269987821579
2021-02-02 00:00:00,0.07977800071239471,0.0776050016283989,0.07977800071239471,2003441,0.0808899998664856,0.07961100339889526
2021-02-03 00:00:00,0.079135000705719,0.0781409963965416,0.079135000705719,3363696,0.08062099665403366,0.07977499812841415
2021-02-04 00:00:00,0.07813400030136108,0.07573900371789932,0.07813400030136108,1841473,0.08021599799394608,0.079135000705719
2021-02-05 00:00:00,0.08110500127077103,0.07813599705696106,0.08110500127077103,945067,0.08175300061702728,0.07813599705696106
2021-02-06 00:00:00,0.08020699769258499,0.07821299880743027,0.08020699769258499,2101441,0.08151499927043915,0.0810369998216629
2021-02-07 00:00:00,0.07878900319337845,0.07676400244235992,0.07878900319337845,498199,0.08062499761581421,0.08029299974441528
2021-02-08 00:00:00,0.07985000312328339,0.07659099996089935,0.07985000312328339,2230340,0.08077999949455261,0.07878100126981735
2021-02-09 00:00:00,0.07999999821186066,0.07819800078868866,0.07999999821186066,859866,0.08203999698162079,0.0798489972949028
2021-02-10 00:00:00,0.08254499733448029,0.07838000357151031,0.08254499733448029,2201666,0.08423399925231934,0.07998800277709961
2021-02-11 00:00:00,0.08458500355482101,0.07952799648046494,0.08458500355482101,1997472,0.08744800090789795,0.08254300057888031
2021-02-12 00:00:00,0.08688800036907196,0.08307400345802307,0.08688800036907196,430563,0.08772700279951096,0.08457999676465988
2021-02-13 00:00:00,0.09183099865913391,0.08580199629068375,0.09183099865913391,2897859,0.09351299703121185,0.08688800036907196
2021-02-14 00:00:00,0.09633500128984451,0.09039200097322464,0.09633500128984451,4412775,0.09820099920034409,0.09183300286531448
2021-02-15 00:00:00,0.09557999670505524,0.09011299908161163,0.09557999670505524,4571028,0.10052599757909775,0.0963440015912056
2021-02-16 00:00:00,0.11776699870824814,0.09414900094270706,0.11776699870824814,4127155,0.11776699870824814,0.09557999670505524
2021-02-17 00:00:00,0.1657409965991974,0.10604900121688843,0.1657409965991974,7723762,0.17433099448680878,0.1177849993109703
2021-02-18 00:00:00,0.16377699375152588,0.14530199766159058,0.16377699375152588,7482942,0.19299499690532684,0.16575999557971954
2021-02-19 00:00:00,0.15101799368858337,0.14031800627708435,0.15101799368858337,3365887,0.16425499320030212,0.163674995303154
2021-02-20 00:00:00,0.1786700040102005,0.15050800144672394,0.1786700040102005,4740181,0.19401299953460693,0.15088100731372833
2021-02-21 00:00:00,0.1877090036869049,0.17052799463272095,0.1877090036869049,2995681,0.19283300638198853,0.17812900245189667
2021-02-22 00:00:00,0.22000199556350708,0.16937999427318573,0.22000199556350708,6583435,0.2215700000524521,0.18775099515914917
2021-02-23 00:00:00,0.18940900266170502,0.15560999512672424,0.18940900266170502,7318312,0.22154800593852997,0.2209790050983429
2021-02-24 00:00:00,0.18934400379657745,0.17973600327968597,0.18934400379657745,3129301,0.20027600228786469,0.1896200031042099
2021-02-25 00:00:00,0.179284006357193,0.1782120019197464,0.179284006357193,2909080,0.19264499843120575,0.18941199779510498
2021-02-26 00:00:00,0.1823039948940277,0.17788399755954742,0.1823039948940277,4131966,0.1882220059633255,0.17881999909877777
2021-02-27 00:00:00,0.18893100321292877,0.18176999688148499,0.18893100321292877,1884774,0.19281600415706635,0.18230800330638885
2021-02-28 00:00:00,0.1714410036802292,0.15613900125026703,0.1714410036802292,3938654,0.18979500234127045,0.18905599415302277
2021-03-01 00:00:00,0.19465599954128265,0.1703210026025772,0.19465599954128265,2347719,0.19483700394630432,0.1715960055589676
2021-03-02 00:00:00,0.1880210041999817,0.18233700096607208,0.1880210041999817,2604045,0.19700300693511963,0.19262999296188354
2021-03-03 00:00:00,0.1847440004348755,0.17970800399780273,0.1847440004348755,2253948,0.19421100616455078,0.18808799982070923
2021-03-04 00:00:00,0.18023699522018433,0.17947599291801453,0.18023699522018433,1904369,0.1867939978837967,0.18471500277519226
2021-03-05 00:00:00,0.1801539957523346,0.17484499514102936,0.1801539957523346,1016874,0.18094800412654877,0.1799979954957962
2021-03-06 00:00:00,0.31125301122665405,0.17988400161266327,0.31125301122665405,27616474,0.3165389895439148,0.18016000092029572
2021-03-07 00:00:00,0.4374920129776001,0.20412799715995789,0.4374920129776001,99057435,0.4571700096130371,0.3117699921131134
2021-03-08 00:00:00,0.42045798897743225,0.4031839966773987,0.42045798897743225,16393490,0.44612300395965576,0.4431619942188263
2021-03-09 00:00:00,0.5166850090026855,0.40641799569129944,0.5166850090026855,27719386,0.5175639986991882,0.42048999667167664
2021-03-10 00:00:00,0.7228419780731201,0.5195850133895874,0.7228419780731201,74008132,0.7710859775543213,0.5195850133895874
2021-03-11 00:00:00,0.937624990940094,0.6778659820556641,0.937624990940094,71591920,0.988569974899292,0.7041149735450745
2021-03-12 00:00:00,1.1664199829101562,0.9408980011940002,1.1664199829101562,130344375,1.3351010084152222,0.9408980011940002
2021-03-13 00:00:00,1.0668230056762695,1.0197789669036865,1.0668230056762695,42921118,1.1935930252075195,1.164533019065857
2021-03-14 00:00:00,1.1262140274047852,1.0558749437332153,1.1262140274047852,38859163,1.1850030422210693,1.0659379959106445
2021-03-15 00:00:00,1.1060110330581665,0.9023889899253845,1.1060110330581665,62365874,1.2476199865341187,1.1203409433364868
2021-03-16 00:00:00,1.0251909494400024,0.9935740232467651,1.0251909494400024,28464433,1.1248489618301392,1.1038399934768677
2021-03-17 00:00:00,1.1601829528808594,0.9412829875946045,1.1601829528808594,53664215,1.2125999927520752,1.0275150537490845
2021-03-18 00:00:00,1.1135079860687256,1.0964679718017578,1.1135079860687256,16368008,1.1763639450073242,1.164939045906067
2021-03-19 00:00:00,1.0900620222091675,1.051619052886963,1.0900620222091675,35636259,1.157528042793274,1.1165169477462769
2021-03-20 00:00:00,1.0549230575561523,1.0542659759521484,1.0549230575561523,16307584,1.1215929985046387,1.0897330045700073
2021-03-21 00:00:00,1.110725998878479,1.0538649559020996,1.110725998878479,14932517,1.1318379640579224,1.0538649559020996
2021-03-22 00:00:00,1.1521669626235962,1.081442952156067,1.1521669626235962,26505226,1.1953120231628418,1.110725998878479
2021-03-23 00:00:00,1.1460249423980713,1.0252020359039307,1.1460249423980713,21275533,1.17917799949646,1.154440999031067
2021-03-24 00:00:00,1.2796399593353271,1.1053409576416016,1.2796399593353271,57743099,1.3676010370254517,1.1461329460144043
2021-03-25 00:00:00,1.2715320587158203,1.202038049697876,1.2715320587158203,23845405,1.3168530464172363,1.2763340473175049
2021-03-26 00:00:00,2.0975840091705322,1.268846035003662,2.0975840091705322,184890568,2.2243270874023438,1.2726119756698608
2021-03-27 00:00:00,2.4384689331054688,2.0166280269622803,2.4384689331054688,375345747,3.5711820125579834,2.0924530029296875
2021-03-28 00:00:00,2.871953010559082,2.4368250370025635,2.871953010559082,168572383,2.9374260902404785,2.4368250370025635
2021-03-29 00:00:00,3.526585102081299,2.8835549354553223,3.526585102081299,184970418,3.600069046020508,2.8835549354553223
2021-03-30 00:00:00,3.4729690551757812,3.276231050491333,3.4729690551757812,100874846,3.5791449546813965,3.5263400077819824
2021-03-31 00:00:00,3.420443058013916,3.2373249530792236,3.420443058013916,92074650,3.4783639907836914,3.4707930088043213
2021-04-01 00:00:00,4.340836048126221,3.4152510166168213,4.340836048126221,246829681,4.682992935180664,3.4162259101867676
2021-04-02 00:00:00,4.1830668449401855,4.0605387687683105,4.1830668449401855,159264715,4.607534885406494,4.347222805023193
2021-04-03 00:00:00,3.6618258953094482,3.1739330291748047,3.6618258953094482,160720660,4.316576957702637,4.204308032989502
2021-04-04 00:00:00,3.692667007446289,3.5059409141540527,3.692667007446289,138145207,3.977647066116333,3.6516098976135254
2021-04-05 00:00:00,3.5605239868164062,3.220499038696289,3.5605239868164062,87457374,3.8192319869995117,3.7075769901275635
2021-04-06 00:00:00,3.8792929649353027,3.4712769985198975,3.8792929649353027,94789345,3.9289679527282715,3.5676980018615723
2021-04-07 00:00:00,2.767976999282837,2.64978289604187,2.767976999282837,31161242,3.892508029937744,3.8661398887634277
2021-04-08 00:00:00,3.005908966064453,2.719085931777954,3.005908966064453,15170028,3.013258934020996,2.768484115600586
2021-04-09 00:00:00,2.990647077560425,2.8459060192108154,2.990647077560425,13825596,3.036879062652588,3.006561040878296
2021-04-10 00:00:00,2.696964979171753,2.681839942932129,2.696964979171753,9185561,3.009485960006714,2.9906930923461914
2021-04-11 00:00:00,2.829118013381958,2.568558931350708,2.829118013381958,15267863,2.904086112976074,2.6969308853149414
2021-04-12 00:00:00,2.7589099407196045,2.3383901119232178,2.7589099407196045,9306127,2.845845937728882,2.8342180252075195
2021-04-13 00:00:00,2.5775680541992188,2.4920599460601807,2.5775680541992188,9280720,2.7623019218444824,2.7589399814605713
2021-04-14 00:00:00,2.449453115463257,2.2109289169311523,2.449453115463257,18158240,2.5916569232940674,2.589169979095459
2021-04-15 00:00:00,2.489701986312866,2.38542103767395,2.489701986312866,12249962,2.819261074066162,2.449528932571411
2021-04-16 00:00:00,2.310360908508301,2.1916561126708984,2.310360908508301,6951442,2.5069520473480225,2.48836088180542
2021-04-17 00:00:00,2.21671199798584,2.1013100147247314,2.21671199798584,9743333,2.3202850818634033,2.3103580474853516
2021-04-18 00:00:00,2.0388360023498535,1.7462749481201172,2.0388360023498535,13640663,2.224104881286621,2.217034101486206
2021-04-19 00:00:00,2.182884931564331,1.9700360298156738,2.182884931564331,23214842,2.494671106338501,2.037511110305786
2021-04-20 00:00:00,2.386859893798828,2.032824993133545,2.386859893798828,17715425,2.40670108795166,2.184454917907715
2021-04-21 00:00:00,2.184209108352661,2.164133071899414,2.184209108352661,11287902,2.40810489654541,2.3878331184387207
2021-04-22 00:00:00,1.878301978111267,1.7098380327224731,1.878301978111267,19742116,2.2672441005706787,2.1805319786071777
2021-04-23 00:00:00,1.752694010734558,1.4729470014572144,1.752694010734558,23909042,1.9537999629974365,1.886502981185913
2021-04-24 00:00:00,2.036468982696533,1.6195889711380005,2.036468982696533,11437498,2.0739829540252686,1.752271056175232
2021-04-25 00:00:00,1.8291549682617188,1.7775629758834839,1.8291549682617188,8518413,2.205656051635742,2.036355972290039
2021-04-26 00:00:00,2.1731278896331787,1.8210550546646118,2.1731278896331787,17822129,2.1886870861053467,1.8303489685058594
2021-04-27 00:00:00,2.2515690326690674,2.1475179195404053,2.2515690326690674,16501021,2.3274788856506348,2.1784260272979736
2021-04-28 00:00:00,2.140599012374878,2.0373120307922363,2.140599012374878,18172949,2.2950050830841064,2.2517271041870117
2021-04-29 00:00:00,2.166222095489502,2.0780389308929443,2.166222095489502,21587369,2.2454559803009033,2.1415929794311523
2021-04-30 00:00:00,2.202148914337158,2.110874891281128,2.202148914337158,18542908,2.228023052215576,2.1662731170654297
2021-05-01 00:00:00,2.536860942840576,2.1691510677337646,2.536860942840576,26774881,2.5422070026397705,2.2012579441070557
2021-05-02 00:00:00,2.5223820209503174,2.304586887359619,2.5223820209503174,24051006,2.5457839965820312,2.5431039333343506
2021-05-03 00:00:00,2.7465319633483887,2.5054221153259277,2.7465319633483887,33384724,2.8233280181884766,2.520596981048584
2021-05-04 00:00:00,3.112778902053833,2.538696050643921,3.112778902053833,86781878,3.272974967956543,2.7465319633483887
2021-05-05 00:00:00,3.468208074569702,3.076704978942871,3.468208074569702,52470783,3.5586330890655518,3.110172986984253
2021-05-06 00:00:00,3.006654977798462,2.9760680198669434,3.006654977798462,51192972,3.482050895690918,3.466662883758545
2021-05-07 00:00:00,2.827393054962158,2.6612889766693115,2.827393054962158,41522546,3.0184268951416016,3.0146279335021973
2021-05-08 00:00:00,2.9549639225006104,2.7528789043426514,2.9549639225006104,26210225,3.149703025817871,2.829188108444214
2021-05-09 00:00:00,2.9738259315490723,2.8481290340423584,2.9738259315490723,19993345,3.100442886352539,2.951374053955078
2021-05-10 00:00:00,2.755434036254883,2.712430000305176,2.755434036254883,19067787,2.9784390926361084,2.9738268852233887
2021-05-11 00:00:00,3.1037890911102295,2.689595937728882,3.1037890911102295,41841885,3.232081890106201,2.7536449432373047
2021-05-12 00:00:00,2.7233290672302246,2.693605899810791,2.7233290672302246,41007298,3.385462999343872,3.1077449321746826
2021-05-13 00:00:00,2.725213050842285,2.59424090385437,2.725213050842285,56649700,3.0952088832855225,2.735059976577759
2021-05-14 00:00:00,2.6682779788970947,2.5983240604400635,2.6682779788970947,117400000,2.920728921890259,2.7211201190948486
2021-05-15 00:00:00,2.5483078956604004,2.502763032913208,2.5483078956604004,28128822,2.791271924972534,2.6629478931427
2021-05-16 00:00:00,2.4036550521850586,2.258223056793213,2.4036550521850586,26127471,2.6255030632019043,2.5642709732055664
2021-05-17 00:00:00,2.2087419033050537,1.9767999649047852,2.2087419033050537,34428333,2.398361921310425,2.387692928314209
2021-05-18 00:00:00,2.216007947921753,2.078763961791992,2.216007947921753,17062163,2.3349530696868896,2.186898946762085
2021-05-19 00:00:00,1.725180983543396,1.371904969215393,1.725180983543396,39668753,2.2260661125183105,2.2160511016845703
2021-05-20 00:00:00,1.764644980430603,1.4992239475250244,1.764644980430603,18967502,1.853234052658081,1.7192620038986206
2021-05-21 00:00:00,1.5320219993591309,1.3787120580673218,1.5320219993591309,25560923,1.8635220527648926,1.7665899991989136
2021-05-22 00:00:00,1.306885004043579,1.179258942604065,1.306885004043579,18133027,1.5391089916229248,1.5311379432678223
2021-05-23 00:00:00,0.9610570073127747,0.7962129712104797,0.9610570073127747,25412694,1.3919689655303955,1.306879997253418
2021-05-24 00:00:00,1.3594779968261719,0.8481320142745972,1.3594779968261719,26351777,1.3753470182418823,0.9486590027809143
2021-05-25 00:00:00,1.358633041381836,1.2265700101852417,1.358633041381836,24461737,1.6015939712524414,1.366529941558838
2021-05-26 00:00:00,1.4936360120773315,1.3223320245742798,1.4936360120773315,16003950,1.544402003288269,1.3585580587387085
2021-05-27 00:00:00,1.378411054611206,1.3490949869155884,1.378411054611206,17271021,1.5059549808502197,1.4937280416488647
2021-05-28 00:00:00,1.251296043395996,1.140321969985962,1.251296043395996,22832854,1.398967981338501,1.378801941871643
2021-05-29 00:00:00,1.1561989784240723,1.1265679597854614,1.1561989784240723,11009906,1.2880970239639282,1.256667971611023
2021-05-30 00:00:00,1.1544159650802612,1.0404280424118042,1.1544159650802612,16294474,1.1884479522705078,1.1561980247497559
2021-05-31 00:00:00,1.1921260356903076,1.0921980142593384,1.1921260356903076,11296930,1.2132819890975952,1.1544090509414673
2021-06-01 00:00:00,1.1520650386810303,1.0793919563293457,1.1520650386810303,8924076,1.220249056816101,1.1921099424362183
2021-06-02 00:00:00,1.1672099828720093,1.0935200452804565,1.1672099828720093,8962994,1.1795810461044312,1.1520459651947021
2021-06-03 00:00:00,1.1660690307617188,1.1065870523452759,1.1660690307617188,8377120,1.2018760442733765,1.1672619581222534
2021-06-04 00:00:00,1.05964195728302,1.011315941810608,1.05964195728302,13202038,1.1662460565567017,1.1662139892578125
2021-06-05 00:00:00,1.0227010250091553,1.0127860307693481,1.0227010250091553,6609027,1.078542947769165,1.0596410036087036
2021-06-06 00:00:00,0.9903169870376587,0.97502601146698,0.9903169870376587,6767897,1.0424389839172363,1.0271879434585571
2021-06-07 00:00:00,0.8211029767990112,0.8089789748191833,0.8211029767990112,11958642,1.0064690113067627,0.9903169870376587
2021-06-08 00:00:00,0.7342000007629395,0.6630420088768005,0.7342000007629395,20619758,0.8417890071868896,0.8207830190658569
2021-06-09 00:00:00,0.8416720032691956,0.6995900273323059,0.8416720032691956,19108866,0.861719012260437,0.7368770241737366
2021-06-10 00:00:00,0.7449340224266052,0.7375490069389343,0.7449340224266052,16829844,0.858240008354187,0.8576380014419556
2021-06-11 00:00:00,0.7246429920196533,0.6984080076217651,0.7246429920196533,2725515,0.8168990015983582,0.7453290224075317
2021-06-12 00:00:00,0.6648160219192505,0.6269310116767883,0.6648160219192505,1716459,0.7280460000038147,0.7271509766578674
2021-06-13 00:00:00,0.6997439861297607,0.6218259930610657,0.6997439861297607,1669529,0.7342299818992615,0.6648160219192505
2021-06-14 00:00:00,0.7211019992828369,0.6923410296440125,0.7211019992828369,1584299,0.8222450017929077,0.6996549963951111
2021-06-15 00:00:00,1.0000120401382446,0.7803360223770142,1.0000120401382446,47378286,1.220687985420227,0.8499469757080078
2021-06-16 00:00:00,1.0706100463867188,0.9884799718856812,1.0706100463867188,75498712,1.2943179607391357,1.1669670343399048
2021-06-17 00:00:00,1.0735650062561035,1.0423860549926758,1.0735650062561035,23465499,1.1419579982757568,1.077597975730896
2021-06-18 00:00:00,1.0213780403137207,0.9135540127754211,1.0213780403137207,22789598,1.074897050857544,1.0735169649124146
2021-06-19 00:00:00,0.9740149974822998,0.9555550217628479,0.9740149974822998,8419779,1.0336129665374756,1.0205119848251343
2021-06-20 00:00:00,0.9034630060195923,0.7924619913101196,0.9034630060195923,23870312,0.9843659996986389,0.9740129709243774
2021-06-21 00:00:00,0.6879010200500488,0.6750710010528564,0.6879010200500488,19141346,0.9074180126190186,0.9034640192985535
2021-06-22 00:00:00,0.6831079721450806,0.6081179976463318,0.6831079721450806,19073669,0.7858759760856628,0.687923014163971
2021-06-23 00:00:00,0.7611789703369141,0.6491829752922058,0.7611789703369141,18192027,0.8122699856758118,0.6801149845123291
2021-06-24 00:00:00,0.8722620010375977,0.7527649998664856,0.8722620010375977,22904781,0.9943649768829346,0.7882400155067444
2021-06-25 00:00:00,0.7917360067367554,0.7861509919166565,0.7917360067367554,21700791,0.9750279784202576,0.8722730278968811
2021-06-26 00:00:00,0.8245450258255005,0.7741929888725281,0.8245450258255005,17768490,0.8399320244789124,0.7868810296058655
2021-06-27 00:00:00,0.8689209818840027,0.8074910044670105,0.8689209818840027,17999281,0.8723850250244141,0.8245369791984558
2021-06-28 00:00:00,0.8475520014762878,0.8261430263519287,0.8475520014762878,18153452,0.8722320199012756,0.8690990209579468
2021-06-29 00:00:00,0.861286997795105,0.8434960246086121,0.861286997795105,19299089,0.8879860043525696,0.8442670106887817
2021-06-30 00:00:00,0.8491569757461548,0.8054779767990112,0.8491569757461548,18535042,0.8680030107498169,0.8611800074577332
2021-07-01 00:00:00,0.797107994556427,0.7881240248680115,0.797107994556427,17271835,0.8543069958686829,0.8492159843444824
2021-07-02 00:00:00,0.7815080285072327,0.7589150071144104,0.7815080285072327,16913284,0.8127070069313049,0.7965840101242065
2021-07-03 00:00:00,0.7950119972229004,0.7751179933547974,0.7950119972229004,16675398,0.8096969723701477,0.7816010117530823
2021-07-04 00:00:00,0.7930780053138733,0.7866610288619995,0.7930780053138733,16570917,0.8075429797172546,0.7950000166893005
2021-07-05 00:00:00,0.7690520286560059,0.743815004825592,0.7690520286560059,17278693,0.7964739799499512,0.7882130146026611
2021-07-06 00:00:00,0.7482519745826721,0.7442790269851685,0.7482519745826721,16006351,0.7732769846916199,0.7690309882164001
2021-07-07 00:00:00,0.7505580186843872,0.7442359924316406,0.7505580186843872,16579607,0.789143979549408,0.7479529976844788
2021-07-08 00:00:00,0.6923509836196899,0.6831009984016418,0.6923509836196899,15593740,0.7519059777259827,0.7483010292053223
2021-07-09 00:00:00,0.6925519704818726,0.6566129922866821,0.6925519704818726,15422578,0.6982359886169434,0.6922280192375183
2021-07-10 00:00:00,0.6757339835166931,0.6732439994812012,0.6757339835166931,14749339,0.697488009929657,0.6925250291824341
2021-07-11 00:00:00,0.6970139741897583,0.6757349967956543,0.6970139741897583,14941479,0.6994900107383728,0.6757370233535767
2021-07-12 00:00:00,0.673445999622345,0.6652889847755432,0.673445999622345,15015084,0.6993809938430786,0.6970130205154419
2021-07-13 00:00:00,0.6442139744758606,0.6307169795036316,0.6442139744758606,14855877,0.6761990189552307,0.6733739972114563
2021-07-14 00:00:00,0.6399239897727966,0.611503005027771,0.6399239897727966,14745557,0.6495509743690491,0.6442000269889832
2021-07-15 00:00:00,0.6240950226783752,0.6147779822349548,0.6240950226783752,14303184,0.6431429982185364,0.6380469799041748
2021-07-16 00:00:00,0.6002500057220459,0.5937049984931946,0.6002500057220459,14160734,0.6273790001869202,0.6242370009422302
2021-07-17 00:00:00,0.5965499877929688,0.5830029845237732,0.5965499877929688,13839902,0.6024860143661499,0.6002560257911682
2021-07-18 00:00:00,0.5980989933013916,0.5894209742546082,0.5980989933013916,14243327,0.6156929731369019,0.5965449810028076
2021-07-19 00:00:00,0.5713139772415161,0.5626980066299438,0.5713139772415161,13678150,0.6077790260314941,0.5980979800224304
2021-07-20 00:00:00,0.5273470282554626,0.5153949856758118,0.5273470282554626,14050317,0.5745729804039001,0.57123202085495
2021-07-21 00:00:00,0.5817890167236328,0.5156959891319275,0.5817890167236328,14427613,0.5983610153198242,0.5273510217666626
2021-07-22 00:00:00,0.5867679715156555,0.5727589726448059,0.5867679715156555,14108980,0.5988050103187561,0.5818139910697937
2021-07-23 00:00:00,0.6065139770507812,0.5835170149803162,0.6065139770507812,14121642,0.6071079969406128,0.5867699980735779
2021-07-24 00:00:00,0.6306099891662598,0.5989869832992554,0.6306099891662598,14538290,0.6315320134162903,0.6064620018005371
2021-07-25 00:00:00,0.62015700340271,0.6025630235671997,0.62015700340271,14290603,0.6323720216751099,0.6306629776954651
2021-07-26 00:00:00,0.6140609979629517,0.6088640093803406,0.6140609979629517,15314368,0.6698830127716064,0.6201170086860657
2021-07-27 00:00:00,0.6127470135688782,0.5838069915771484,0.6127470135688782,14960532,0.6211000084877014,0.6152290105819702
2021-07-28 00:00:00,0.6306269764900208,0.592989981174469,0.6306269764900208,15943149,0.6705060005187988,0.6123200058937073
2021-07-29 00:00:00,0.6279429793357849,0.6181120276451111,0.6279429793357849,14879263,0.6406779885292053,0.6306260228157043
2021-07-30 00:00:00,0.6383870244026184,0.6107209920883179,0.6383870244026184,15487781,0.6602380275726318,0.6280750036239624
2021-07-31 00:00:00,0.6357809901237488,0.6186450123786926,0.6357809901237488,15053066,0.6425960063934326,0.6383280158042908
2021-08-01 00:00:00,0.622376024723053,0.6204169988632202,0.622376024723053,15225259,0.6552649736404419,0.6352660059928894
2021-08-02 00:00:00,0.6180940270423889,0.6140459775924683,0.6180940270423889,15082324,0.6430439949035645,0.6223829984664917
2021-08-03 00:00:00,0.6102409958839417,0.5967699885368347,0.6102409958839417,15095294,0.62288898229599,0.6180940270423889
2021-08-04 00:00:00,0.6292170286178589,0.603568971157074,0.6292170286178589,15363151,0.6449559926986694,0.6102169752120972
2021-08-05 00:00:00,0.6364349722862244,0.6160110235214233,0.6364349722862244,15015763,0.6380820274353027,0.6293010115623474
2021-08-06 00:00:00,0.6981379985809326,0.6306049823760986,0.6981379985809326,16243296,0.6986290216445923,0.6363580226898193
2021-08-07 00:00:00,0.7464479804039001,0.6981170177459717,0.7464479804039001,18895601,0.769232988357544,0.6981350183486938
2021-08-08 00:00:00,0.7230240106582642,0.7148590087890625,0.7230240106582642,16669243,0.759335994720459,0.7463589906692505
2021-08-09 00:00:00,0.7372840046882629,0.6904810070991516,0.7372840046882629,16616796,0.7416880130767822,0.7230420112609863
2021-08-10 00:00:00,0.8013569712638855,0.7333719730377197,0.8013569712638855,18766442,0.8553929924964905,0.7372170090675354
2021-08-11 00:00:00,0.9816679954528809,0.8002520203590393,0.9816679954528809,25054474,1.0122519731521606,0.8025950193405151
2021-08-12 00:00:00,1.0624159574508667,0.9604269862174988,1.0624159574508667,27437531,1.156190037727356,0.982571005821228
2021-08-13 00:00:00,1.19965398311615,1.0373660326004028,1.19965398311615,27771862,1.2124429941177368,1.0624730587005615
2021-08-14 00:00:00,1.2094210386276245,1.1287779808044434,1.2094210386276245,28885230,1.2855069637298584,1.1996270418167114
2021-08-15 00:00:00,1.172732949256897,1.0661089420318604,1.172732949256897,26472178,1.224858045578003,1.2094169855117798
2021-08-16 00:00:00,1.0763119459152222,1.0731439590454102,1.0763119459152222,24065999,1.1960569620132446,1.1735949516296387
2021-08-17 00:00:00,0.9233450293540955,0.897346019744873,0.9233450293540955,23285899,1.0837429761886597,1.0781160593032837
2021-08-18 00:00:00,0.968114972114563,0.8488960266113281,0.968114972114563,25016928,1.096513032913208,0.9258630275726318
2021-08-19 00:00:00,1.1434669494628906,0.9177410006523132,1.1434669494628906,27524540,1.1529430150985718,0.9672639966011047
2021-08-20 00:00:00,1.1215460300445557,1.07076096534729,1.1215460300445557,26027249,1.190058946609497,1.1469089984893799
2021-08-21 00:00:00,1.0993189811706543,1.0899440050125122,1.0993189811706543,22685748,1.1319799423217773,1.120718002319336
2021-08-22 00:00:00,1.0423539876937866,0.9925979971885681,1.0423539876937866,23278451,1.100808024406433,1.0976370573043823
2021-08-23 00:00:00,1.0412640571594238,1.0093870162963867,1.0412640571594238,22618534,1.0568280220031738,1.0423530340194702
2021-08-24 00:00:00,0.941415011882782,0.9276859760284424,0.941415011882782,21734416,1.0485570430755615,1.0412709712982178
2021-08-25 00:00:00,0.9641299843788147,0.8997200131416321,0.9641299843788147,20831682,0.9663910269737244,0.9361039996147156
2021-08-26 00:00:00,0.8720800280570984,0.862542986869812,0.8720800280570984,19570297,0.9697290062904358,0.9639589786529541
2021-08-27 00:00:00,0.9659810066223145,0.8213689923286438,0.9659810066223145,22222158,0.9941650032997131,0.8704950213432312
2021-08-28 00:00:00,0.924115002155304,0.9211570024490356,0.924115002155304,19993413,1.0001699924468994,0.9625830054283142
2021-08-29 00:00:00,0.9052680134773254,0.9028890132904053,0.9052680134773254,19608855,0.9680579900741577,0.9233899712562561
2021-08-30 00:00:00,0.8572829961776733,0.8539069890975952,0.8572829961776733,19617670,0.9208909869194031,0.9052670001983643
2021-08-31 00:00:00,0.8548510074615479,0.8329300284385681,0.8548510074615479,19627182,0.8813629746437073,0.8589580059051514
2021-09-01 00:00:00,0.9046450257301331,0.8296599984169006,0.9046450257301331,20443614,0.9179080128669739,0.8548420071601868
2021-09-02 00:00:00,0.8713780045509338,0.8670160174369812,0.8713780045509338,19932003,0.9154040217399597,0.9055129885673523
2021-09-03 00:00:00,0.8698220252990723,0.858847975730896,0.8698220252990723,20355804,0.9268540143966675,0.8704320192337036
2021-09-04 00:00:00,0.869717001914978,0.8588039875030518,0.869717001914978,20025917,0.8911970257759094,0.869825005531311
2021-09-05 00:00:00,0.9063349962234497,0.8517940044403076,0.9063349962234497,20386802,0.9063349962234497,0.8697069883346558
2021-09-06 00:00:00,0.9762870073318481,0.8807520270347595,0.9762870073318481,26583430,1.0177299976348877,0.905472993850708
2021-09-07 00:00:00,0.8495309948921204,0.8098539710044861,0.8495309948921204,23249008,0.9827640056610107,0.9762330055236816
2021-09-08 00:00:00,0.8146799802780151,0.7701060175895691,0.8146799802780151,20742282,0.8778240084648132,0.8496130108833313
2021-09-09 00:00:00,0.7973060011863708,0.7895020246505737,0.7973060011863708,19002169,0.8967840075492859,0.8018149733543396
2021-09-10 00:00:00,0.7765079736709595,0.7663310170173645,0.7765079736709595,19090087,0.8231350183486938,0.7973219752311707
2021-09-11 00:00:00,0.7716169953346252,0.7579560279846191,0.7716169953346252,17696276,0.7847260236740112,0.7765139937400818
2021-09-12 00:00:00,0.7651939988136292,0.751882016658783,0.7651939988136292,17930072,0.7883819937705994,0.771619975566864
2021-09-13 00:00:00,0.7333340048789978,0.7149990200996399,0.7333340048789978,17983035,0.7705010175704956,0.7651939988136292
2021-09-14 00:00:00,0.734499990940094,0.7240880131721497,0.734499990940094,17130148,0.7400810122489929,0.7305439710617065
2021-09-15 00:00:00,0.7284929752349854,0.717278003692627,0.7284929752349854,17095559,0.7392780184745789,0.7344920039176941
2021-09-16 00:00:00,0.6945769786834717,0.690526008605957,0.6945769786834717,16985961,0.7285900115966797,0.72843998670578
2021-09-17 00:00:00,0.6647949814796448,0.6612100005149841,0.6647949814796448,17079972,0.6961339712142944,0.6937569975852966
2021-09-18 00:00:00,0.6769610047340393,0.6611559987068176,0.6769610047340393,17402124,0.7183089852333069,0.6666439771652222
2021-09-19 00:00:00,0.6532899737358093,0.6484429836273193,0.6532899737358093,16824338,0.6779389977455139,0.6739280223846436
2021-09-20 00:00:00,0.5810040235519409,0.5796210169792175,0.5810040235519409,17530953,0.6561300158500671,0.6558939814567566
2021-09-21 00:00:00,0.5623430013656616,0.5599349737167358,0.5623430013656616,15358251,0.6278179883956909,0.5830190181732178
2021-09-22 00:00:00,0.6523489952087402,0.5591539740562439,0.6523489952087402,16760029,0.6598479747772217,0.563401997089386
2021-09-23 00:00:00,0.6254029870033264,0.6061109900474548,0.6254029870033264,15806751,0.6529350280761719,0.6505939960479736
2021-09-24 00:00:00,0.5932949781417847,0.5648099780082703,0.5932949781417847,15695086,0.6352049708366394,0.62540602684021
2021-09-25 00:00:00,0.5795660018920898,0.5703070163726807,0.5795660018920898,14767518,0.5993959903717041,0.5938010215759277
2021-09-26 00:00:00,0.5669959783554077,0.5533429980278015,0.5669959783554077,14694944,0.5841990113258362,0.5792279839515686
2021-09-27 00:00:00,0.5598700046539307,0.5590649843215942,0.5598700046539307,14444957,0.5806819796562195,0.5669959783554077
2021-09-28 00:00:00,0.5403460264205933,0.5403460264205933,0.5403460264205933,14674599,0.8341209888458252,0.5598689913749695
2021-09-29 00:00:00,0.5402910113334656,0.5318170189857483,0.5402910113334656,14182514,0.5585950016975403,0.5408239960670471
2021-09-30 00:00:00,0.5552470088005066,0.5403209924697876,0.5552470088005066,16087209,0.5848919749259949,0.5407699942588806
2021-10-01 00:00:00,0.6339759826660156,0.5474420189857483,0.6339759826660156,17803797,0.6347249746322632,0.5541840195655823
2021-10-02 00:00:00,0.6185579895973206,0.6020240187644958,0.6185579895973206,16660233,0.6372600197792053,0.6339750289916992
2021-10-03 00:00:00,0.6087390184402466,0.5963299870491028,0.6087390184402466,15620667,0.6309890151023865,0.6185569763183594
2021-10-04 00:00:00,0.6131439805030823,0.5711780190467834,0.6131439805030823,16341359,0.6229289770126343,0.6063060164451599
2021-10-05 00:00:00,0.758849024772644,0.606207013130188,0.758849024772644,24253240,0.7668709754943848,0.6131420135498047
2021-10-06 00:00:00,0.77817302942276,0.7047470211982727,0.77817302942276,23729453,0.7975890040397644,0.7609390020370483
2021-10-07 00:00:00,0.7217180132865906,0.6843039989471436,0.7217180132865906,20350443,0.777758002281189,0.777758002281189
2021-10-08 00:00:00,0.7472879886627197,0.7013429999351501,0.7472879886627197,18927816,0.7782059907913208,0.7215510010719299
2021-10-09 00:00:00,0.8083800077438354,0.7331259846687317,0.8083800077438354,23492987,0.8678359985351562,0.7472890019416809
2021-10-10 00:00:00,0.7199789881706238,0.7199789881706238,0.7199789881706238,18690799,0.8084710240364075,0.8075510263442993
2021-10-11 00:00:00,0.6704859733581543,0.6643419861793518,0.6704859733581543,17532165,0.7483289837837219,0.7224730253219604
2021-10-12 00:00:00,0.7027090191841125,0.6380329728126526,0.7027090191841125,17501893,0.7089899778366089,0.6742200255393982
2021-10-13 00:00:00,0.6812149882316589,0.6534900069236755,0.6812149882316589,16742060,0.7149900197982788,0.6997230052947998
2021-10-14 00:00:00,0.6784470081329346,0.6604899764060974,0.6784470081329346,16465853,0.6902120113372803,0.6812030076980591
2021-10-15 00:00:00,0.6721829771995544,0.6515690088272095,0.6721829771995544,16864145,0.6825119853019714,0.6783769726753235
2021-10-16 00:00:00,0.6611149907112122,0.6543170213699341,0.6611149907112122,16247353,0.6863560080528259,0.6726009845733643
2021-10-17 00:00:00,0.6582610011100769,0.6471989750862122,0.6582610011100769,16032168,0.6851509809494019,0.6611189842224121
2021-10-18 00:00:00,0.656794011592865,0.6415079832077026,0.656794011592865,15997443,0.6863660216331482,0.6582739949226379
2021-10-19 00:00:00,0.665448009967804,0.6462669968605042,0.665448009967804,16690050,0.6794999837875366,0.6567959785461426
2021-10-20 00:00:00,0.666100025177002,0.6510969996452332,0.666100025177002,16314812,0.6690620183944702,0.6653860211372375
2021-10-21 00:00:00,0.6533529758453369,0.6354640126228333,0.6533529758453369,16982390,0.6815239787101746,0.6661120057106018
2021-10-22 00:00:00,0.6405519843101501,0.6262099742889404,0.6405519843101501,16578077,0.6547539830207825,0.6515179872512817
2021-10-23 00:00:00,0.6246979832649231,0.6221129894256592,0.6246979832649231,15740589,0.6446080207824707,0.6407150030136108
2021-10-24 00:00:00,0.6117119789123535,0.6066970229148865,0.6117119789123535,15799456,0.6290130019187927,0.6246950030326843
2021-10-25 00:00:00,0.6334649920463562,0.6111670136451721,0.6334649920463562,15736765,0.6338440179824829,0.6146389842033386
2021-10-26 00:00:00,0.6477140188217163,0.6278740167617798,0.6477140188217163,16826472,0.6664000153541565,0.6334429979324341
2021-10-27 00:00:00,0.6085330247879028,0.5979570150375366,0.6085330247879028,16232790,0.6575440168380737,0.647691011428833
2021-10-28 00:00:00,0.6078230142593384,0.5941939949989319,0.6078230142593384,16002438,0.6307709813117981,0.6086080074310303
2021-10-29 00:00:00,0.6095029711723328,0.5967079997062683,0.6095029711723328,18388442,0.6239780187606812,0.6074619889259338
2021-10-30 00:00:00,0.5866829752922058,0.5767729878425598,0.5866829752922058,18286580,0.6167399883270264,0.6095110177993774
2021-10-31 00:00:00,0.5835310220718384,0.5644800066947937,0.5835310220718384,17802528,0.5964930057525635,0.5840719938278198
2021-11-01 00:00:00,0.6444690227508545,0.5668089985847473,0.6444690227508545,20415511,0.6875619888305664,0.583532989025116
2021-11-02 00:00:00,0.7001579999923706,0.6098809838294983,0.7001579999923706,30013003,0.7274019718170166,0.6416900157928467
2021-11-03 00:00:00,0.6438699960708618,0.6202710270881653,0.6438699960708618,22291363,0.7013180255889893,0.7000859975814819
2021-11-04 00:00:00,0.6131020188331604,0.6088879704475403,0.6131020188331604,18169176,0.6600750088691711,0.6433280110359192
2021-11-05 00:00:00,0.6015679836273193,0.596900999546051,0.6015679836273193,17205043,0.6202570199966431,0.6131110191345215
2021-11-06 00:00:00,0.5932469964027405,0.5909889936447144,0.5932469964027405,16639166,0.6062849760055542,0.5990030169487
2021-11-07 00:00:00,0.5986629724502563,0.5908960103988647,0.5986629724502563,17283633,0.6123030185699463,0.5932329893112183
2021-11-08 00:00:00,0.5897740125656128,0.582813024520874,0.5897740125656128,17800070,0.5983399748802185,0.5975160002708435
2021-11-09 00:00:00,0.5937029719352722,0.5824790000915527,0.5937029719352722,17212136,0.6069520115852356,0.5899649858474731
2021-11-10 00:00:00,0.5562689900398254,0.5489310026168823,0.5562689900398254,17830136,1.173321008682251,0.5934500098228455
2021-11-11 00:00:00,0.598505973815918,0.5535489916801453,0.598505973815918,18579443,0.6193199753761292,0.5563039779663086
2021-11-12 00:00:00,0.6165900230407715,0.5905569791793823,0.6165900230407715,21272859,0.6418309807777405,0.5954179763793945
2021-11-13 00:00:00,0.6065130233764648,0.5971300005912781,0.6065130233764648,17011455,0.6259469985961914,0.6166030168533325
2021-11-14 00:00:00,0.6057630181312561,0.601593017578125,0.6057630181312561,17483999,0.6145570278167725,0.6069480180740356
2021-11-15 00:00:00,0.6359320282936096,0.6068469882011414,0.6359320282936096,25135725,0.6753990054130554,0.6068469882011414
2021-11-16 00:00:00,0.6708509922027588,0.605771005153656,0.6708509922027588,31342976,0.6991320252418518,0.6351780295372009
2021-11-17 00:00:00,0.6520249843597412,0.6202099919319153,0.6520249843597412,22841033,0.6762670278549194,0.671114981174469
2021-11-18 00:00:00,0.6129260063171387,0.6092000007629395,0.6129260063171387,21855742,0.6684479713439941,0.6513590216636658
2021-11-19 00:00:00,0.6279379725456238,0.5988690257072449,0.6279379725456238,18155036,0.6341040134429932,0.6125310063362122
2021-11-20 00:00:00,0.6169829964637756,0.6031339764595032,0.6169829964637756,18327288,0.6384350061416626,0.6279360055923462
2021-11-21 00:00:00,0.6136109828948975,0.5983909964561462,0.6136109828948975,18036559,0.6166329979896545,0.6166329979896545
2021-11-22 00:00:00,0.6010090112686157,0.5938950181007385,0.6010090112686157,18139540,0.6195600032806396,0.6136360168457031
2021-11-23 00:00:00,0.6551420092582703,0.5959290266036987,0.6551420092582703,22850748,0.656358003616333,0.6023709774017334
2021-11-24 00:00:00,0.6448420286178589,0.6362940073013306,0.6448420286178589,23605709,0.6794509887695312,0.6578099727630615
2021-11-25 00:00:00,0.6775580048561096,0.6435710191726685,0.6775580048561096,22347916,0.8628150224685669,0.6435710191726685
2021-11-26 00:00:00,0.6684039831161499,0.667801022529602,0.6684039831161499,16755814,0.8124560117721558,0.7100890278816223
2021-11-27 00:00:00,0.657597005367279,0.6523600220680237,0.657597005367279,5749849,0.7089279890060425,0.669264018535614
2021-11-28 00:00:00,0.735131025314331,0.6177260279655457,0.735131025314331,8908833,0.7351539731025696,0.657185971736908
2021-11-29 00:00:00,0.7865369915962219,0.7162929773330688,0.7865369915962219,11822274,0.8113089799880981,0.7356169819831848
2021-11-30 00:00:00,0.7823539972305298,0.7319579720497131,0.7823539972305298,8366153,0.8085100054740906,0.7901229858398438
2021-12-01 00:00:00,0.9451959729194641,0.7778000235557556,0.9451959729194641,21525807,1.003978967666626,0.7849929928779602
2021-12-02 00:00:00,0.8719789981842041,0.8306909799575806,0.8719789981842041,10204937,0.9769009947776794,0.9392920136451721
2021-12-03 00:00:00,0.8369100093841553,0.8061879873275757,0.8369100093841553,9325942,0.9662299752235413,0.8720120191574097
2021-12-04 00:00:00,0.7259479761123657,0.6410710215568542,0.7259479761123657,13952308,0.836912989616394,0.8363519906997681
2021-12-05 00:00:00,0.6629459857940674,0.6281449794769287,0.6629459857940674,5622301,0.7348210215568542,0.7306089997291565
2021-12-06 00:00:00,0.6538599729537964,0.5948579907417297,0.6538599729537964,6615477,0.6669399738311768,0.6549580097198486
2021-12-07 00:00:00,0.674144983291626,0.6513370275497437,0.674144983291626,3540727,0.6967250108718872,0.6537989974021912
2021-12-08 00:00:00,0.6824190020561218,0.6358320116996765,0.6824190020561218,2646230,0.6824190020561218,0.6741769909858704
2021-12-09 00:00:00,0.644540011882782,0.6415389776229858,0.644540011882782,3229286,0.7051770091056824,0.6837480068206787
2021-12-10 00:00:00,0.6415190100669861,0.6357489824295044,0.6415190100669861,3392697,0.6782540082931519,0.6432409882545471
2021-12-11 00:00:00,0.6466370224952698,0.6341189742088318,0.6466370224952698,1016376,0.6545100212097168,0.6415600180625916
2021-12-12 00:00:00,0.6262000203132629,0.6188279986381531,0.6262000203132629,2044052,0.6534450054168701,0.6469370126724243
2021-12-13 00:00:00,0.5808979868888855,0.579613983631134,0.5808979868888855,3269221,0.6334360241889954,0.6277139782905579
2021-12-14 00:00:00,0.5688560009002686,0.5520449876785278,0.5688560009002686,3062638,0.5903019905090332,0.5857629776000977
2021-12-15 00:00:00,0.6140620112419128,0.5501800179481506,0.6140620112419128,3122236,0.6218379735946655,0.5850210189819336
2021-12-16 00:00:00,0.5977740287780762,0.5915830135345459,0.5977740287780762,1785610,0.6165519952774048,0.6141939759254456
2021-12-17 00:00:00,0.5924450159072876,0.5773429870605469,0.5924450159072876,3018340,0.6170089840888977,0.5978249907493591
2021-12-18 00:00:00,0.5883870124816895,0.5806540250778198,0.5883870124816895,1252201,0.6034020185470581,0.5924540162086487
2021-12-19 00:00:00,0.5790510177612305,0.5729650259017944,0.5790510177612305,1856023,0.5952789783477783,0.5904430150985718
2021-12-20 00:00:00,0.5781360268592834,0.5493950247764587,0.5781360268592834,2864002,0.5859500169754028,0.5811669826507568
2021-12-21 00:00:00,0.6257990002632141,0.5580769777297974,0.6257990002632141,7965892,0.6393769979476929,0.5755900144577026
2021-12-22 00:00:00,0.5997660160064697,0.5909799933433533,0.5997660160064697,5609669,0.6395559906959534,0.6257500052452087
2021-12-23 00:00:00,0.5934280157089233,0.5769309997558594,0.5934280157089233,3407392,0.5997080206871033,0.5997080206871033
2021-12-24 00:00:00,0.5875269770622253,0.5845280289649963,0.5875269770622253,2036923,0.5973380208015442,0.593146026134491
2021-12-25 00:00:00,0.5893030166625977,0.5841410160064697,0.5893030166625977,1466533,0.595071017742157,0.5885050296783447
2021-12-26 00:00:00,0.589061975479126,0.5790560245513916,0.589061975479126,1420381,0.5931820273399353,0.5893049836158752
2021-12-27 00:00:00,0.6094110012054443,0.5826960206031799,0.6094110012054443,3225891,0.620602011680603,0.5890669822692871
2021-12-28 00:00:00,0.5764390230178833,0.5763689875602722,0.5764390230178833,2098950,0.6118919849395752,0.6091880202293396
2021-12-29 00:00:00,0.5821099877357483,0.5734509825706482,0.5821099877357483,1849181,0.5931339859962463,0.5769090056419373
2021-12-30 00:00:00,0.5737789869308472,0.5640900135040283,0.5737789869308472,1558581,0.5821899771690369,0.582099974155426
2021-12-31 00:00:00,0.5501980185508728,0.5473979711532593,0.5501980185508728,2416139,0.5764240026473999,0.5734990239143372
2022-01-01 00:00:00,0.5549560189247131,0.5467209815979004,0.5549560189247131,2054784,0.5571510195732117,0.5501919984817505
2022-01-02 00:00:00,0.552046000957489,0.5497480034828186,0.552046000957489,1171890,0.5584319829940796,0.555010974407196
2022-01-03 00:00:00,0.5454559922218323,0.5446370244026184,0.5454559922218323,3108109,0.5558540225028992,0.5520399808883667
2022-01-04 00:00:00,0.545412003993988,0.535739004611969,0.545412003993988,2301951,0.5482580065727234,0.5454729795455933
2022-01-05 00:00:00,0.5200909972190857,0.5118749737739563,0.5200909972190857,3398210,0.5559589862823486,0.5456439852714539
2022-01-06 00:00:00,0.50068199634552,0.483256995677948,0.50068199634552,2789741,0.5223559737205505,0.5199729800224304
2022-01-07 00:00:00,0.48701798915863037,0.4819819927215576,0.48701798915863037,1798968,0.5006939768791199,0.49968698620796204
2022-01-08 00:00:00,0.47349199652671814,0.46436500549316406,0.47349199652671814,3994034,0.5060549974441528,0.489439994096756
2022-01-09 00:00:00,0.4723309874534607,0.46008801460266113,0.4723309874534607,1599038,0.47809499502182007,0.47347700595855713
2022-01-10 00:00:00,0.40178900957107544,0.38849499821662903,0.40178900957107544,4849468,0.4725790023803711,0.4723779857158661
2022-01-11 00:00:00,0.44690701365470886,0.3952290117740631,0.44690701365470886,3437889,0.44781801104545593,0.4030599892139435
2022-01-12 00:00:00,0.46441400051116943,0.42887499928474426,0.46441400051116943,1905975,0.4666770100593567,0.44679999351501465
2022-01-13 00:00:00,0.4488449990749359,0.44775599241256714,0.4488449990749359,1748876,0.46843698620796204,0.46355199813842773
2022-01-14 00:00:00,0.45526498556137085,0.43436199426651,0.45526498556137085,1504579,0.4681679904460907,0.44933798909187317
2022-01-15 00:00:00,0.4462040066719055,0.4449230134487152,0.4462040066719055,2487436,0.6217460036277771,0.45509499311447144
2022-01-16 00:00:00,0.44782599806785583,0.4408249855041504,0.44782599806785583,716939,0.45044800639152527,0.44701799750328064
2022-01-17 00:00:00,0.4394179880619049,0.428941011428833,0.4394179880619049,779678,0.4486140012741089,0.447827011346817
2022-01-18 00:00:00,0.4142270088195801,0.4026600122451782,0.4142270088195801,1720687,0.43997400999069214,0.4394179880619049
2022-01-19 00:00:00,0.3877530097961426,0.386137992143631,0.3877530097961426,1577681,0.41805300116539,0.4142270088195801
2022-01-20 00:00:00,0.3818509876728058,0.3818509876728058,0.3818509876728058,1663727,0.4062420129776001,0.3875479996204376
2022-01-21 00:00:00,0.3413200080394745,0.33918699622154236,0.3413200080394745,2494728,0.38462400436401367,0.38343098759651184
2022-01-22 00:00:00,0.3050679862499237,0.28533101081848145,0.3050679862499237,2888724,0.34042099118232727,0.3397510051727295
2022-01-23 00:00:00,0.3167720139026642,0.30177098512649536,0.3167720139026642,3346641,0.3505359888076782,0.3050589859485626
2022-01-24 00:00:00,0.3113879859447479,0.2914780080318451,0.3113879859447479,4526976,0.35555499792099,0.31476300954818726
2022-01-25 00:00:00,0.29494500160217285,0.2873019874095917,0.29494500160217285,2010230,0.3135179877281189,0.3114039897918701
2022-01-26 00:00:00,0.29688000679016113,0.2909030020236969,0.29688000679016113,2720735,0.31294000148773193,0.294746994972229
2022-01-27 00:00:00,0.29574498534202576,0.2871840000152588,0.29574498534202576,1668700,0.3045690059661865,0.2968840003013611
2022-01-28 00:00:00,0.29243001341819763,0.28612199425697327,0.29243001341819763,1129519,0.30013900995254517,0.29576200246810913
2022-01-29 00:00:00,0.29793301224708557,0.29048898816108704,0.29793301224708557,870926,0.2993510067462921,0.29256901144981384
2022-01-30 00:00:00,0.2956539988517761,0.293410986661911,0.2956539988517761,580406,0.301272988319397,0.29680299758911133
2022-01-31 00:00:00,0.2995699942111969,0.2866789996623993,0.2995699942111969,651392,0.30006900429725647,0.29561200737953186
2022-02-01 00:00:00,0.3073590099811554,0.2976430058479309,0.3073590099811554,724028,0.30758899450302124,0.29976901412010193
2022-02-02 00:00:00,0.3016569912433624,0.3006489872932434,0.3016569912433624,818125,0.3155690133571625,0.3074060082435608
2022-02-03 00:00:00,0.29218998551368713,0.2885420024394989,0.29218998551368713,701678,0.3036539852619171,0.3019790053367615
2022-02-04 00:00:00,0.3051159977912903,0.28870201110839844,0.3051159977912903,1429067,0.3051159977912903,0.29218998551368713
2022-02-05 00:00:00,0.3134709894657135,0.3027479946613312,0.3134709894657135,1379891,0.3204149901866913,0.3051210045814514
2022-02-06 00:00:00,0.3134689927101135,0.30273300409317017,0.3134689927101135,1160604,0.3239870071411133,0.3134700059890747
2022-02-07 00:00:00,0.3689329922199249,0.31216898560523987,0.3689329922199249,5336491,0.37460601329803467,0.31295299530029297
2022-02-08 00:00:00,0.34619900584220886,0.3303860127925873,0.34619900584220886,3759166,0.37588798999786377,0.3703629970550537
2022-02-09 00:00:00,0.3530159890651703,0.33309799432754517,0.3530159890651703,1631845,0.3607819974422455,0.3462029993534088
2022-02-10 00:00:00,0.3390029966831207,0.335891991853714,0.3390029966831207,1209305,0.3556089997291565,0.3529439866542816
2022-02-11 00:00:00,0.3209350109100342,0.3166089951992035,0.3209350109100342,1249298,0.34862399101257324,0.3377569913864136
2022-02-12 00:00:00,0.3125320076942444,0.3025929927825928,0.3125320076942444,1435310,0.33208200335502625,0.320935994386673
2022-02-13 00:00:00,0.3103240132331848,0.30769699811935425,0.3103240132331848,663635,0.3197999894618988,0.3125289976596832
2022-02-14 00:00:00,0.2992919981479645,0.2884890139102936,0.2992919981479645,1627079,0.31147500872612,0.3094249963760376
2022-02-15 00:00:00,0.3201560080051422,0.29910001158714294,0.3201560080051422,1108497,0.3214539885520935,0.2992910146713257
2022-02-16 00:00:00,0.31122899055480957,0.30412599444389343,0.31122899055480957,1348169,0.32120800018310547,0.3211880028247833
2022-02-17 00:00:00,0.2918950021266937,0.29001399874687195,0.2918950021266937,1063149,0.3123469948768616,0.3109920024871826
2022-02-18 00:00:00,0.2981790006160736,0.29058799147605896,0.2981790006160736,920565,0.3064349889755249,0.29169198870658875
2022-02-19 00:00:00,0.29780900478363037,0.29208600521087646,0.29780900478363037,501156,0.3037410080432892,0.2981779873371124
2022-02-20 00:00:00,0.29031500220298767,0.28404301404953003,0.29031500220298767,627441,0.29872599244117737,0.29780900478363037
2022-02-21 00:00:00,0.2704310119152069,0.26833000779151917,0.2704310119152069,1080434,0.29600799083709717,0.2903040051460266
2022-02-22 00:00:00,0.2824679911136627,0.2650910019874573,0.2824679911136627,884560,0.28762900829315186,0.27035000920295715
2022-02-23 00:00:00,0.28059399127960205,0.27978599071502686,0.28059399127960205,832253,0.2905389964580536,0.28251299262046814
2022-02-24 00:00:00,0.2636519968509674,0.2513960003852844,0.2636519968509674,1591846,0.2818619906902313,0.28056401014328003
2022-02-25 00:00:00,0.2743990123271942,0.2617630064487457,0.2743990123271942,836881,0.27476999163627625,0.2636910080909729
2022-02-26 00:00:00,0.27810201048851013,0.27136799693107605,0.27810201048851013,620562,0.2825489938259125,0.27437999844551086
2022-02-27 00:00:00,0.2707729935646057,0.26950299739837646,0.2707729935646057,908521,0.27976998686790466,0.2780419886112213
2022-02-28 00:00:00,0.2891550064086914,0.26561298966407776,0.2891550064086914,1292353,0.2894499897956848,0.2707729935646057
2022-03-01 00:00:00,0.30240100622177124,0.2852709889411926,0.30240100622177124,1363896,0.3073509931564331,0.2891539931297302
2022-03-02 00:00:00,0.3039799928665161,0.2964969873428345,0.3039799928665161,915262,0.30671000480651855,0.30227500200271606
2022-03-03 00:00:00,0.292153000831604,0.2890929877758026,0.292153000831604,775803,0.30516499280929565,0.30399900674819946
2022-03-04 00:00:00,0.2846350073814392,0.28389599919319153,0.2846350073814392,890092,0.2924489974975586,0.2916080057621002
2022-03-05 00:00:00,0.2907690107822418,0.28368398547172546,0.2907690107822418,479776,0.29190999269485474,0.2846350073814392
2022-03-06 00:00:00,0.28463900089263916,0.28463301062583923,0.28463900089263916,487050,0.2922140061855316,0.29070600867271423
2022-03-07 00:00:00,0.2761259973049164,0.2747049927711487,0.2761259973049164,837949,0.28604400157928467,0.2845019996166229
2022-03-08 00:00:00,0.28361499309539795,0.27571800351142883,0.28361499309539795,427844,0.2836320102214813,0.27612099051475525
2022-03-09 00:00:00,0.3007259964942932,0.2814219892024994,0.3007259964942932,793490,0.30104801058769226,0.2836169898509979
2022-03-10 00:00:00,0.321601003408432,0.2895300090312958,0.321601003408432,13210979,0.3891179859638214,0.30087700486183167
2022-03-11 00:00:00,0.3104589879512787,0.3053700029850006,0.3104589879512787,1826571,0.323868989944458,0.3215999901294708
2022-03-12 00:00:00,0.3604409992694855,0.31026598811149597,0.3604409992694855,7128170,0.3646889925003052,0.31038200855255127
2022-03-13 00:00:00,0.3360559940338135,0.3350679874420166,0.3360559940338135,2855406,0.3602429926395416,0.3602429926395416
2022-03-14 00:00:00,0.33810099959373474,0.3295159935951233,0.33810099959373474,1605711,0.341825008392334,0.33603599667549133
2022-03-15 00:00:00,0.33048900961875916,0.3229610025882721,0.33048900961875916,1197630,0.3387469947338104,0.33843499422073364
2022-03-16 00:00:00,0.3395009934902191,0.3286530077457428,0.3395009934902191,1107109,0.34007999300956726,0.3305310010910034
2022-03-17 00:00:00,0.33848699927330017,0.334522008895874,0.33848699927330017,838207,0.33998700976371765,0.3395639955997467
2022-03-18 00:00:00,0.3459930121898651,0.33559200167655945,0.3459930121898651,1047538,0.3477259874343872,0.33848100900650024
2022-03-19 00:00:00,0.3589319884777069,0.3455199897289276,0.3589319884777069,1084927,0.35958001017570496,0.34599098563194275
2022-03-20 00:00:00,0.3632510006427765,0.35828500986099243,0.3632510006427765,1784080,0.3756310045719147,0.35901299118995667
2022-03-21 00:00:00,0.36387699842453003,0.35933399200439453,0.36387699842453003,1050366,0.36643698811531067,0.36325201392173767
2022-03-22 00:00:00,0.3840320110321045,0.361519992351532,0.3840320110321045,1794150,0.38514599204063416,0.36364099383354187
2022-03-23 00:00:00,0.43265798687934875,0.38400998711586,0.43265798687934875,15924413,0.48299700021743774,0.3840320110321045
2022-03-24 00:00:00,0.4398829936981201,0.4303790032863617,0.4398829936981201,4263695,0.4585399925708771,0.43452900648117065
2022-03-25 00:00:00,0.4369649887084961,0.4270710051059723,0.4369649887084961,2334984,0.4438759982585907,0.4398840069770813
2022-03-26 00:00:00,0.3974060118198395,0.3887850046157837,0.3974060118198395,3293267,0.4383249878883362,0.4369660019874573
2022-03-27 00:00:00,0.429190993309021,0.3969610035419464,0.429190993309021,3064046,0.43584999442100525,0.398048996925354
2022-03-28 00:00:00,0.4298039972782135,0.4248790144920349,0.4298039972782135,3033972,0.43715500831604004,0.4290730059146881
2022-03-29 00:00:00,0.4304809868335724,0.42155998945236206,0.4304809868335724,2555254,0.44258201122283936,0.42882800102233887
2022-03-30 00:00:00,0.42425599694252014,0.41523000597953796,0.42425599694252014,1686222,0.43231201171875,0.4303329885005951
2022-03-31 00:00:00,0.39903101325035095,0.39719799160957336,0.39903101325035095,2304310,0.4255949854850769,0.4241600036621094
2022-04-01 00:00:00,0.4112730026245117,0.39141198992729187,0.4112730026245117,1270080,0.4115549921989441,0.3989799916744232
2022-04-02 00:00:00,0.40973201394081116,0.40625,0.40973201394081116,800412,0.41354599595069885,0.41127198934555054
2022-04-03 00:00:00,0.4077560007572174,0.40258198976516724,0.4077560007572174,674349,0.41154900193214417,0.40972900390625
2022-04-04 00:00:00,0.40521299839019775,0.39934200048446655,0.40521299839019775,820889,0.40747201442718506,0.40575098991394043
2022-04-05 00:00:00,0.39753198623657227,0.3963159918785095,0.39753198623657227,746633,0.4076859951019287,0.40529999136924744
2022-04-06 00:00:00,0.361378014087677,0.36000698804855347,0.361378014087677,1711490,0.3973639905452728,0.3973039984703064
2022-04-07 00:00:00,0.3664039969444275,0.3595770001411438,0.3664039969444275,974224,0.36768800020217896,0.361378014087677
2022-04-08 00:00:00,0.36797499656677246,0.36406001448631287,0.36797499656677246,733168,0.37237200140953064,0.3664039969444275
2022-04-09 00:00:00,0.36800798773765564,0.3642309904098511,0.36800798773765564,546984,0.3714120090007782,0.36798301339149475
2022-04-10 00:00:00,0.36480599641799927,0.3636389970779419,0.36480599641799927,550932,0.37155601382255554,0.36800599098205566
2022-04-11 00:00:00,0.3105970025062561,0.3073830008506775,0.3105970025062561,3348668,0.36544299125671387,0.36464300751686096
2022-04-12 00:00:00,0.3336479961872101,0.30507901310920715,0.3336479961872101,1384191,0.3346930146217346,0.3105970025062561
2022-04-13 00:00:00,0.33191800117492676,0.3251720070838928,0.33191800117492676,732976,0.334322988986969,0.33251601457595825
2022-04-14 00:00:00,0.33492299914360046,0.32742398977279663,0.33492299914360046,866427,0.34125399589538574,0.3319169878959656
2022-04-15 00:00:00,0.3348119854927063,0.33203598856925964,0.3348119854927063,976104,0.34863200783729553,0.33444100618362427
2022-04-16 00:00:00,0.33385199308395386,0.330130010843277,0.33385199308395386,374346,0.3394559919834137,0.33482301235198975
2022-04-17 00:00:00,0.32063400745391846,0.3194209933280945,0.32063400745391846,651468,0.3341050148010254,0.33209100365638733
2022-04-18 00:00:00,0.3010289967060089,0.293163001537323,0.3010289967060089,1364618,0.3212819993495941,0.32103800773620605
2022-04-19 00:00:00,0.3090110123157501,0.2995760142803192,0.3090110123157501,1094022,0.3125689923763275,0.3019169867038727
2022-04-20 00:00:00,0.3064109981060028,0.2984839975833893,0.3064109981060028,1214710,0.31347501277923584,0.3092449903488159
2022-04-21 00:00:00,0.29563599824905396,0.2949169874191284,0.29563599824905396,1413293,0.3190009891986847,0.30633899569511414
2022-04-22 00:00:00,0.29657500982284546,0.29427799582481384,0.29657500982284546,594476,0.2999820113182068,0.29563599824905396
2022-04-23 00:00:00,0.29571300745010376,0.29312899708747864,0.29571300745010376,486910,0.2969360053539276,0.29657500982284546
2022-04-24 00:00:00,0.29018399119377136,0.289326012134552,0.29018399119377136,518316,0.29603099822998047,0.29550498723983765
2022-04-25 00:00:00,0.278097003698349,0.2700439989566803,0.278097003698349,1082099,0.29018500447273254,0.29018500447273254
2022-04-26 00:00:00,0.26527300477027893,0.26505300402641296,0.26527300477027893,781421,0.27997100353240967,0.2780730128288269
2022-04-27 00:00:00,0.25871801376342773,0.2562220096588135,0.25871801376342773,798006,0.26694101095199585,0.2651900053024292
2022-04-28 00:00:00,0.2655540108680725,0.2573170065879822,0.2655540108680725,2602008,0.2690280079841614,0.2588219940662384
2022-04-29 00:00:00,0.26400500535964966,0.2609040141105652,0.26400500535964966,659261,0.26947399973869324,0.26555898785591125
2022-04-30 00:00:00,0.2421880066394806,0.24210099875926971,0.2421880066394806,844253,0.2645690143108368,0.2638759911060333
2022-05-01 00:00:00,0.23677699267864227,0.23019500076770782,0.23677699267864227,1246620,0.2426079958677292,0.2421880066394806
2022-05-02 00:00:00,0.2298479974269867,0.2274249941110611,0.2298479974269867,789216,0.24093499779701233,0.23677699267864227
2022-05-03 00:00:00,0.22825400531291962,0.22731100022792816,0.22825400531291962,693484,0.23112300038337708,0.22978100180625916
2022-05-04 00:00:00,0.24592000246047974,0.22675900161266327,0.24592000246047974,1095286,0.24762000143527985,0.22821399569511414
2022-05-05 00:00:00,0.22945499420166016,0.2291949987411499,0.22945499420166016,1265133,0.24943000078201294,0.24626900255680084
2022-05-06 00:00:00,0.23083700239658356,0.22698700428009033,0.23083700239658356,1033128,0.23191699385643005,0.22945299744606018
2022-05-07 00:00:00,0.22787100076675415,0.22762200236320496,0.22787100076675415,758941,0.23153600096702576,0.2307009994983673
2022-05-08 00:00:00,0.20904499292373657,0.20750799775123596,0.20904499292373657,965571,0.22811399400234222,0.22796699404716492
2022-05-09 00:00:00,0.16797299683094025,0.16712400317192078,0.16797299683094025,1866622,0.2091750055551529,0.20896600186824799
2022-05-10 00:00:00,0.1697240024805069,0.16400499641895294,0.1697240024805069,1138097,0.1802240014076233,0.17093700170516968
2022-05-11 00:00:00,0.11729300022125244,0.11245299875736237,0.11729300022125244,1724331,0.17600800096988678,0.1698160022497177
2022-05-12 00:00:00,0.10217700153589249,0.09182000160217285,0.10217700153589249,928164,0.12126199901103973,0.1184220016002655
2022-05-13 00:00:00,0.11404400318861008,0.100382000207901,0.11404400318861008,966398,0.12122999876737595,0.10217399895191193
2022-05-14 00:00:00,0.11339399963617325,0.1056469976902008,0.11339399963617325,805945,0.11921799927949905,0.11395099759101868
2022-05-15 00:00:00,0.11620800197124481,0.11276700347661972,0.11620800197124481,588993,0.11719000339508057,0.11324399709701538
2022-05-16 00:00:00,0.11432400345802307,0.1125049963593483,0.11432400345802307,641121,0.12177400290966034,0.11621200293302536
2022-05-17 00:00:00,0.1205499991774559,0.11244899779558182,0.1205499991774559,699208,0.1205499991774559,0.11429999768733978
2022-05-18 00:00:00,0.1247590035200119,0.12055099755525589,0.1247590035200119,4654994,0.15663500130176544,0.12055099755525589
2022-05-19 00:00:00,0.13261599838733673,0.1216759979724884,0.13261599838733673,1261124,0.13625000417232513,0.12482800334692001
2022-05-20 00:00:00,0.1273909956216812,0.12704500555992126,0.1273909956216812,798811,0.1334570050239563,0.13231299817562103
2022-05-21 00:00:00,0.12761899828910828,0.12461800128221512,0.12761899828910828,691767,0.12866799533367157,0.12725700438022614
2022-05-22 00:00:00,0.13583700358867645,0.12717600166797638,0.13583700358867645,1033127,0.13726699352264404,0.12760299444198608
2022-05-23 00:00:00,0.1359339952468872,0.13531599938869476,0.1359339952468872,1133815,0.1438390016555786,0.13592900335788727
2022-05-24 00:00:00,0.13106900453567505,0.1264999955892563,0.13106900453567505,853059,0.13704000413417816,0.13584600389003754
2022-05-25 00:00:00,0.1314699947834015,0.12899300456047058,0.1314699947834015,798547,0.13342499732971191,0.13110999763011932
2022-05-26 00:00:00,0.12462200224399567,0.12200500071048737,0.12462200224399567,952207,0.1340560019016266,0.13147099316120148
2022-05-27 00:00:00,0.12197600305080414,0.12059900164604187,0.12197600305080414,638717,0.12471900135278702,0.12463899701833725
2022-05-28 00:00:00,0.12159200012683868,0.1193699985742569,0.12159200012683868,661965,0.12579099833965302,0.12277700006961823
2022-05-29 00:00:00,0.12421900033950806,0.12114699929952621,0.12421900033950806,818215,0.12472700327634811,0.12133099883794785
2022-05-30 00:00:00,0.1336439996957779,0.1233230009675026,0.1336439996957779,785684,0.13393400609493256,0.12422800064086914
2022-05-31 00:00:00,0.13236400485038757,0.13110500574111938,0.13236400485038757,784668,0.13416500389575958,0.13363899290561676
2022-06-01 00:00:00,0.12785600125789642,0.12633800506591797,0.12785600125789642,717965,0.1328269988298416,0.13236400485038757
2022-06-02 00:00:00,0.12785999476909637,0.12631499767303467,0.12785999476909637,676252,0.1289069950580597,0.127593994140625
2022-06-03 00:00:00,0.1219009980559349,0.12148900330066681,0.1219009980559349,589451,0.12976300716400146,0.12785500288009644
2022-06-04 00:00:00,0.12305600196123123,0.11839000135660172,0.12305600196123123,472799,0.12394099682569504,0.12190300226211548
2022-06-05 00:00:00,0.12342900037765503,0.11874700337648392,0.12342900037765503,415738,0.1499900072813034,0.12305399775505066
2022-06-06 00:00:00,0.12344200164079666,0.12125799804925919,0.12344200164079666,319367,0.12606999278068542,0.12342700362205505
2022-06-07 00:00:00,0.12001699954271317,0.11578500270843506,0.12001699954271317,482406,0.12422200292348862,0.12279599905014038
2022-06-08 00:00:00,0.11641000211238861,0.11591000109910965,0.11641000211238861,351631,0.12031400203704834,0.12001500278711319
2022-06-09 00:00:00,0.11315000057220459,0.11156299710273743,0.11315000057220459,279874,0.11699000000953674,0.1165969967842102
2022-06-10 00:00:00,0.1054840013384819,0.10367999970912933,0.1054840013384819,547031,0.11328600347042084,0.11314599961042404
2022-06-11 00:00:00,0.09981899708509445,0.09587500244379044,0.09981899708509445,572552,0.10767599940299988,0.10513599961996078
2022-06-12 00:00:00,0.09234599769115448,0.09170500189065933,0.09234599769115448,552277,0.09983599931001663,0.09982100129127502
2022-06-13 00:00:00,0.07507999986410141,0.07397200167179108,0.07507999986410141,886779,0.09266699850559235,0.09234999865293503
2022-06-14 00:00:00,0.07701999694108963,0.0706230029463768,0.07701999694108963,543177,0.07871399819850922,0.07505600154399872
2022-06-15 00:00:00,0.08911000192165375,0.07234500348567963,0.08911000192165375,743707,0.08966899663209915,0.07699300348758698
2022-06-16 00:00:00,0.08084800094366074,0.08050400018692017,0.08084800094366074,472305,0.09138800203800201,0.08911100029945374
2022-06-17 00:00:00,0.08435600250959396,0.08011399954557419,0.08435600250959396,425123,0.08709300309419632,0.08084999769926071
2022-06-18 00:00:00,0.0808510035276413,0.07686500251293182,0.0808510035276413,410007,0.08625800162553787,0.08435399830341339
2022-06-19 00:00:00,0.08555100113153458,0.07714200019836426,0.08555100113153458,431528,0.08678799867630005,0.08081600069999695
2022-06-20 00:00:00,0.08569099754095078,0.08240900188684464,0.08569099754095078,351288,0.08794300258159637,0.08511099964380264
2022-06-21 00:00:00,0.08538299798965454,0.08414000272750854,0.08538299798965454,428487,0.08897499740123749,0.08569099754095078
2022-06-22 00:00:00,0.07801999896764755,0.07756700366735458,0.07801999896764755,439252,0.08629299700260162,0.08577600121498108
2022-06-23 00:00:00,0.08307799696922302,0.07760799676179886,0.08307799696922302,323834,0.08307799696922302,0.07811199873685837
2022-06-24 00:00:00,0.08622799813747406,0.08273100107908249,0.08622799813747406,467992,0.08736900240182877,0.08307400345802307
2022-06-25 00:00:00,0.08785899728536606,0.08480200171470642,0.08785899728536606,430307,0.08786600083112717,0.0864420011639595
2022-06-26 00:00:00,0.0850830003619194,0.08453600108623505,0.0850830003619194,475974,0.08871299773454666,0.08785799890756607
2022-06-27 00:00:00,0.08343499898910522,0.0819149985909462,0.08343499898910522,392564,0.08610700070858002,0.08530999720096588
2022-06-28 00:00:00,0.08098600059747696,0.08038999885320663,0.08098600059747696,375215,0.08347900211811066,0.08343499898910522
2022-06-29 00:00:00,0.08017700165510178,0.07703900337219238,0.08017700165510178,622150,0.08198100328445435,0.08098699897527695
2022-06-30 00:00:00,0.09611199796199799,0.07552800327539444,0.09611199796199799,5113492,0.1060200035572052,0.08017700165510178
2022-07-01 00:00:00,0.08094500005245209,0.07957000285387039,0.08094500005245209,1678757,0.09617599844932556,0.09589599817991257
2022-07-02 00:00:00,0.07979100197553635,0.07784800231456757,0.07979100197553635,479553,0.08134099841117859,0.08097700029611588
2022-07-03 00:00:00,0.08381099998950958,0.07841300219297409,0.08381099998950958,879318,0.08632999658584595,0.0798799991607666
2022-07-04 00:00:00,0.08627899736166,0.08005400002002716,0.08627899736166,547758,0.08650700002908707,0.08381199836730957
2022-07-05 00:00:00,0.08527199923992157,0.08292099833488464,0.08527199923992157,411119,0.08936499804258347,0.08631599694490433
2022-07-06 00:00:00,0.08590299636125565,0.08348900079727173,0.08590299636125565,537475,0.08673799782991409,0.08533299714326859
2022-07-07 00:00:00,0.08912499994039536,0.08438699692487717,0.08912499994039536,529796,0.09110700339078903,0.08590099960565567
2022-07-08 00:00:00,0.10303299874067307,0.0888260006904602,0.10303299874067307,3975663,0.10849499702453613,0.0889040008187294
2022-07-09 00:00:00,0.10098599642515182,0.09998100250959396,0.10098599642515182,5220667,0.12172900140285492,0.10379999876022339
2022-07-10 00:00:00,0.09881799668073654,0.09682600200176239,0.09881799668073654,852221,0.10265500098466873,0.10118799656629562
2022-07-11 00:00:00,0.09404300153255463,0.09380099922418594,0.09404300153255463,508267,0.0991550013422966,0.0991550013422966
2022-07-12 00:00:00,0.09326300024986267,0.09012100100517273,0.09326300024986267,606602,0.09567300230264664,0.09404399991035461
2022-07-13 00:00:00,0.09896799921989441,0.09189800173044205,0.09896799921989441,833675,0.09923800081014633,0.09326399862766266
2022-07-14 00:00:00,0.10042399913072586,0.09604000300168991,0.10042399913072586,496910,0.10228700190782547,0.09911700338125229
2022-07-15 00:00:00,0.10255199670791626,0.09883199632167816,0.10255199670791626,569088,0.10405100136995316,0.10042300075292587
2022-07-16 00:00:00,0.10549599677324295,0.09709200263023376,0.10549599677324295,562237,0.10573100298643112,0.10256899893283844
2022-07-17 00:00:00,0.10437099635601044,0.10320200026035309,0.10437099635601044,457625,0.10654100030660629,0.1057479977607727
2022-07-18 00:00:00,0.11491099745035172,0.10402300208806992,0.11491099745035172,1194687,0.12046899646520615,0.10434599965810776
2022-07-19 00:00:00,0.12631799280643463,0.11329600214958191,0.12631799280643463,1156325,0.12685400247573853,0.11488199979066849
2022-07-20 00:00:00,0.12429100275039673,0.12418600171804428,0.12429100275039673,1072684,0.1344580054283142,0.12626400589942932
2022-07-21 00:00:00,0.12616899609565735,0.12020999938249588,0.12616899609565735,718455,0.12666699290275574,0.12422099709510803
2022-07-22 00:00:00,0.12160699814558029,0.12122400104999542,0.12160699814558029,705396,0.12707799673080444,0.1262190043926239
2022-07-23 00:00:00,0.11993499845266342,0.11865700036287308,0.11993499845266342,609776,0.12348099797964096,0.1216370016336441
2022-07-24 00:00:00,0.12341000139713287,0.119828000664711,0.12341000139713287,462295,0.12425900250673294,0.12005099654197693
2022-07-25 00:00:00,0.11913499981164932,0.11795199662446976,0.11913499981164932,644003,0.12431400269269943,0.12347900122404099
2022-07-26 00:00:00,0.11347299814224243,0.11098500341176987,0.11347299814224243,649077,0.11914099752902985,0.11913300305604935
2022-07-27 00:00:00,0.12094999849796295,0.11132799834012985,0.12094999849796295,522501,0.12486200034618378,0.11347299814224243
2022-07-28 00:00:00,0.12487500160932541,0.11903700232505798,0.12487500160932541,838492,0.12571799755096436,0.12117599695920944
2022-07-29 00:00:00,0.13822899758815765,0.12464799731969833,0.13822899758815765,2564636,0.14656400680541992,0.1249070018529892
2022-07-30 00:00:00,0.1391189992427826,0.13535499572753906,0.1391189992427826,1088926,0.1445620059967041,0.13822400569915771
2022-07-31 00:00:00,0.1361989974975586,0.13573899865150452,0.1361989974975586,737175,0.14188000559806824,0.1390649974346161
2022-08-01 00:00:00,0.13221800327301025,0.13145899772644043,0.13221800327301025,719271,0.13669900596141815,0.1361120045185089
2022-08-02 00:00:00,0.13034400343894958,0.12695400416851044,0.13034400343894958,644338,0.13300099968910217,0.1325560063123703
2022-08-03 00:00:00,0.13322299718856812,0.12609699368476868,0.13322299718856812,496215,0.13500499725341797,0.13018999993801117
2022-08-04 00:00:00,0.13709700107574463,0.1326719969511032,0.13709700107574463,514533,0.1402920037508011,0.1331689953804016
2022-08-05 00:00:00,0.13978800177574158,0.1359490007162094,0.13978800177574158,444940,0.14382100105285645,0.13709600269794464
2022-08-06 00:00:00,0.14204399287700653,0.13983799517154694,0.14204399287700653,598861,0.1449420005083084,0.1398719996213913
2022-08-07 00:00:00,0.13937099277973175,0.136912003159523,0.13937099277973175,735174,0.1427759975194931,0.14204199612140656
2022-08-08 00:00:00,0.14523500204086304,0.13823699951171875,0.14523500204086304,636460,0.14790600538253784,0.13937200605869293
2022-08-09 00:00:00,0.1408890038728714,0.13947899639606476,0.1408890038728714,783621,0.14642900228500366,0.14533300697803497
2022-08-10 00:00:00,0.15383200347423553,0.14026600122451782,0.15383200347423553,863265,0.15423400700092316,0.1410979926586151
2022-08-11 00:00:00,0.1641400009393692,0.15281100571155548,0.1641400009393692,3372299,0.18387900292873383,0.15281100571155548
2022-08-12 00:00:00,0.18521299958229065,0.16215300559997559,0.18521299958229065,3009958,0.19599199295043945,0.16406799852848053
2022-08-13 00:00:00,0.18285399675369263,0.18154700100421906,0.18285399675369263,1336840,0.19426099956035614,0.18554799258708954
2022-08-14 00:00:00,0.17897799611091614,0.1777469962835312,0.17897799611091614,624366,0.18640099465847015,0.18285399675369263
2022-08-15 00:00:00,0.1757339984178543,0.17336800694465637,0.1757339984178543,601652,0.18239299952983856,0.17897599935531616
2022-08-16 00:00:00,0.1670829951763153,0.16520200669765472,0.1670829951763153,533805,0.17567600309848785,0.17567600309848785
2022-08-17 00:00:00,0.1545799970626831,0.15333199501037598,0.1545799970626831,781478,0.1704930067062378,0.1670829951763153
2022-08-18 00:00:00,0.15451699495315552,0.1539739966392517,0.15451699495315552,438412,0.1591539978981018,0.1545799970626831
2022-08-19 00:00:00,0.13811799883842468,0.13303999602794647,0.13811799883842468,1141250,0.15451499819755554,0.15451499819755554
2022-08-20 00:00:00,0.16715100407600403,0.13753600418567657,0.16715100407600403,11521482,0.21743999421596527,0.13783100247383118
2022-08-21 00:00:00,0.20287799835205078,0.16166000068187714,0.20287799835205078,3749820,0.20287799835205078,0.16712899506092072
2022-08-22 00:00:00,0.17239899933338165,0.16685399413108826,0.17239899933338165,5744703,0.20659500360488892,0.2029999941587448
2022-08-23 00:00:00,0.18117399513721466,0.16339899599552155,0.18117399513721466,2003263,0.18117399513721466,0.1713699996471405
2022-08-24 00:00:00,0.17553000152111053,0.17336200177669525,0.17553000152111053,3913346,0.19903799891471863,0.18046900629997253
2022-08-25 00:00:00,0.1798660010099411,0.1758510023355484,0.1798660010099411,691885,0.18067599833011627,0.1758510023355484
2022-08-26 00:00:00,0.1617950052022934,0.16076800227165222,0.1617950052022934,1188127,0.18081900477409363,0.17969399690628052
2022-08-27 00:00:00,0.1600240021944046,0.15579499304294586,0.1600240021944046,630172,0.16344299912452698,0.16187399625778198
2022-08-28 00:00:00,0.15740899741649628,0.15740899741649628,0.15740899741649628,473749,0.1640550047159195,0.1600240021944046
2022-08-29 00:00:00,0.16126500070095062,0.15088799595832825,0.16126500070095062,740180,0.16162900626659393,0.15742099285125732
2022-08-30 00:00:00,0.15209800004959106,0.15063999593257904,0.15209800004959106,897424,0.1617330014705658,0.16134600341320038
2022-08-31 00:00:00,0.1503179967403412,0.15014299750328064,0.1503179967403412,918394,0.16240599751472473,0.1520960032939911
2022-09-01 00:00:00,0.14326299726963043,0.14169800281524658,0.14326299726963043,2893736,0.1513489931821823,0.15020400285720825
2022-09-02 00:00:00,0.14739400148391724,0.14203399419784546,0.14739400148391724,1620966,0.15189899504184723,0.14363500475883484
2022-09-03 00:00:00,0.14003300666809082,0.14003300666809082,0.14003300666809082,1328571,0.14902999997138977,0.14736999571323395
2022-09-04 00:00:00,0.14367100596427917,0.1400260031223297,0.14367100596427917,1367228,0.14474299550056458,0.1401830017566681
2022-09-05 00:00:00,0.14579899609088898,0.1395689994096756,0.14579899609088898,1704354,0.14910000562667847,0.14361000061035156
2022-09-06 00:00:00,0.14259900152683258,0.14243699610233307,0.14259900152683258,1833369,0.15436199307441711,0.14571300148963928
2022-09-07 00:00:00,0.14232100546360016,0.13944600522518158,0.14232100546360016,1411714,0.14432300627231598,0.142303004860878
2022-09-08 00:00:00,0.1508689969778061,0.1416579931974411,0.1508689969778061,1515048,0.15217700600624084,0.14230400323867798
2022-09-09 00:00:00,0.1576170027256012,0.14603200554847717,0.1576170027256012,7215241,0.15972700715065002,0.1510010063648224
2022-09-10 00:00:00,0.15695999562740326,0.1518470048904419,0.15695999562740326,7509532,0.1591619998216629,0.1576090008020401
2022-09-11 00:00:00,0.1568319946527481,0.1531679928302765,0.1568319946527481,1739450,0.15988300740718842,0.15699699521064758
2022-09-12 00:00:00,0.15257200598716736,0.15145699679851532,0.15257200598716736,1535336,0.1575710028409958,0.15685099363327026
2022-09-13 00:00:00,0.14755600690841675,0.1449809968471527,0.14755600690841675,1724837,0.15409499406814575,0.15264099836349487
2022-09-14 00:00:00,0.14113600552082062,0.13816800713539124,0.14113600552082062,1586868,0.15397100150585175,0.1479550004005432
2022-09-15 00:00:00,0.13186000287532806,0.12968400120735168,0.13186000287532806,1471506,0.14582699537277222,0.14113399386405945
2022-09-16 00:00:00,0.13689599931240082,0.1311350017786026,0.13689599931240082,1508888,0.1456100046634674,0.13186900317668915
2022-09-17 00:00:00,0.1387300044298172,0.1368200033903122,0.1387300044298172,1262541,0.14165200293064117,0.13695700466632843
2022-09-18 00:00:00,0.13105900585651398,0.13081400096416473,0.13105900585651398,1504519,0.14064300060272217,0.1388159990310669
2022-09-19 00:00:00,0.13059499859809875,0.12560200691223145,0.13059499859809875,1512346,0.13218100368976593,0.1310579925775528
2022-09-20 00:00:00,0.12997600436210632,0.12933799624443054,0.12997600436210632,1365061,0.13274599611759186,0.13059499859809875
2022-09-21 00:00:00,0.12559199333190918,0.12370000034570694,0.12559199333190918,1313329,0.1300020068883896,0.1300020068883896
2022-09-22 00:00:00,0.13540400564670563,0.12217800319194794,0.13540400564670563,1448294,0.135793998837471,0.12552900612354279
2022-09-23 00:00:00,0.1296290010213852,0.12924900650978088,0.1296290010213852,7361139,0.1370840072631836,0.13535000383853912
2022-09-24 00:00:00,0.13468000292778015,0.1296200007200241,0.13468000292778015,6386844,0.15160199999809265,0.1296200007200241
2022-09-25 00:00:00,0.13647399842739105,0.12966999411582947,0.13647399842739105,4033293,0.14098699390888214,0.13467200100421906
2022-09-26 00:00:00,0.13046300411224365,0.1288509964942932,0.13046300411224365,2266945,0.13647399842739105,0.13647399842739105
2022-09-27 00:00:00,0.1308089941740036,0.12974099814891815,0.1308089941740036,2144245,0.13555699586868286,0.13045300543308258
2022-09-28 08:57:00,0.12874944508075714,0.12825721502304077,0.12874944508075714,2181570,0.1321260780096054,0.13075025379657745
