timestamp,adjclose,volume,high,open,close,low
2021-07-26 00:00:00,0.24642300605773926,13370639,0.2712419927120209,0.2265550047159195,0.24642300605773926,0.13198600709438324
2021-07-27 00:00:00,0.5501559972763062,54710483,0.6394709944725037,0.2463189959526062,0.5501559972763062,0.194022998213768
2021-07-28 00:00:00,0.8790850043296814,99422702,1.2745039463043213,0.5476089715957642,0.8790850043296814,0.5476089715957642
2021-07-29 00:00:00,0.5259640216827393,73901143,0.967752993106842,0.8819490075111389,0.5259640216827393,0.5019980072975159
2021-07-30 00:00:00,0.4510599970817566,34011736,0.546343982219696,0.525924026966095,0.4510599970817566,0.34074100852012634
2021-07-31 00:00:00,0.4370039999485016,22387422,0.5446550250053406,0.45227599143981934,0.4370039999485016,0.3868269920349121
2021-08-01 00:00:00,0.3478510081768036,11345788,0.441897988319397,0.4406209886074066,0.3478510081768036,0.3427729904651642
2021-08-02 00:00:00,0.2703169882297516,10374336,0.35430899262428284,0.3446039855480194,0.2703169882297516,0.24734899401664734
2021-08-03 00:00:00,0.248990997672081,10519681,0.3007889986038208,0.27045199275016785,0.248990997672081,0.2239149957895279
2021-08-04 00:00:00,0.3833009898662567,10565581,0.42999500036239624,0.24877500534057617,0.3833009898662567,0.23575200140476227
2021-08-05 00:00:00,0.35291600227355957,10183535,0.42344099283218384,0.3836610019207001,0.35291600227355957,0.31019699573516846
2021-08-06 00:00:00,0.2902829945087433,6276516,0.3530380129814148,0.3527820110321045,0.2902829945087433,0.2883070111274719
2021-08-07 00:00:00,0.2702319920063019,3641098,0.30329498648643494,0.29024699330329895,0.2702319920063019,0.2702319920063019
2021-08-08 00:00:00,0.2622990012168884,2695822,0.2883319854736328,0.270018994808197,0.2622990012168884,0.26181700825691223
2021-08-09 00:00:00,0.27601099014282227,3099209,0.3057740032672882,0.26442399621009827,0.27601099014282227,0.2432059943675995
2021-08-10 00:00:00,0.2891870141029358,3542819,0.3295910060405731,0.2761090099811554,0.2891870141029358,0.26975399255752563
2021-08-11 00:00:00,0.3253589868545532,4428263,0.34841999411582947,0.28923898935317993,0.3253589868545532,0.28840601444244385
2021-08-12 00:00:00,0.3074989914894104,3939499,0.3502109944820404,0.32659798860549927,0.3074989914894104,0.30129098892211914
2021-08-13 00:00:00,0.31835800409317017,3270170,0.3332670032978058,0.3074530065059662,0.31835800409317017,0.2996140122413635
2021-08-14 00:00:00,0.41058701276779175,6178335,0.45311498641967773,0.31942299008369446,0.41058701276779175,0.31700599193573
2021-08-15 00:00:00,0.4563930034637451,7766361,0.5090759992599487,0.40912699699401855,0.4563930034637451,0.3723529875278473
2021-08-16 00:00:00,0.4351229965686798,7354767,0.5051100254058838,0.45629099011421204,0.4351229965686798,0.3986639976501465
2021-08-17 00:00:00,0.34998801350593567,6586373,0.4355660080909729,0.4350999891757965,0.34998801350593567,0.3474990129470825
2021-08-18 00:00:00,0.31823399662971497,4629567,0.3506230115890503,0.35036998987197876,0.31823399662971497,0.302278995513916
2021-08-19 00:00:00,0.3546310067176819,3678981,0.3737959861755371,0.3176429867744446,0.3546310067176819,0.2993279993534088
2021-08-20 00:00:00,0.3882899880409241,4405748,0.4258280098438263,0.35617899894714355,0.3882899880409241,0.3543660044670105
2021-08-21 00:00:00,0.42504701018333435,6880487,0.4907200038433075,0.3883419930934906,0.42504701018333435,0.34537699818611145
2021-08-22 00:00:00,0.39637699723243713,6579280,0.4443869888782501,0.42126399278640747,0.39637699723243713,0.3729439973831177
2021-08-23 00:00:00,0.38104501366615295,4847306,0.408951997756958,0.3963949978351593,0.38104501366615295,0.375324010848999
2021-08-24 00:00:00,0.33553099632263184,4309341,0.3826810121536255,0.3810569941997528,0.33553099632263184,0.33290499448776245
2021-08-25 00:00:00,0.4168049991130829,7558543,0.46281200647354126,0.33548399806022644,0.4168049991130829,0.3307519853115082
2021-08-26 00:00:00,0.38708600401878357,13655476,0.5294319987297058,0.4167979955673218,0.38708600401878357,0.3827179968357086
2021-08-27 00:00:00,0.37725600600242615,11361194,0.42829498648643494,0.38532400131225586,0.37725600600242615,0.36267799139022827
2021-08-28 00:00:00,0.38748300075531006,5735248,0.39313000440597534,0.37744399905204773,0.38748300075531006,0.36520901322364807
2021-08-29 00:00:00,0.39051300287246704,6482919,0.4288170039653778,0.38765498995780945,0.39051300287246704,0.3853360116481781
2021-08-30 00:00:00,0.37957900762557983,6021802,0.4060010015964508,0.3901599943637848,0.37957900762557983,0.36873000860214233
2021-08-31 00:00:00,0.37206000089645386,4799498,0.3975580036640167,0.3793410062789917,0.37206000089645386,0.35986799001693726
2021-09-01 00:00:00,0.3603630065917969,4519611,0.3789620101451874,0.3720029890537262,0.3603630065917969,0.346792995929718
2021-09-02 00:00:00,0.3407059907913208,3320514,0.3632749915122986,0.36044299602508545,0.3407059907913208,0.3361530005931854
2021-09-03 00:00:00,0.34727999567985535,4010174,0.38114699721336365,0.34061399102211,0.34727999567985535,0.3368479907512665
2021-09-04 00:00:00,0.3534879982471466,5521275,0.39385199546813965,0.34703800082206726,0.3534879982471466,0.3443030118942261
2021-09-05 00:00:00,0.3722350001335144,5582335,0.42156800627708435,0.3535659909248352,0.3722350001335144,0.3485510051250458
2021-09-06 00:00:00,0.3442220091819763,4892046,0.37644699215888977,0.3723219931125641,0.3442220091819763,0.32222801446914673
2021-09-07 00:00:00,0.2765269875526428,3855381,0.34595000743865967,0.34435999393463135,0.2765269875526428,0.2661699950695038
2021-09-08 00:00:00,0.2695690095424652,4131755,0.2876279950141907,0.276638001203537,0.2695690095424652,0.23808400332927704
2021-09-09 00:00:00,0.26895201206207275,3271623,0.2795470058917999,0.2705709934234619,0.26895201206207275,0.2627269923686981
2021-09-10 00:00:00,0.24317100644111633,2017798,0.27633899450302124,0.26892998814582825,0.24317100644111633,0.23836399614810944
2021-09-11 00:00:00,0.24091799557209015,1983118,0.250993013381958,0.243244007229805,0.24091799557209015,0.2309200018644333
2021-09-12 00:00:00,0.24999399483203888,1659594,0.2516869902610779,0.24098500609397888,0.24999399483203888,0.23177999258041382
2021-09-13 00:00:00,0.23149199783802032,1580354,0.25788000226020813,0.25001299381256104,0.23149199783802032,0.2256450057029724
2021-09-14 00:00:00,0.22489599883556366,1933804,0.235494002699852,0.23145000636577606,0.22489599883556366,0.2142000049352646
2021-09-15 00:00:00,0.22540199756622314,1565362,0.23017999529838562,0.2245039939880371,0.22540199756622314,0.21684999763965607
2021-09-16 00:00:00,0.24638700485229492,1669015,0.24783000349998474,0.22546200454235077,0.24638700485229492,0.2227800041437149
2021-09-17 00:00:00,0.2594060003757477,2998553,0.2870140075683594,0.24635499715805054,0.2594060003757477,0.2435390055179596
2021-09-18 00:00:00,0.29662400484085083,3820686,0.3080430030822754,0.25930100679397583,0.29662400484085083,0.25829899311065674
2021-09-19 00:00:00,0.2690649926662445,2720862,0.29732099175453186,0.2966429889202118,0.2690649926662445,0.26795899868011475
2021-09-20 00:00:00,0.22343599796295166,1807886,0.26934701204299927,0.2683880031108856,0.22343599796295166,0.22293199598789215
2021-09-21 00:00:00,0.22628599405288696,2534932,0.25215500593185425,0.22320300340652466,0.22628599405288696,0.21447700262069702
2021-09-22 00:00:00,0.279574990272522,3461129,0.2795889973640442,0.22621600329875946,0.279574990272522,0.22322000563144684
2021-09-23 00:00:00,0.2908580005168915,3657468,0.2920910120010376,0.2796750068664551,0.2908580005168915,0.2529889941215515
2021-09-24 00:00:00,0.36157000064849854,5427156,0.36886799335479736,0.2907640039920807,0.36157000064849854,0.2491610050201416
2021-09-25 00:00:00,0.3247309923171997,5909757,0.36234501004219055,0.3614310026168823,0.3247309923171997,0.3129900097846985
2021-09-26 00:00:00,0.33892399072647095,5069067,0.3595069944858551,0.3245840072631836,0.33892399072647095,0.2998430132865906
2021-09-27 00:00:00,0.3651379942893982,8771485,0.4520159959793091,0.3388569951057434,0.3651379942893982,0.3371790051460266
2021-09-28 00:00:00,0.3638730049133301,9077866,0.39399299025535583,0.36522001028060913,0.3638730049133301,0.35100099444389343
2021-09-29 00:00:00,0.48561298847198486,14443759,0.5245699882507324,0.3635860085487366,0.48561298847198486,0.3556939959526062
2021-09-30 00:00:00,0.5757780075073242,21647288,0.6352220177650452,0.4854159951210022,0.5757780075073242,0.4790619909763336
2021-10-01 00:00:00,0.5885170102119446,15055514,0.6451380252838135,0.5759099721908569,0.5885170102119446,0.5328279733657837
2021-10-02 00:00:00,0.5762010216712952,7960315,0.6385260224342346,0.5886729955673218,0.5762010216712952,0.5747860074043274
2021-10-03 00:00:00,0.5309939980506897,4854683,0.5983049869537354,0.5764819979667664,0.5309939980506897,0.5178200006484985
2021-10-04 00:00:00,0.5317749977111816,4456730,0.5705879926681519,0.5308690071105957,0.5317749977111816,0.5295259952545166
2021-10-05 00:00:00,0.580269992351532,4814707,0.5834140181541443,0.5317630171775818,0.580269992351532,0.5071759819984436
2021-10-06 00:00:00,0.5844759941101074,7359046,0.6471899747848511,0.5801990032196045,0.5844759941101074,0.5733090043067932
2021-10-07 00:00:00,0.6175550222396851,7964879,0.6401609778404236,0.5846359729766846,0.6175550222396851,0.5684549808502197
2021-10-08 00:00:00,0.5963500142097473,5280465,0.6212030053138733,0.6176199913024902,0.5963500142097473,0.5776749849319458
2021-10-09 00:00:00,0.6701430082321167,6100172,0.7012490034103394,0.5964530110359192,0.6701430082321167,0.5803620219230652
2021-10-10 00:00:00,0.8448470234870911,15931925,1.009119987487793,0.6700980067253113,0.8448470234870911,0.6672850251197815
2021-10-11 00:00:00,0.8692749738693237,15562630,0.9127429723739624,0.8435180187225342,0.8692749738693237,0.7957800030708313
2021-10-12 00:00:00,0.8099210262298584,8332236,0.8698819875717163,0.8684200048446655,0.8099210262298584,0.730239987373352
2021-10-13 00:00:00,0.863116979598999,7971120,0.915457010269165,0.8107410073280334,0.863116979598999,0.8016219735145569
2021-10-14 00:00:00,0.890192985534668,7090747,0.9104970097541809,0.8635389804840088,0.890192985534668,0.8502050042152405
2021-10-15 00:00:00,0.8618130087852478,8194674,0.9331849813461304,0.8905349969863892,0.8618130087852478,0.8381040096282959
2021-10-16 00:00:00,0.8047279715538025,7362497,0.869983971118927,0.8614649772644043,0.8047279715538025,0.7755889892578125
2021-10-17 00:00:00,0.8373780250549316,5927895,0.8373780250549316,0.8040900230407715,0.8373780250549316,0.769195020198822
2021-10-18 00:00:00,0.8410159945487976,9472840,0.9420530200004578,0.8373029828071594,0.8410159945487976,0.7701299786567688
2021-10-19 00:00:00,0.7335590124130249,9244531,0.8600749969482422,0.8413820266723633,0.7335590124130249,0.7222449779510498
2021-10-20 00:00:00,0.7608259916305542,6014741,0.7798879742622375,0.7338399887084961,0.7608259916305542,0.7055259943008423
2021-10-21 00:00:00,0.6735789775848389,5579331,0.7734490036964417,0.7614290118217468,0.6735789775848389,0.6623520255088806
2021-10-22 00:00:00,0.6352570056915283,5607544,0.7177069783210754,0.6734499931335449,0.6352570056915283,0.6188600063323975
2021-10-23 00:00:00,0.5957310199737549,6279464,0.6397879719734192,0.635254979133606,0.5957310199737549,0.5642529726028442
2021-10-24 00:00:00,0.5918490290641785,5411880,0.6370919942855835,0.5956130027770996,0.5918490290641785,0.5832139849662781
2021-10-25 00:00:00,0.5780429840087891,4395697,0.5955110192298889,0.5916609764099121,0.5780429840087891,0.5573430061340332
2021-10-26 00:00:00,0.5140039920806885,6529013,0.5892890095710754,0.5779920220375061,0.5140039920806885,0.5116199851036072
2021-10-27 00:00:00,0.49744001030921936,8340769,0.5595329999923706,0.5137940049171448,0.49744001030921936,0.4676930010318756
2021-10-28 00:00:00,0.5917689800262451,9167601,0.5974199771881104,0.49745801091194153,0.5917689800262451,0.49025899171829224
2021-10-29 00:00:00,0.5617259740829468,6861144,0.5966089963912964,0.5917840003967285,0.5617259740829468,0.5406389832496643
2021-10-30 00:00:00,0.5144109725952148,6700925,0.5710399746894836,0.5619860291481018,0.5144109725952148,0.5080779790878296
2021-10-31 00:00:00,0.47450101375579834,7998675,0.5211510062217712,0.5145859718322754,0.47450101375579834,0.43647700548171997
2021-11-01 00:00:00,0.5977140069007874,9985846,0.6022480130195618,0.4745689928531647,0.5977140069007874,0.4624600112438202
2021-11-02 00:00:00,0.5729280114173889,9848626,0.6440529823303223,0.5977820158004761,0.5729280114173889,0.5724610090255737
2021-11-03 00:00:00,0.5876209735870361,7366858,0.5981950163841248,0.572704017162323,0.5876209735870361,0.5504199862480164
2021-11-04 00:00:00,0.6088759899139404,8457298,0.6768249869346619,0.587863028049469,0.6088759899139404,0.5845370292663574
2021-11-05 00:00:00,0.5657560229301453,7057974,0.633433997631073,0.6084409952163696,0.5657560229301453,0.5624790191650391
2021-11-06 00:00:00,0.5243949890136719,4921911,0.5773940086364746,0.5661200284957886,0.5243949890136719,0.49960899353027344
2021-11-07 00:00:00,0.5439260005950928,5303561,0.5546290278434753,0.5244460105895996,0.5439260005950928,0.5114449858665466
2021-11-08 00:00:00,0.549219012260437,6941120,0.5867210030555725,0.5439019799232483,0.549219012260437,0.52947998046875
2021-11-09 00:00:00,0.51180100440979,6635019,0.5611559748649597,0.5485290288925171,0.51180100440979,0.5044509768486023
2021-11-10 00:00:00,0.48831701278686523,4812109,0.5369279980659485,0.5110710263252258,0.48831701278686523,0.47745800018310547
2021-11-11 00:00:00,0.5018749833106995,3615894,0.5066400170326233,0.48877501487731934,0.5018749833106995,0.47542399168014526
2021-11-12 00:00:00,0.4740779995918274,2969721,0.502515971660614,0.49588799476623535,0.4740779995918274,0.4617759883403778
2021-11-13 00:00:00,0.47883400321006775,3222777,0.500773012638092,0.47459301352500916,0.47883400321006775,0.4662820100784302
2021-11-14 00:00:00,0.49444299936294556,2808755,0.5065580010414124,0.4792279899120331,0.49444299936294556,0.47061699628829956
2021-11-15 00:00:00,0.46177899837493896,3066220,0.5160009860992432,0.494376003742218,0.46177899837493896,0.4518379867076874
2021-11-16 00:00:00,0.4410249888896942,3428077,0.4665850102901459,0.4613629877567291,0.4410249888896942,0.4278239905834198
2021-11-17 00:00:00,0.42695900797843933,2788764,0.4414930045604706,0.4406990110874176,0.42695900797843933,0.4132080078125
2021-11-18 00:00:00,0.37841200828552246,2637808,0.4340769946575165,0.4279150068759918,0.37841200828552246,0.37412700057029724
2021-11-19 00:00:00,0.41383400559425354,2705208,0.42941001057624817,0.37934601306915283,0.41383400559425354,0.37851598858833313
2021-11-20 00:00:00,0.4593380093574524,3329141,0.4599960148334503,0.41402000188827515,0.4593380093574524,0.41079699993133545
2021-11-21 00:00:00,0.5026969909667969,5145100,0.5169069766998291,0.4592429995536804,0.5026969909667969,0.44488099217414856
2021-11-22 00:00:00,0.4258269965648651,4886769,0.5046690106391907,0.5028640031814575,0.4258269965648651,0.4215810000896454
2021-11-23 00:00:00,0.4426240026950836,4286752,0.48354700207710266,0.42591801285743713,0.4426240026950836,0.42399799823760986
2021-11-24 00:00:00,0.45181000232696533,2628397,0.46095898747444153,0.4425100088119507,0.45181000232696533,0.4409889876842499
2021-11-25 00:00:00,0.4888319969177246,2836774,0.5496810078620911,0.4550260007381439,0.4888319969177246,0.45044100284576416
2021-11-26 00:00:00,0.4569709897041321,7345973,0.5515130162239075,0.5197510123252869,0.4569709897041321,0.44569700956344604
2021-11-27 00:00:00,0.444581001996994,3884192,0.47400200366973877,0.45669499039649963,0.444581001996994,0.4413740038871765
2021-11-28 00:00:00,0.41761699318885803,3388450,0.45365700125694275,0.4446119964122772,0.41761699318885803,0.3983519971370697
2021-11-29 00:00:00,0.4671249985694885,4498543,0.48293501138687134,0.4172250032424927,0.4671249985694885,0.41721999645233154
2021-11-30 00:00:00,0.4073669910430908,4670936,0.4797140061855316,0.46710100769996643,0.4073669910430908,0.40535101294517517
2021-12-01 00:00:00,0.39533498883247375,4929572,0.4200949966907501,0.4069800078868866,0.39533498883247375,0.3903160095214844
2021-12-02 00:00:00,0.41718798875808716,7462777,0.459538996219635,0.3949260115623474,0.41718798875808716,0.3886449933052063
2021-12-03 00:00:00,0.3920300006866455,6254945,0.4250369966030121,0.4170700013637543,0.3920300006866455,0.3888840079307556
2021-12-04 00:00:00,0.34933599829673767,3571948,0.39728400111198425,0.39211300015449524,0.34933599829673767,0.3325349986553192
2021-12-05 00:00:00,0.3328379988670349,4018437,0.3608810007572174,0.3494499921798706,0.3328379988670349,0.3253589868545532
2021-12-06 00:00:00,0.3338890075683594,4976728,0.3401950001716614,0.3334070146083832,0.3338890075683594,0.30177798867225647
2021-12-07 00:00:00,0.3497749865055084,4090164,0.3566040098667145,0.33421701192855835,0.3497749865055084,0.3292959928512573
2021-12-08 00:00:00,0.38419198989868164,3908297,0.38419198989868164,0.3501740097999573,0.38419198989868164,0.34043198823928833
2021-12-09 00:00:00,0.3576219975948334,3624268,0.3968900144100189,0.3838120102882385,0.3576219975948334,0.35425201058387756
2021-12-10 00:00:00,0.33101698756217957,3181849,0.37752699851989746,0.35728999972343445,0.33101698756217957,0.3295550048351288
2021-12-11 00:00:00,0.32054299116134644,2840869,0.3346770107746124,0.33076798915863037,0.32054299116134644,0.3186269998550415
2021-12-12 00:00:00,0.3156140148639679,2357953,0.3263140022754669,0.32048600912094116,0.3156140148639679,0.30874601006507874
2021-12-13 00:00:00,0.27294299006462097,2355996,0.3171670138835907,0.3156310021877289,0.27294299006462097,0.26820600032806396
2021-12-14 00:00:00,0.2671619951725006,2679673,0.27492600679397583,0.2729269862174988,0.2671619951725006,0.25770100951194763
2021-12-15 00:00:00,0.25567901134490967,3285634,0.27587300539016724,0.2671610116958618,0.25567901134490967,0.23660999536514282
2021-12-16 00:00:00,0.2473839968442917,2924604,0.2673340141773224,0.25578200817108154,0.2473839968442917,0.2473839968442917
2021-12-17 00:00:00,0.2505750060081482,2343262,0.2568359971046448,0.2473980039358139,0.2505750060081482,0.2462559938430786
2021-12-18 00:00:00,0.2511189877986908,2036134,0.2536509931087494,0.250575989484787,0.2511189877986908,0.24341100454330444
2021-12-19 00:00:00,0.23496699333190918,2246196,0.2563219964504242,0.25106900930404663,0.23496699333190918,0.23286199569702148
2021-12-20 00:00:00,0.23460300266742706,2679620,0.23514799773693085,0.2348880022764206,0.23460300266742706,0.21550799906253815
2021-12-21 00:00:00,0.23768599331378937,2371912,0.23801100254058838,0.23468799889087677,0.23768599331378937,0.22775399684906006
2021-12-22 00:00:00,0.2327979952096939,2167381,0.2430189996957779,0.2377219945192337,0.2327979952096939,0.2316019982099533
2021-12-23 00:00:00,0.23287199437618256,2184506,0.23491600155830383,0.23266300559043884,0.23287199437618256,0.22308599948883057
2021-12-24 00:00:00,0.2291640043258667,2053394,0.23838600516319275,0.2329079955816269,0.2291640043258667,0.22764599323272705
2021-12-25 00:00:00,0.2315790057182312,2220800,0.2334350049495697,0.2289630025625229,0.2315790057182312,0.2209240049123764
2021-12-26 00:00:00,0.22304700314998627,2325240,0.23329199850559235,0.2317339926958084,0.22304700314998627,0.2193630039691925
2021-12-27 00:00:00,0.20669400691986084,2764684,0.22529900074005127,0.2228969931602478,0.20669400691986084,0.20608900487422943
2021-12-28 00:00:00,0.1814649999141693,3093098,0.2069060057401657,0.20659799873828888,0.1814649999141693,0.17948800325393677
2021-12-29 00:00:00,0.2051219940185547,4146165,0.21095600724220276,0.1812029927968979,0.2051219940185547,0.1758130043745041
2021-12-30 00:00:00,0.2215300053358078,4980265,0.22159600257873535,0.20509099960327148,0.2215300053358078,0.2023639976978302
2021-12-31 00:00:00,0.22561800479888916,4586571,0.24135300517082214,0.22163599729537964,0.22561800479888916,0.2204820066690445
2022-01-01 00:00:00,0.22485099732875824,2931219,0.23629499971866608,0.2255910038948059,0.22485099732875824,0.2238360047340393
2022-01-02 00:00:00,0.22507399320602417,2172055,0.22905099391937256,0.22483499348163605,0.22507399320602417,0.22285699844360352
2022-01-03 00:00:00,0.21207399666309357,2173905,0.22572100162506104,0.22507399320602417,0.21207399666309357,0.21128299832344055
2022-01-04 00:00:00,0.219077005982399,2785065,0.22135600447654724,0.21209199726581573,0.219077005982399,0.20632299780845642
2022-01-05 00:00:00,0.1960279941558838,2688260,0.2212669998407364,0.21907900273799896,0.1960279941558838,0.18934200704097748
2022-01-06 00:00:00,0.18677300214767456,2536532,0.1986979991197586,0.1959879994392395,0.18677300214767456,0.1825989931821823
2022-01-07 00:00:00,0.17784999310970306,2447610,0.1868080049753189,0.18675099313259125,0.17784999310970306,0.1715569943189621
2022-01-08 00:00:00,0.16830700635910034,2450293,0.18095600605010986,0.17786699533462524,0.16830700635910034,0.16072100400924683
2022-01-09 00:00:00,0.17013800144195557,1932181,0.17350900173187256,0.16833199560642242,0.17013800144195557,0.1671070009469986
2022-01-10 00:00:00,0.1625320017337799,2232687,0.17318400740623474,0.17013999819755554,0.1625320017337799,0.1570969969034195
2022-01-11 00:00:00,0.1696999967098236,2330123,0.17266300320625305,0.16251200437545776,0.1696999967098236,0.16164599359035492
2022-01-12 00:00:00,0.17566700279712677,2597812,0.17631499469280243,0.1690780073404312,0.17566700279712677,0.16343900561332703
2022-01-13 00:00:00,0.16412000358104706,3318627,0.18134599924087524,0.17568199336528778,0.16412000358104706,0.16408999264240265
2022-01-14 00:00:00,0.15634599328041077,3872625,0.16728200018405914,0.16414999961853027,0.15634599328041077,0.13894599676132202
2022-01-15 00:00:00,0.15297099947929382,3445284,0.1617259979248047,0.15630599856376648,0.15297099947929382,0.15297099947929382
2022-01-16 00:00:00,0.14995400607585907,2665027,0.15353700518608093,0.15353700518608093,0.14995400607585907,0.14742599427700043
2022-01-17 00:00:00,0.15049099922180176,3564452,0.15334999561309814,0.1500129997730255,0.15049099922180176,0.14427800476551056
2022-01-18 00:00:00,0.14901100099086761,3223460,0.15062600374221802,0.15062600374221802,0.14901100099086761,0.14599299430847168
2022-01-19 00:00:00,0.14521700143814087,2597867,0.14935900270938873,0.1490119993686676,0.14521700143814087,0.14431099593639374
2022-01-20 00:00:00,0.13339200615882874,2602117,0.14603100717067719,0.14520099759101868,0.13339200615882874,0.13324600458145142
2022-01-21 00:00:00,0.11422199755907059,2363138,0.13367800414562225,0.13367800414562225,0.11422199755907059,0.11362499743700027
2022-01-22 00:00:00,0.1092270016670227,2924543,0.11572100222110748,0.11407700181007385,0.1092270016670227,0.1024250015616417
2022-01-23 00:00:00,0.11874700337648392,2825469,0.12022499740123749,0.109265998005867,0.11874700337648392,0.10917200148105621
2022-01-24 00:00:00,0.11703900247812271,3026918,0.11887399852275848,0.11887399852275848,0.11703900247812271,0.10490299761295319
2022-01-25 00:00:00,0.11643899977207184,2473479,0.11753799766302109,0.11690600216388702,0.11643899977207184,0.11374399811029434
2022-01-26 00:00:00,0.11535000056028366,2516100,0.12380299717187881,0.11642400175333023,0.11535000056028366,0.11384200304746628
2022-01-27 00:00:00,0.11714500188827515,3118238,0.11766500025987625,0.11534599959850311,0.11714500188827515,0.10926300287246704
2022-01-28 00:00:00,0.11959599703550339,2962650,0.12207899987697601,0.11714299768209457,0.11959599703550339,0.11563000082969666
2022-01-29 00:00:00,0.12304700165987015,3022326,0.1275629997253418,0.11959400027990341,0.12304700165987015,0.11876499652862549
2022-01-30 00:00:00,0.11500599980354309,2786059,0.12357500195503235,0.1230510026216507,0.11500599980354309,0.11409600079059601
2022-01-31 00:00:00,0.11538299918174744,2551482,0.12022499740123749,0.11500699818134308,0.11538299918174744,0.1122329980134964
2022-02-01 00:00:00,0.11717300117015839,2332859,0.11823900043964386,0.11538100242614746,0.11717300117015839,0.11506099998950958
2022-02-02 00:00:00,0.11557900160551071,2235861,0.11762399971485138,0.11717499792575836,0.11557900160551071,0.11472299695014954
2022-02-03 00:00:00,0.11394199728965759,2535803,0.1196179986000061,0.11557000130414963,0.11394199728965759,0.11155000329017639
2022-02-04 00:00:00,0.11914700269699097,2592968,0.11914700269699097,0.11396300047636032,0.11914700269699097,0.1119609996676445
2022-02-05 00:00:00,0.12220499664545059,2485744,0.12459900230169296,0.11914899945259094,0.12220499664545059,0.11821199953556061
2022-02-06 00:00:00,0.12236399948596954,2342156,0.1260250061750412,0.1222120001912117,0.12236399948596954,0.12120600044727325
2022-02-07 00:00:00,0.12628400325775146,2454482,0.12781499326229095,0.12236099690198898,0.12628400325775146,0.12232399731874466
2022-02-08 00:00:00,0.12844699621200562,2781079,0.1288129985332489,0.12628799676895142,0.12844699621200562,0.12116199731826782
2022-02-09 00:00:00,0.13895800709724426,3833064,0.1423790007829666,0.12844400107860565,0.13895800709724426,0.1280360072851181
2022-02-10 00:00:00,0.14022600650787354,3491539,0.1466280072927475,0.13896499574184418,0.14022600650787354,0.13885100185871124
2022-02-11 00:00:00,0.14052699506282806,2143889,0.1469700038433075,0.1402290016412735,0.14052699506282806,0.13829100131988525
2022-02-12 00:00:00,0.141757994890213,1859869,0.14263799786567688,0.1405239999294281,0.141757994890213,0.13630099594593048
2022-02-13 00:00:00,0.13650299608707428,1381079,0.14207099378108978,0.141758993268013,0.13650299608707428,0.1356309950351715
2022-02-14 00:00:00,0.14035800099372864,1260129,0.14110399782657623,0.13648800551891327,0.14035800099372864,0.13300800323486328
2022-02-15 00:00:00,0.14938099682331085,1913734,0.15200699865818024,0.14036400616168976,0.14938099682331085,0.14010299742221832
2022-02-16 00:00:00,0.14604100584983826,1551195,0.1496330052614212,0.14938600361347198,0.14604100584983826,0.1450439989566803
2022-02-17 00:00:00,0.13753099739551544,1297804,0.14644399285316467,0.1460459977388382,0.13753099739551544,0.13637900352478027
2022-02-18 00:00:00,0.13744699954986572,1317970,0.1393360048532486,0.13754799962043762,0.13744699954986572,0.13532699644565582
2022-02-19 00:00:00,0.13732799887657166,1260714,0.13809800148010254,0.13743700087070465,0.13732799887657166,0.13312000036239624
2022-02-20 00:00:00,0.13316799700260162,1553470,0.13761399686336517,0.13732999563217163,0.13316799700260162,0.13128100335597992
2022-02-21 00:00:00,0.1258700042963028,1520567,0.13693200051784515,0.13316400349140167,0.1258700042963028,0.1257379949092865
2022-02-22 00:00:00,0.12643499672412872,1057425,0.12673300504684448,0.1258630007505417,0.12643499672412872,0.12196700274944305
2022-02-23 00:00:00,0.12957699596881866,1928272,0.1369830071926117,0.1264369934797287,0.12957699596881866,0.12606999278068542
2022-02-24 00:00:00,0.12758000195026398,2322115,0.13046899437904358,0.12957599759101868,0.12758000195026398,0.11334399878978729
2022-02-25 00:00:00,0.13382500410079956,1640240,0.13442300260066986,0.12758499383926392,0.13382500410079956,0.12719599902629852
2022-02-26 00:00:00,0.13879700005054474,1640984,0.14103099703788757,0.13382799923419952,0.13879700005054474,0.13378100097179413
2022-02-27 00:00:00,0.13360600173473358,1235880,0.1405619978904724,0.13879500329494476,0.13360600173473358,0.13330699503421783
2022-02-28 00:00:00,0.13985100388526917,1442350,0.1412159949541092,0.13361600041389465,0.13985100388526917,0.13298800587654114
2022-03-01 00:00:00,0.14265400171279907,1668582,0.1455480009317398,0.13985499739646912,0.14265400171279907,0.13971799612045288
2022-03-02 00:00:00,0.13950200378894806,1376278,0.1431100070476532,0.1426520049571991,0.13950200378894806,0.13681699335575104
2022-03-03 00:00:00,0.1273989975452423,1437437,0.13973300158977509,0.13950000703334808,0.1273989975452423,0.12537899613380432
2022-03-04 00:00:00,0.11842899769544601,1178988,0.1273999959230423,0.1273999959230423,0.11842899769544601,0.11779899895191193
2022-03-05 00:00:00,0.11683700233697891,1126866,0.11957400292158127,0.11842899769544601,0.11683700233697891,0.11445300281047821
2022-03-06 00:00:00,0.1148030012845993,1040938,0.1178160011768341,0.1168380007147789,0.1148030012845993,0.11390600353479385
2022-03-07 00:00:00,0.11499299854040146,1907147,0.12220499664545059,0.11480399966239929,0.11499299854040146,0.11146000027656555
2022-03-08 00:00:00,0.11406800150871277,1767600,0.11595399677753448,0.11498600244522095,0.11406800150871277,0.11258800327777863
2022-03-09 00:00:00,0.1168999969959259,1230144,0.12033700197935104,0.11406800150871277,0.1168999969959259,0.11370400339365005
2022-03-10 00:00:00,0.11535199731588364,1211860,0.12061499804258347,0.11690200120210648,0.11535199731588364,0.11382000148296356
2022-03-11 00:00:00,0.11294600367546082,988057,0.11552400141954422,0.1153549998998642,0.11294600367546082,0.11182700097560883
2022-03-12 00:00:00,0.11229000240564346,871045,0.11438900232315063,0.11295399814844131,0.11229000240564346,0.11177100241184235
2022-03-13 00:00:00,0.10717900097370148,830431,0.1128309965133667,0.11229000240564346,0.10717900097370148,0.10704399645328522
2022-03-14 00:00:00,0.10557900369167328,930747,0.107634998857975,0.10717199742794037,0.10557900369167328,0.10426999628543854
2022-03-15 00:00:00,0.1049100011587143,913936,0.10555999726057053,0.10555999726057053,0.1049100011587143,0.10281500220298767
2022-03-16 00:00:00,0.10746300220489502,1006002,0.10776499658823013,0.10493700206279755,0.10746300220489502,0.10455899685621262
2022-03-17 00:00:00,0.10625500231981277,1111864,0.108815997838974,0.10745999962091446,0.10625500231981277,0.10561200231313705
2022-03-18 00:00:00,0.10506299883127213,1205668,0.10634099692106247,0.10624299943447113,0.10506299883127213,0.10260599851608276
2022-03-19 00:00:00,0.10238700360059738,1441998,0.10939700156450272,0.10504700243473053,0.10238700360059738,0.10202900320291519
2022-03-20 00:00:00,0.09968200325965881,1145206,0.10277800261974335,0.10238999873399734,0.09968200325965881,0.09943000227212906
2022-03-21 00:00:00,0.09953100234270096,884597,0.10091900080442429,0.09966500103473663,0.09953100234270096,0.09817899763584137
2022-03-22 00:00:00,0.09981399774551392,993474,0.10146400332450867,0.0995279997587204,0.09981399774551392,0.09868299961090088
2022-03-23 00:00:00,0.09924600273370743,954710,0.09981600195169449,0.09981600195169449,0.09924600273370743,0.09696199744939804
2022-03-24 00:00:00,0.10423000156879425,1096538,0.10424499958753586,0.09922999888658524,0.10423000156879425,0.09900200366973877
2022-03-25 00:00:00,0.10253500193357468,1080889,0.10544399917125702,0.10421700030565262,0.10253500193357468,0.10251600295305252
2022-03-26 00:00:00,0.10507100075483322,1219481,0.10510800033807755,0.10252299904823303,0.10507100075483322,0.09932799637317657
2022-03-27 00:00:00,0.10894600301980972,1033082,0.1093520000576973,0.10507699847221375,0.10894600301980972,0.10475599765777588
2022-03-28 00:00:00,0.11255799978971481,1037925,0.11360500007867813,0.10894399881362915,0.11255799978971481,0.10872700065374374
2022-03-29 00:00:00,0.11278600245714188,1177570,0.11360599845647812,0.11255300045013428,0.11278600245714188,0.11030600219964981
2022-03-30 00:00:00,0.11200200021266937,1108913,0.11288399994373322,0.11278600245714188,0.11200200021266937,0.1102679967880249
2022-03-31 00:00:00,0.11570099741220474,1744820,0.1235710009932518,0.11200200021266937,0.11570099741220474,0.11154299974441528
2022-04-01 00:00:00,0.11651899665594101,1865195,0.11713200062513351,0.11570099741220474,0.11651899665594101,0.1119299978017807
2022-04-02 00:00:00,0.11578399688005447,766922,0.11839199811220169,0.11651899665594101,0.11578399688005447,0.11530300229787827
2022-04-03 00:00:00,0.11378899961709976,876187,0.11779200285673141,0.11578399688005447,0.11378899961709976,0.11343999952077866
2022-04-04 00:00:00,0.1148340031504631,992311,0.11588700115680695,0.11378899961709976,0.1148340031504631,0.11126299947500229
2022-04-05 00:00:00,0.1183210015296936,1674889,0.12379100173711777,0.11484900116920471,0.1183210015296936,0.11438500136137009
2022-04-06 00:00:00,0.10905800014734268,1206456,0.1183290034532547,0.11832199990749359,0.10905800014734268,0.10872899740934372
2022-04-07 00:00:00,0.11175200343132019,802698,0.11183600127696991,0.10905800014734268,0.11175200343132019,0.10537800192832947
2022-04-08 00:00:00,0.1057559996843338,795238,0.11257799714803696,0.1117509976029396,0.1057559996843338,0.10524100065231323
2022-04-09 00:00:00,0.10898300260305405,867490,0.10898300260305405,0.1057559996843338,0.10898300260305405,0.1048009991645813
2022-04-10 00:00:00,0.10694599896669388,879850,0.10915499925613403,0.10897699743509293,0.10694599896669388,0.10657999664545059
2022-04-11 00:00:00,0.09695100039243698,947926,0.10693100094795227,0.10693100094795227,0.09695100039243698,0.09665899723768234
2022-04-12 00:00:00,0.10113199800252914,982049,0.10311099886894226,0.096949003636837,0.10113199800252914,0.09678900241851807
2022-04-13 00:00:00,0.10349100083112717,1097001,0.10645899921655655,0.10113099962472916,0.10349100083112717,0.10103099793195724
2022-04-14 00:00:00,0.13385100662708282,4673079,0.13529500365257263,0.10349000245332718,0.13385100662708282,0.10321100056171417
2022-04-15 00:00:00,0.1307239979505539,4495490,0.13411100208759308,0.1338530033826828,0.1307239979505539,0.12494000047445297
2022-04-16 00:00:00,0.13002100586891174,2200007,0.132532998919487,0.1307239979505539,0.13002100586891174,0.12324199825525284
2022-04-17 00:00:00,0.12575699388980865,1543735,0.130512997508049,0.13002100586891174,0.12575699388980865,0.12421700358390808
2022-04-18 00:00:00,0.1284330040216446,1655481,0.1292629987001419,0.1257600039243698,0.1284330040216446,0.1171640008687973
2022-04-19 00:00:00,0.126910999417305,1661502,0.13032199442386627,0.1284320056438446,0.126910999417305,0.12460699677467346
2022-04-20 00:00:00,0.1252480000257492,1165063,0.12994100153446198,0.126910999417305,0.1252480000257492,0.12498500198125839
2022-04-21 00:00:00,0.1280989944934845,1346254,0.13480399549007416,0.12524600327014923,0.1280989944934845,0.12524600327014923
2022-04-22 00:00:00,0.12661199271678925,1186286,0.1297750025987625,0.12809699773788452,0.12661199271678925,0.1263280063867569
2022-04-23 00:00:00,0.12531599402427673,954541,0.12701000273227692,0.12661199271678925,0.12531599402427673,0.12405800074338913
2022-04-24 00:00:00,0.12233199924230576,912269,0.12596899271011353,0.12532900273799896,0.12233199924230576,0.12201400101184845
2022-04-25 00:00:00,0.12163200229406357,1283515,0.12244699895381927,0.12233199924230576,0.12163200229406357,0.11598300188779831
2022-04-26 00:00:00,0.11179400235414505,1443677,0.12221899628639221,0.12162099778652191,0.11179400235414505,0.11108600348234177
2022-04-27 00:00:00,0.11202699691057205,1211913,0.1131649985909462,0.11179299652576447,0.11202699691057205,0.11028800159692764
2022-04-28 00:00:00,0.1301030069589615,2505611,0.13010400533676147,0.11202699691057205,0.1301030069589615,0.11202699691057205
2022-04-29 00:00:00,0.1198669970035553,2975508,0.13799500465393066,0.13010099530220032,0.1198669970035553,0.11767800152301788
2022-04-30 00:00:00,0.11440800130367279,1984662,0.12366700172424316,0.11986599862575531,0.11440800130367279,0.1137700006365776
2022-05-01 00:00:00,0.1151140034198761,1572948,0.11846599727869034,0.1144070029258728,0.1151140034198761,0.11275900155305862
2022-05-02 00:00:00,0.11363299936056137,1488667,0.11650100350379944,0.11511299759149551,0.11363299936056137,0.11295899748802185
2022-05-03 00:00:00,0.11118599772453308,981530,0.11437799781560898,0.11363299936056137,0.11118599772453308,0.11066900193691254
2022-05-04 00:00:00,0.11426199972629547,978137,0.11476299911737442,0.11118599772453308,0.11426199972629547,0.11029499769210815
2022-05-05 00:00:00,0.10266199707984924,1352146,0.11449600011110306,0.11426299810409546,0.10266199707984924,0.10190399736166
2022-05-06 00:00:00,0.10059700161218643,1371392,0.10277900099754333,0.10266300290822983,0.10059700161218643,0.0982849970459938
2022-05-07 00:00:00,0.0976099967956543,1025979,0.10192199796438217,0.10059399902820587,0.0976099967956543,0.09695500135421753
2022-05-08 00:00:00,0.09581000357866287,1104338,0.09907799959182739,0.0976099967956543,0.09581000357866287,0.0956680029630661
2022-05-09 00:00:00,0.07845299690961838,1604077,0.09620600193738937,0.0958160012960434,0.07845299690961838,0.07731299847364426
2022-05-10 00:00:00,0.08082800358533859,2311093,0.08805900067090988,0.07840800285339355,0.08082800358533859,0.07719200104475021
2022-05-11 00:00:00,0.06919199973344803,2284125,0.08247300237417221,0.08083599805831909,0.06919199973344803,0.06697499752044678
2022-05-12 00:00:00,0.06766799837350845,2669663,0.07224100083112717,0.069193996489048,0.06766799837350845,0.05653399974107742
2022-05-13 00:00:00,0.07920300215482712,3682332,0.0810059979557991,0.06766799837350845,0.07920300215482712,0.06713200360536575
2022-05-14 00:00:00,0.08124899864196777,3285093,0.08130200207233429,0.07920199632644653,0.08124899864196777,0.07758300006389618
2022-05-15 00:00:00,0.08905600011348724,2977887,0.08910799771547318,0.08124899864196777,0.08905600011348724,0.0800739973783493
2022-05-16 00:00:00,0.08556000143289566,2892528,0.08982600271701813,0.08906400203704834,0.08556000143289566,0.08371900022029877
2022-05-17 00:00:00,0.08923999965190887,2625185,0.08957300335168839,0.08556199818849564,0.08923999965190887,0.08544299751520157
2022-05-18 00:00:00,0.08445700258016586,2824230,0.09046799689531326,0.08923699706792831,0.08445700258016586,0.08181499689817429
2022-05-19 00:00:00,0.088018998503685,2510249,0.0881740003824234,0.08446600288152695,0.088018998503685,0.08369199931621552
2022-05-20 00:00:00,0.08953399956226349,1667713,0.09359099715948105,0.08802399784326553,0.08953399956226349,0.08766700327396393
2022-05-21 00:00:00,0.09613700211048126,1560108,0.09647499769926071,0.08953700214624405,0.09613700211048126,0.08879400044679642
2022-05-22 00:00:00,0.10366500169038773,1651385,0.1039469987154007,0.09613599628210068,0.10366500169038773,0.09474100172519684
2022-05-23 00:00:00,0.10455799847841263,1703712,0.11003000289201736,0.10366600006818771,0.10455799847841263,0.10366600006818771
2022-05-24 00:00:00,0.10630600154399872,2045960,0.10851799696683884,0.10455799847841263,0.10630600154399872,0.09945999830961227
2022-05-25 00:00:00,0.10369999706745148,2213967,0.11128299683332443,0.10630399733781815,0.10369999706745148,0.10353100299835205
2022-05-26 00:00:00,0.09029600024223328,1678976,0.10394400358200073,0.10370100289583206,0.09029600024223328,0.09022200107574463
2022-05-27 00:00:00,0.08562300354242325,1232254,0.09029600024223328,0.09029600024223328,0.08562300354242325,0.08521199971437454
2022-05-28 00:00:00,0.08968300372362137,1075782,0.0913970023393631,0.09008099883794785,0.08968300372362137,0.0854559987783432
2022-05-29 00:00:00,0.08927900344133377,896899,0.0899140015244484,0.08968400210142136,0.08927900344133377,0.08683600276708603
2022-05-30 00:00:00,0.09327299892902374,995863,0.09471900016069412,0.0892769992351532,0.09327299892902374,0.08922100067138672
2022-05-31 00:00:00,0.09419599920511246,953003,0.09439700096845627,0.09327799826860428,0.09419599920511246,0.09228000044822693
2022-06-01 00:00:00,0.08423800021409988,955679,0.0942159965634346,0.09419900178909302,0.08423800021409988,0.08357399702072144
2022-06-02 00:00:00,0.08977899700403214,1041443,0.08996699750423431,0.08423600345849991,0.08977899700403214,0.08410300314426422
2022-06-03 00:00:00,0.08547300100326538,945650,0.08978500217199326,0.08978500217199326,0.08547300100326538,0.08295299857854843
2022-06-04 00:00:00,0.08665300160646439,1107999,0.0886249989271164,0.08547099679708481,0.08665300160646439,0.08316300064325333
2022-06-05 00:00:00,0.08364800363779068,1075139,0.08665300160646439,0.08665300160646439,0.08364800363779068,0.08143000304698944
2022-06-06 00:00:00,0.08105500042438507,1619885,0.08409000188112259,0.08364299684762955,0.08105500042438507,0.08029399812221527
2022-06-07 00:00:00,0.07964000105857849,1860717,0.0813010036945343,0.08105500042438507,0.07964000105857849,0.07399000227451324
2022-06-08 00:00:00,0.07581699639558792,1430261,0.07964099943637848,0.07964099943637848,0.07581699639558792,0.07348699867725372
2022-06-09 00:00:00,0.07600600272417068,869572,0.07638999819755554,0.07581699639558792,0.07600600272417068,0.07475099712610245
2022-06-10 00:00:00,0.07339899986982346,793862,0.07806199789047241,0.07600399851799011,0.07339899986982346,0.07248999923467636
2022-06-11 00:00:00,0.06802099943161011,942719,0.07431499660015106,0.07340399920940399,0.06802099943161011,0.06799700111150742
2022-06-12 00:00:00,0.0649539977312088,1101064,0.06824299693107605,0.06802300363779068,0.0649539977312088,0.06355699896812439
2022-06-13 00:00:00,0.054951999336481094,1303255,0.06504199653863907,0.06494899839162827,0.054951999336481094,0.05251700058579445
2022-06-14 00:00:00,0.056696001440286636,1316556,0.05754199996590614,0.05494900047779083,0.056696001440286636,0.05150299891829491
2022-06-15 00:00:00,0.05965400114655495,1287111,0.059679001569747925,0.0566990002989769,0.05965400114655495,0.05090700089931488
2022-06-16 00:00:00,0.05457499995827675,1285548,0.0610320009291172,0.05965099856257439,0.05457499995827675,0.05449200049042702
2022-06-17 00:00:00,0.05570099875330925,961487,0.05751299858093262,0.05457400158047676,0.05570099875330925,0.0544780008494854
2022-06-18 00:00:00,0.051621001213788986,880973,0.05621400102972984,0.05570099875330925,0.051621001213788986,0.04890400171279907
2022-06-19 00:00:00,0.056418001651763916,987476,0.05648000165820122,0.051617998629808426,0.056418001651763916,0.0497639998793602
2022-06-20 00:00:00,0.05540600046515465,833961,0.05657700076699257,0.05641999840736389,0.05540600046515465,0.05381400138139725
2022-06-21 00:00:00,0.054005999118089676,1099710,0.05650800094008446,0.055403001606464386,0.054005999118089676,0.053509000688791275
2022-06-22 00:00:00,0.0531499981880188,916016,0.054134998470544815,0.05400799959897995,0.0531499981880188,0.052299998700618744
2022-06-23 00:00:00,0.055330999195575714,582810,0.05540600046515465,0.05315300077199936,0.055330999195575714,0.05315300077199936
2022-06-24 00:00:00,0.05662300065159798,1104033,0.05673300102353096,0.055330999195575714,0.05662300065159798,0.055236998945474625
2022-06-25 00:00:00,0.05610999837517738,970727,0.056620001792907715,0.056620001792907715,0.05610999837517738,0.05482099950313568
2022-06-26 00:00:00,0.056432999670505524,1091619,0.05778700113296509,0.056108999997377396,0.056432999670505524,0.05598299950361252
2022-06-27 00:00:00,0.057486001402139664,1016228,0.05900200083851814,0.05643000081181526,0.057486001402139664,0.05541900172829628
2022-06-28 00:00:00,0.05948200076818466,1786446,0.06331600248813629,0.057486001402139664,0.05948200076818466,0.057169001549482346
2022-06-29 00:00:00,0.05330999940633774,2507079,0.06351900100708008,0.05948200076818466,0.05330999940633774,0.050652001053094864
2022-06-30 00:00:00,0.050289999693632126,1747607,0.05387499928474426,0.05330999940633774,0.050289999693632126,0.0492589995265007
2022-07-01 00:00:00,0.049754999577999115,765984,0.05222399905323982,0.05028599873185158,0.049754999577999115,0.04846600070595741
2022-07-02 00:00:00,0.0491579994559288,459409,0.04975200071930885,0.04975200071930885,0.0491579994559288,0.04821399971842766
2022-07-03 00:00:00,0.04917199909687042,438094,0.049313001334667206,0.04915500059723854,0.04917199909687042,0.04736899957060814
2022-07-04 00:00:00,0.048069000244140625,954533,0.049235999584198,0.04917199909687042,0.048069000244140625,0.04504700005054474
2022-07-05 00:00:00,0.047623999416828156,507325,0.04845700040459633,0.048069000244140625,0.047623999416828156,0.045214999467134476
2022-07-06 00:00:00,0.048140998929739,462397,0.048204999417066574,0.047616999596357346,0.048140998929739,0.04694899916648865
2022-07-07 00:00:00,0.04912399873137474,483283,0.04946799948811531,0.048140998929739,0.04912399873137474,0.048009999096393585
2022-07-08 00:00:00,0.04887799918651581,503606,0.050046999007463455,0.049125999212265015,0.04887799918651581,0.04854999855160713
2022-07-09 00:00:00,0.04895399883389473,455932,0.04905800148844719,0.048879001289606094,0.04895399883389473,0.048253998160362244
2022-07-10 00:00:00,0.04641300067305565,462962,0.048955000936985016,0.048955000936985016,0.04641300067305565,0.0461140014231205
2022-07-11 00:00:00,0.044776998460292816,458873,0.04673700034618378,0.04641300067305565,0.044776998460292816,0.044776998460292816
2022-07-12 00:00:00,0.044346000999212265,831136,0.044968001544475555,0.044783998280763626,0.044346000999212265,0.04366600140929222
2022-07-13 00:00:00,0.046289000660181046,894662,0.046289000660181046,0.044342998415231705,0.046289000660181046,0.043129000812768936
2022-07-14 00:00:00,0.04754899814724922,1270060,0.047958001494407654,0.046289000660181046,0.04754899814724922,0.04385799914598465
2022-07-15 00:00:00,0.04795699939131737,947674,0.04819199815392494,0.04754899814724922,0.04795699939131737,0.0459120012819767
2022-07-16 00:00:00,0.051100000739097595,1074849,0.051274001598358154,0.04795699939131737,0.051100000739097595,0.04721299931406975
2022-07-17 00:00:00,0.05007899925112724,798966,0.05135999992489815,0.05110099911689758,0.05007899925112724,0.049929000437259674
2022-07-18 00:00:00,0.05290500074625015,839987,0.05292699858546257,0.05008599907159805,0.05290500074625015,0.049904998391866684
2022-07-19 00:00:00,0.05544999986886978,898984,0.05644899979233742,0.05290300026535988,0.05544999986886978,0.05281500145792961
2022-07-20 00:00:00,0.05312800034880638,709696,0.05581099912524223,0.05544799938797951,0.05312800034880638,0.05309300124645233
2022-07-21 00:00:00,0.055716000497341156,747825,0.055716000497341156,0.05312800034880638,0.055716000497341156,0.052932001650333405
2022-07-22 00:00:00,0.05327700078487396,1142334,0.05586700141429901,0.055730998516082764,0.05327700078487396,0.05289199948310852
2022-07-23 00:00:00,0.054166000336408615,1080547,0.0550369992852211,0.05327500030398369,0.054166000336408615,0.05125899985432625
2022-07-24 00:00:00,0.05603500083088875,1265373,0.056609999388456345,0.054166000336408615,0.05603500083088875,0.0541049987077713
2022-07-25 00:00:00,0.05561099946498871,1167325,0.057851001620292664,0.056035999208688736,0.05561099946498871,0.053982000797986984
2022-07-26 00:00:00,0.05411899834871292,1382669,0.057002998888492584,0.055608998984098434,0.05411899834871292,0.05280299857258797
2022-07-27 00:00:00,0.05607200041413307,1458321,0.056168001145124435,0.054117001593112946,0.05607200041413307,0.051913999021053314
2022-07-28 00:00:00,0.059140998870134354,1041666,0.05946600064635277,0.05607200041413307,0.059140998870134354,0.0557980015873909
2022-07-29 00:00:00,0.06042400002479553,860718,0.061225999146699905,0.059140998870134354,0.06042400002479553,0.05912800133228302
2022-07-30 00:00:00,0.06021900102496147,952803,0.06267999857664108,0.06042199954390526,0.06021900102496147,0.059401001781225204
2022-07-31 00:00:00,0.060506999492645264,653723,0.06177699938416481,0.060217998921871185,0.060506999492645264,0.06006399914622307
2022-08-01 00:00:00,0.07148800045251846,2745885,0.07491499930620193,0.06050800159573555,0.07148800045251846,0.06050800159573555
2022-08-02 00:00:00,0.0676800012588501,1170856,0.07148300111293793,0.07148300111293793,0.0676800012588501,0.06485100090503693
2022-08-03 00:00:00,0.06892099976539612,1029333,0.07008299976587296,0.06766500324010849,0.06892099976539612,0.06621800363063812
2022-08-04 00:00:00,0.06887900084257126,570189,0.07013899832963943,0.06891199946403503,0.06887900084257126,0.0686580017209053
2022-08-05 00:00:00,0.07248099893331528,681898,0.07248099893331528,0.06888700276613235,0.07248099893331528,0.0688219964504242
2022-08-06 00:00:00,0.07628600299358368,606680,0.07659599930047989,0.07246799767017365,0.07628600299358368,0.07243599742650986
2022-08-07 00:00:00,0.08086399734020233,944443,0.08096399903297424,0.07628600299358368,0.08086399734020233,0.07484599947929382
2022-08-08 00:00:00,0.08114399760961533,862718,0.0853319987654686,0.08086299896240234,0.08114399760961533,0.08086299896240234
2022-08-09 00:00:00,0.07543600350618362,1509083,0.08140899986028671,0.08114799857139587,0.07543600350618362,0.07377500087022781
2022-08-10 00:00:00,0.07836099714040756,1384665,0.07856500148773193,0.07543300092220306,0.07836099714040756,0.0736590027809143
2022-08-11 00:00:00,0.07274699956178665,2209659,0.08007799834012985,0.0783739984035492,0.07274699956178665,0.07172100245952606
2022-08-12 00:00:00,0.07449399679899216,1489537,0.07449399679899216,0.07276300340890884,0.07449399679899216,0.0724020004272461
2022-08-13 00:00:00,0.07530499994754791,1415573,0.07643599808216095,0.07447499781847,0.07530499994754791,0.07443699985742569
2022-08-14 00:00:00,0.07291600108146667,1329180,0.07615499943494797,0.07530900090932846,0.07291600108146667,0.07289300113916397
2022-08-15 00:00:00,0.07265099883079529,1448133,0.07444799691438675,0.07291900366544724,0.07265099883079529,0.07157400250434875
2022-08-16 00:00:00,0.06968600302934647,1481632,0.0729840025305748,0.0726419985294342,0.06968600302934647,0.06950700283050537
2022-08-17 00:00:00,0.0673540011048317,1354303,0.07215700298547745,0.0697069987654686,0.0673540011048317,0.06727000325918198
2022-08-18 00:00:00,0.06513600051403046,1828284,0.06813299655914307,0.06733399629592896,0.06513600051403046,0.06513600051403046
2022-08-19 00:00:00,0.06040700152516365,1705430,0.06521499902009964,0.06513799726963043,0.06040700152516365,0.060405001044273376
2022-08-20 00:00:00,0.05471299961209297,5834505,0.0620109997689724,0.0604030005633831,0.05471299961209297,0.0499190017580986
2022-08-21 00:00:00,0.05684100091457367,8670295,0.057541001588106155,0.05471299961209297,0.05684100091457367,0.054489001631736755
2022-08-22 00:00:00,0.055027998983860016,5742064,0.057245999574661255,0.056829001754522324,0.055027998983860016,0.05435200035572052
2022-08-23 00:00:00,0.056699998676776886,1663097,0.05698699876666069,0.055011000484228134,0.056699998676776886,0.054816000163555145
2022-08-24 00:00:00,0.05601299926638603,1570804,0.05679899826645851,0.056689001619815826,0.05601299926638603,0.056001998484134674
2022-08-25 00:00:00,0.05710500106215477,1717576,0.0587569996714592,0.056005001068115234,0.05710500106215477,0.055904000997543335
2022-08-26 00:00:00,0.052361998707056046,2124961,0.05712499842047691,0.057071998715400696,0.052361998707056046,0.05232600122690201
2022-08-27 00:00:00,0.05166799947619438,1646064,0.053224001079797745,0.052372999489307404,0.05166799947619438,0.051277998834848404
2022-08-28 00:00:00,0.052003998309373856,1561904,0.053254999220371246,0.05168300122022629,0.052003998309373856,0.05160899832844734
2022-08-29 00:00:00,0.05324200168251991,1708116,0.053259000182151794,0.051986001431941986,0.05324200168251991,0.050547998398542404
2022-08-30 00:00:00,0.05251700058579445,1753339,0.05456399917602539,0.05322999879717827,0.05251700058579445,0.05147299915552139
2022-08-31 00:00:00,0.05276000127196312,1682476,0.053950998932123184,0.05251700058579445,0.05276000127196312,0.05245399847626686
2022-09-01 00:00:00,0.05464300140738487,1734456,0.05470399931073189,0.05276799947023392,0.05464300140738487,0.052306998521089554
2022-09-02 00:00:00,0.05517499893903732,1753825,0.056122999638319016,0.05464399978518486,0.05517499893903732,0.05425100028514862
2022-09-03 00:00:00,0.055716000497341156,1961431,0.05606500059366226,0.05514900013804436,0.055716000497341156,0.054646000266075134
2022-09-04 00:00:00,0.05649600178003311,1706959,0.05649600178003311,0.055713001638650894,0.05649600178003311,0.05517800152301788
2022-09-05 00:00:00,0.05749500170350075,1994005,0.057985998690128326,0.0564970001578331,0.05749500170350075,0.05544799938797951
2022-09-06 00:00:00,0.05778000131249428,1898381,0.059654999524354935,0.05752100050449371,0.05778000131249428,0.05673300102353096
2022-09-07 00:00:00,0.062132999300956726,2036633,0.06251899898052216,0.05775099992752075,0.062132999300956726,0.056338999420404434
2022-09-08 00:00:00,0.06372299790382385,1773879,0.06398700177669525,0.062134999781847,0.06372299790382385,0.06088700145483017
2022-09-09 00:00:00,0.06799600273370743,7437077,0.06840900331735611,0.06373199820518494,0.06799600273370743,0.06369400024414062
2022-09-10 00:00:00,0.0703589990735054,11377927,0.07041499763727188,0.06796900182962418,0.0703589990735054,0.06755200028419495
2022-09-11 00:00:00,0.07275699824094772,2135889,0.07283800095319748,0.0703589990735054,0.07275699824094772,0.06892000138759613
2022-09-12 00:00:00,0.07657799869775772,2540157,0.07657799869775772,0.07274799793958664,0.07657799869775772,0.07259900122880936
2022-09-13 00:00:00,0.06992299854755402,3058716,0.07941800355911255,0.07654300332069397,0.06992299854755402,0.06916099786758423
2022-09-14 00:00:00,0.07574799656867981,2529011,0.07632900029420853,0.06991100311279297,0.07574799656867981,0.06969600170850754
2022-09-15 00:00:00,0.08813799917697906,9331134,0.08975400030612946,0.07571499794721603,0.08813799917697906,0.07558000087738037
2022-09-16 00:00:00,0.08092799782752991,3935640,0.08861599862575531,0.08820799738168716,0.08092799782752991,0.07950399816036224
2022-09-17 00:00:00,0.08198799937963486,2318352,0.08227100223302841,0.08092799782752991,0.08198799937963486,0.08023600280284882
2022-09-18 00:00:00,0.07583999633789062,1923170,0.08201099932193756,0.08201099932193756,0.07583999633789062,0.07566899806261063
2022-09-19 00:00:00,0.07593300193548203,2278971,0.07593300193548203,0.07586699724197388,0.07593300193548203,0.07181800156831741
2022-09-20 00:00:00,0.07149700075387955,1949530,0.07605099678039551,0.07592300325632095,0.07149700075387955,0.07149700075387955
2022-09-21 00:00:00,0.06613299995660782,3062789,0.07265400141477585,0.07148800045251846,0.06613299995660782,0.06483499705791473
2022-09-22 00:00:00,0.07004799693822861,1926246,0.07021799683570862,0.06612099707126617,0.07004799693822861,0.06599099934101105
2022-09-23 00:00:00,0.06973399966955185,5860210,0.07049600034952164,0.07002399861812592,0.06973399966955185,0.06792300194501877
2022-09-24 00:00:00,0.06926800310611725,2099803,0.07050000131130219,0.06977199763059616,0.06926800310611725,0.06878499686717987
2022-09-25 00:00:00,0.06887300312519073,2053240,0.07007300108671188,0.06929200142621994,0.06887300312519073,0.06797800213098526
2022-09-26 00:00:00,0.07025399804115295,2210288,0.0706460028886795,0.06888099759817123,0.07025399804115295,0.06791500002145767
2022-09-27 00:00:00,0.0706700012087822,2101856,0.07228600233793259,0.07023800164461136,0.0706700012087822,0.06921400129795074
2022-09-28 08:57:00,0.06908145546913147,2158389,0.07068938761949539,0.07065344601869583,0.06908145546913147,0.06802313774824142
