timestamp,adjclose,volume,open,high,low,close
2021-04-03 00:00:00,2.234644889831543,19521382,0.0,2.4116790294647217,0.0,2.234644889831543
2021-04-04 00:00:00,2.2105000019073486,66435498,2.227541923522949,2.491663932800293,1.946802020072937,2.2105000019073486
2021-04-05 00:00:00,1.8044489622116089,106284838,2.2086780071258545,2.2682719230651855,1.7933330535888672,1.8044489622116089
2021-04-06 00:00:00,1.6917279958724976,91931026,1.7954909801483154,1.9117159843444824,1.4934550523757935,1.6917279958724976
2021-04-07 00:00:00,1.4808690547943115,61443337,1.691640019416809,1.8272919654846191,1.339516043663025,1.4808690547943115
2021-04-08 00:00:00,1.360360026359558,45023694,1.4794039726257324,1.4794039726257324,1.2621270418167114,1.360360026359558
2021-04-09 00:00:00,1.3822870254516602,14478063,1.360577940940857,1.3913099765777588,1.3404370546340942,1.3822870254516602
2021-04-10 00:00:00,1.4576669931411743,19352151,1.3824490308761597,1.51740300655365,1.366534948348999,1.4576669931411743
2021-04-11 00:00:00,1.3071340322494507,27371507,1.458001971244812,1.460279941558838,1.3071340322494507,1.3071340322494507
2021-04-12 00:00:00,1.2991269826889038,16330203,1.3068560361862183,1.3146300315856934,1.2612040042877197,1.2991269826889038
2021-04-13 00:00:00,1.476694941520691,27324544,1.2901279926300049,1.505990982055664,1.2901279926300049,1.476694941520691
2021-04-14 00:00:00,1.474053978919983,16213090,1.4758280515670776,1.531512975692749,1.442307949066162,1.474053978919983
2021-04-15 00:00:00,1.4280539751052856,11986201,1.4741979837417603,1.5011149644851685,1.401502013206482,1.4280539751052856
2021-04-16 00:00:00,1.3774139881134033,6719560,1.4277160167694092,1.4443529844284058,1.3137520551681519,1.3774139881134033
2021-04-17 00:00:00,1.2759950160980225,10135328,1.3771380186080933,1.3933089971542358,1.2599610090255737,1.2759950160980225
2021-04-18 00:00:00,1.1294649839401245,15672327,1.2758070230484009,1.2759219408035278,1.083274006843567,1.1294649839401245
2021-04-19 00:00:00,1.0918079614639282,5036452,1.1267950534820557,1.1507400274276733,1.0319620370864868,1.0918079614639282
2021-04-20 00:00:00,1.2841459512710571,21427391,1.089506983757019,1.2859820127487183,1.0319429636001587,1.2841459512710571
2021-04-21 00:00:00,1.3485889434814453,10306416,1.2800660133361816,1.3740869760513306,1.2529720067977905,1.3485889434814453
2021-04-22 00:00:00,1.3427799940109253,17848414,1.3488240242004395,1.4180799722671509,1.3184889554977417,1.3427799940109253
2021-04-23 00:00:00,1.3147939443588257,13311005,1.3427319526672363,1.3531049489974976,1.1626390218734741,1.3147939443588257
2021-04-24 00:00:00,1.387403964996338,17434350,1.315932035446167,1.42644202709198,1.2271349430084229,1.387403964996338
2021-04-25 00:00:00,1.4563499689102173,12376725,1.3869210481643677,1.4927740097045898,1.3499929904937744,1.4563499689102173
2021-04-26 00:00:00,1.522251009941101,5639474,1.456982970237732,1.5244040489196777,1.456982970237732,1.522251009941101
2021-04-27 00:00:00,1.4287279844284058,32104312,1.522495985031128,1.5833909511566162,1.3756660223007202,1.4287279844284058
2021-04-28 00:00:00,1.3217780590057373,27743823,1.429023027420044,1.4508620500564575,1.2575559616088867,1.3217780590057373
2021-04-29 00:00:00,1.3248239755630493,8926884,1.3218469619750977,1.340075969696045,1.301745057106018,1.3248239755630493
2021-04-30 00:00:00,1.3236000537872314,12763538,1.3251680135726929,1.3264060020446777,1.2942630052566528,1.3236000537872314
2021-05-01 00:00:00,1.4755200147628784,23058876,1.323848009109497,1.4927480220794678,1.3201489448547363,1.4755200147628784
2021-05-02 00:00:00,1.4216909408569336,8496685,1.475409984588623,1.478268027305603,1.4050140380859375,1.4216909408569336
2021-05-03 00:00:00,1.5494049787521362,15843039,1.4091370105743408,1.5569440126419067,1.4091370105743408,1.5494049787521362
2021-05-04 00:00:00,1.5414149761199951,13738358,1.548516035079956,1.6094189882278442,1.495447039604187,1.5414149761199951
2021-05-05 00:00:00,1.783208966255188,27275027,1.5481419563293457,1.7963240146636963,1.539402961730957,1.783208966255188
2021-05-06 00:00:00,1.755128026008606,6320934,1.7831759452819824,1.7860080003738403,1.7276530265808105,1.755128026008606
2021-05-07 00:00:00,1.728888988494873,5258572,1.7547290325164795,1.7603410482406616,1.7090719938278198,1.728888988494873
2021-05-08 00:00:00,1.780007004737854,7378201,1.728302001953125,1.8274489641189575,1.7073919773101807,1.780007004737854
2021-05-09 00:00:00,1.6886579990386963,7819548,1.7810300588607788,1.804028034210205,1.6749600172042847,1.6886579990386963
2021-05-10 00:00:00,1.6460180282592773,7995659,1.6839779615402222,1.786234974861145,1.5843960046768188,1.6460180282592773
2021-05-11 00:00:00,1.6719180345535278,4853510,1.6520110368728638,1.6888339519500732,1.5699100494384766,1.6719180345535278
2021-05-12 00:00:00,1.6176609992980957,5290666,1.6721630096435547,1.723183035850525,1.6039819717407227,1.6176609992980957
2021-05-13 00:00:00,1.6106480360031128,8717548,1.607664942741394,1.6566009521484375,1.4870020151138306,1.6106480360031128
2021-05-14 00:00:00,1.6436280012130737,4682477,1.6099849939346313,1.669590950012207,1.6055469512939453,1.6436280012130737
2021-05-15 00:00:00,1.5131779909133911,8978251,1.6454919576644897,1.6553939580917358,1.5131779909133911,1.5131779909133911
2021-05-16 00:00:00,1.5508990287780762,6949988,1.5132490396499634,1.570775032043457,1.4894659519195557,1.5508990287780762
2021-05-17 00:00:00,1.481376051902771,10888284,1.550449013710022,1.556488037109375,1.435379981994629,1.481376051902771
2021-05-18 00:00:00,1.4794249534606934,6178955,1.4801570177078247,1.522750973701477,1.457401990890503,1.4794249534606934
2021-05-19 00:00:00,1.1523900032043457,39036836,1.4795379638671875,1.481719970703125,1.0620059967041016,1.1523900032043457
2021-05-20 00:00:00,1.1504900455474854,49194028,1.1559510231018066,1.2366050481796265,1.057621955871582,1.1504900455474854
2021-05-21 00:00:00,1.0134799480438232,35075363,1.1542459726333618,1.1984870433807373,0.9493020176887512,1.0134799480438232
2021-05-22 00:00:00,0.9667289853096008,21482930,1.0143059492111206,1.0321940183639526,0.9368330240249634,0.9667289853096008
2021-05-23 00:00:00,0.874301016330719,49720340,0.9649040102958679,0.9808880090713501,0.7796970009803772,0.874301016330719
2021-05-24 00:00:00,1.0042580366134644,22604599,0.875881016254425,1.0143669843673706,0.8665469884872437,1.0042580366134644
2021-05-25 00:00:00,0.94439297914505,17153237,1.0041669607162476,1.0224260091781616,0.919609010219574,0.94439297914505
2021-05-26 00:00:00,0.9680250287055969,9441817,0.9446269869804382,0.9835060238838196,0.9396849870681763,0.9680250287055969
2021-05-27 00:00:00,0.9478200078010559,8242459,0.9692280292510986,0.9714869856834412,0.9332550168037415,0.9478200078010559
2021-05-28 00:00:00,0.8654090166091919,18282975,0.945114016532898,0.9517689943313599,0.8519759774208069,0.8654090166091919
2021-05-29 00:00:00,0.8433470129966736,13381841,0.86456698179245,0.8872339725494385,0.8092250227928162,0.8433470129966736
2021-05-30 00:00:00,0.8426330089569092,9601387,0.8334760069847107,0.8609750270843506,0.8043540120124817,0.8426330089569092
2021-05-31 00:00:00,0.9029600024223328,12651871,0.8432959914207458,0.9041190147399902,0.828918993473053,0.9029600024223328
2021-06-01 00:00:00,0.9033259749412537,10504125,0.9023690223693848,0.9213929772377014,0.8827729821205139,0.9033259749412537
2021-06-02 00:00:00,0.899321973323822,9194812,0.9034540057182312,0.9190580248832703,0.87847501039505,0.899321973323822
2021-06-03 00:00:00,0.8834829926490784,16823231,0.8986909985542297,0.9258450269699097,0.8616499900817871,0.8834829926490784
2021-06-04 00:00:00,0.8576139807701111,15195389,0.8831599950790405,0.8860610127449036,0.8240129947662354,0.8576139807701111
2021-06-05 00:00:00,0.8358510136604309,7711183,0.8587049841880798,0.8752989768981934,0.8316980004310608,0.8358510136604309
2021-06-06 00:00:00,0.8454279899597168,4013407,0.8405600190162659,0.8518480062484741,0.8359699845314026,0.8454279899597168
2021-06-07 00:00:00,0.8286259770393372,8046932,0.8453800082206726,0.8660119771957397,0.8249989748001099,0.8286259770393372
2021-06-08 00:00:00,0.793524980545044,10984442,0.8289380073547363,0.8308420181274414,0.7738369703292847,0.793524980545044
2021-06-09 00:00:00,0.7970150113105774,4674218,0.7935410141944885,0.8056970238685608,0.7823429703712463,0.7970150113105774
2021-06-10 00:00:00,0.7901269793510437,4423839,0.7979239821434021,0.8024110198020935,0.7715590000152588,0.7901269793510437
2021-06-11 00:00:00,0.7636529803276062,7323537,0.7892429828643799,0.7943500280380249,0.7592599987983704,0.7636529803276062
2021-06-12 00:00:00,0.7513260245323181,4498112,0.7628780007362366,0.7647179961204529,0.7448220252990723,0.7513260245323181
2021-06-13 00:00:00,0.7668079733848572,5275650,0.7512840032577515,0.7692769765853882,0.7327929735183716,0.7668079733848572
2021-06-14 00:00:00,0.7954310178756714,8086320,0.7673550248146057,0.7964820265769958,0.7509739995002747,0.7954310178756714
2021-06-15 00:00:00,0.7426130175590515,9652902,0.755806028842926,0.7633609771728516,0.7293980121612549,0.7426130175590515
2021-06-16 00:00:00,0.724897027015686,3742216,0.7328220009803772,0.7355560064315796,0.7182909846305847,0.724897027015686
2021-06-17 00:00:00,0.7335829734802246,2869993,0.7248629927635193,0.7474250197410583,0.7135220170021057,0.7335829734802246
2021-06-18 00:00:00,0.7010499835014343,4750519,0.7335820198059082,0.7376589775085449,0.6928790211677551,0.7010499835014343
2021-06-19 00:00:00,0.708968997001648,2964323,0.7008460164070129,0.711995005607605,0.6966490149497986,0.708968997001648
2021-06-20 00:00:00,0.7024989724159241,3305146,0.7089710235595703,0.7130439877510071,0.6848739981651306,0.7024989724159241
2021-06-21 00:00:00,0.6254420280456543,10155570,0.7025150060653687,0.7037400007247925,0.621828019618988,0.6254420280456543
2021-06-22 00:00:00,0.6167070269584656,3071131,0.625012993812561,0.6354619860649109,0.5976669788360596,0.6167070269584656
2021-06-23 00:00:00,0.6143220067024231,2385481,0.6166790127754211,0.6234279870986938,0.6034619808197021,0.6143220067024231
2021-06-24 00:00:00,0.6142269968986511,1546015,0.6158779859542847,0.6210089921951294,0.6073070168495178,0.6142269968986511
2021-06-25 00:00:00,0.6091210246086121,2124216,0.6136260032653809,0.6208410263061523,0.6003699898719788,0.6091210246086121
2021-06-26 00:00:00,0.5873759984970093,6559307,0.6088520288467407,0.6147770285606384,0.5806769728660583,0.5873759984970093
2021-06-27 00:00:00,0.5888969898223877,2774699,0.5873399972915649,0.5958430171012878,0.5827320218086243,0.5888969898223877
2021-06-28 00:00:00,0.6240370273590088,6884509,0.5899779796600342,0.6278979778289795,0.5823820233345032,0.6240370273590088
2021-06-29 00:00:00,0.6187130212783813,1979653,0.6241840124130249,0.6348279714584351,0.6182270050048828,0.6187130212783813
2021-06-30 00:00:00,0.6222040057182312,2305967,0.6187859773635864,0.6229029893875122,0.609919011592865,0.6222040057182312
2021-07-01 00:00:00,0.6095809936523438,3225432,0.6220880150794983,0.6222230195999146,0.6066110134124756,0.6095809936523438
2021-07-02 00:00:00,0.6171370148658752,1832739,0.6087560057640076,0.6261090040206909,0.5940849781036377,0.6171370148658752
2021-07-03 00:00:00,0.6179429888725281,1764856,0.6171259880065918,0.6245800256729126,0.6122859716415405,0.6179429888725281
2021-07-04 00:00:00,0.6089829802513123,2058471,0.6179519891738892,0.6193109750747681,0.6065250039100647,0.6089829802513123
2021-07-05 00:00:00,0.6087530255317688,2280620,0.6090360283851624,0.6122469902038574,0.6038820147514343,0.6087530255317688
2021-07-06 00:00:00,0.6056839823722839,1836110,0.6084610223770142,0.6154590249061584,0.6026170253753662,0.6056839823722839
2021-07-07 00:00:00,0.6019290089607239,1681788,0.6057959794998169,0.6092650294303894,0.5966100096702576,0.6019290089607239
2021-07-08 00:00:00,0.5970860123634338,1755201,0.6019949913024902,0.603754997253418,0.5863289833068848,0.5970860123634338
2021-07-09 00:00:00,0.6079909801483154,1779914,0.596983015537262,0.6085739731788635,0.593442976474762,0.6079909801483154
2021-07-10 00:00:00,0.6111729741096497,1050900,0.6077240109443665,0.6146649718284607,0.5971969962120056,0.6111729741096497
2021-07-11 00:00:00,0.6126459836959839,876017,0.6099820137023926,0.6252580285072327,0.5970609784126282,0.6126459836959839
2021-07-12 00:00:00,0.5920169949531555,2441172,0.6126390099525452,0.620058000087738,0.5837380290031433,0.5920169949531555
2021-07-13 00:00:00,0.5844470262527466,2819039,0.5919610261917114,0.5922150015830994,0.5731319785118103,0.5844470262527466
2021-07-14 00:00:00,0.5694169998168945,1362391,0.5846359729766846,0.5852699875831604,0.568822979927063,0.5694169998168945
2021-07-15 00:00:00,0.5709499716758728,1120612,0.5695369839668274,0.5821369886398315,0.56358802318573,0.5709499716758728
2021-07-16 00:00:00,0.5721319913864136,1234529,0.5713480114936829,0.5797880291938782,0.564769983291626,0.5721319913864136
2021-07-17 00:00:00,0.577659010887146,636490,0.5723829865455627,0.5885589718818665,0.5688729882240295,0.577659010887146
2021-07-18 00:00:00,0.5732870101928711,1111602,0.5779730081558228,0.5929409861564636,0.5503159761428833,0.5732870101928711
2021-07-19 00:00:00,0.5725150108337402,1013260,0.5729209780693054,0.5793989896774292,0.5547429919242859,0.5725150108337402
2021-07-20 00:00:00,0.5690270066261292,1331713,0.5720329880714417,0.574633002281189,0.5642120242118835,0.5690270066261292
2021-07-21 00:00:00,0.5719720125198364,1407171,0.5691270232200623,0.578324019908905,0.5631150007247925,0.5719720125198364
2021-07-22 00:00:00,0.5718100070953369,1775749,0.572143018245697,0.5769469738006592,0.5656909942626953,0.5718100070953369
2021-07-23 00:00:00,0.5719619989395142,1184288,0.5717719793319702,0.5761470198631287,0.5678099989891052,0.5719619989395142
2021-07-24 00:00:00,0.5822790265083313,1223714,0.5720679759979248,0.5828059911727905,0.5594769716262817,0.5822790265083313
2021-07-25 00:00:00,0.5683500170707703,2187539,0.5825939774513245,0.5860850214958191,0.5623970031738281,0.5683500170707703
2021-07-26 00:00:00,0.5860620141029358,14582583,0.5681530237197876,0.6035330295562744,0.5675579905509949,0.5860620141029358
2021-07-27 00:00:00,0.5981450080871582,9106595,0.5861139893531799,0.6019499897956848,0.582319974899292,0.5981450080871582
2021-07-28 00:00:00,0.6013460159301758,6917210,0.5981249809265137,0.6029189825057983,0.5942059755325317,0.6013460159301758
2021-07-29 00:00:00,0.6111329793930054,9275782,0.5983449816703796,0.6154170036315918,0.592244029045105,0.6111329793930054
2021-07-30 00:00:00,0.6163930296897888,6653323,0.6122230291366577,0.627003014087677,0.6013969779014587,0.6163930296897888
2021-07-31 00:00:00,0.6035839915275574,6393179,0.616595983505249,0.6257680058479309,0.5979049801826477,0.6035839915275574
2021-08-01 00:00:00,0.6061080098152161,5205962,0.6039789915084839,0.6316620111465454,0.5936310291290283,0.6061080098152161
2021-08-02 00:00:00,0.6014410257339478,5054792,0.6057310104370117,0.615401029586792,0.5871859788894653,0.6014410257339478
2021-08-03 00:00:00,0.5911849737167358,4351777,0.6013739705085754,0.6164360046386719,0.5881050229072571,0.5911849737167358
2021-08-04 00:00:00,0.5703139901161194,3823005,0.5911470055580139,0.6276929974555969,0.5635240077972412,0.5703139901161194
2021-08-05 00:00:00,0.6003819704055786,4067832,0.5703719854354858,0.626285970211029,0.5669130086898804,0.6003819704055786
2021-08-06 00:00:00,0.5944520235061646,5060722,0.600417971611023,0.6155700087547302,0.5864009857177734,0.5944520235061646
2021-08-07 00:00:00,0.5992569923400879,5441300,0.5942549705505371,0.6333280205726624,0.5908759832382202,0.5992569923400879
2021-08-08 00:00:00,0.6173670291900635,5195622,0.5986739993095398,0.6232939958572388,0.5804100036621094,0.6173670291900635
2021-08-09 00:00:00,0.6688339710235596,31434613,0.6177970170974731,0.7040669918060303,0.5819900035858154,0.6688339710235596
2021-08-10 00:00:00,0.8109300136566162,45818194,0.6687830090522766,0.8143900036811829,0.6677129864692688,0.8109300136566162
2021-08-11 00:00:00,0.7736409902572632,26132329,0.8108680248260498,0.8247770071029663,0.7683500051498413,0.7736409902572632
2021-08-12 00:00:00,0.6815040111541748,24345013,0.7730010151863098,0.7760599851608276,0.6770110130310059,0.6815040111541748
2021-08-13 00:00:00,0.6772850155830383,11277970,0.6808069944381714,0.7109410166740417,0.671953022480011,0.6772850155830383
2021-08-14 00:00:00,0.6690400242805481,8240238,0.6772260069847107,0.686805009841919,0.6655439734458923,0.6690400242805481
2021-08-15 00:00:00,0.6681699752807617,6936669,0.6689509749412537,0.6829739809036255,0.6559839844703674,0.6681699752807617
2021-08-16 00:00:00,0.6663470268249512,7105782,0.6681889891624451,0.6847379803657532,0.6624889969825745,0.6663470268249512
2021-08-17 00:00:00,0.6587169766426086,5542489,0.6660900115966797,0.7020360231399536,0.6553260087966919,0.6587169766426086
2021-08-18 00:00:00,0.6547020077705383,5581849,0.658968985080719,0.6655550003051758,0.6455479860305786,0.6547020077705383
2021-08-19 00:00:00,0.6560689806938171,7124151,0.6541600227355957,0.6728990077972412,0.6374940276145935,0.6560689806938171
2021-08-20 00:00:00,0.6601160168647766,5186501,0.6561430096626282,0.6661660075187683,0.6464959979057312,0.6601160168647766
2021-08-21 00:00:00,0.6616430282592773,4750920,0.6601589918136597,0.6708980202674866,0.6493589878082275,0.6616430282592773
2021-08-22 00:00:00,0.6655619740486145,6980036,0.6614999771118164,0.670753002166748,0.654774010181427,0.6655619740486145
2021-08-23 00:00:00,0.6821920275688171,17054455,0.6656500101089478,0.6986349821090698,0.6542019844055176,0.6821920275688171
2021-08-24 00:00:00,0.8706949949264526,516160958,0.6821879744529724,1.0562609434127808,0.6798710227012634,0.8706949949264526
2021-08-25 00:00:00,0.8466600179672241,137122374,0.8706300258636475,0.927532970905304,0.8213409781455994,0.8466600179672241
2021-08-26 00:00:00,0.8789079785346985,105276790,0.8519319891929626,0.9194849729537964,0.8404639959335327,0.8789079785346985
2021-08-27 00:00:00,0.8654019832611084,56757222,0.8782849907875061,0.9092260003089905,0.8582199811935425,0.8654019832611084
2021-08-28 00:00:00,0.8353220224380493,35563226,0.865231990814209,0.8712940216064453,0.8347749710083008,0.8353220224380493
2021-08-29 00:00:00,0.7947319746017456,49113270,0.8345940113067627,0.844344973564148,0.7786819934844971,0.7947319746017456
2021-08-30 00:00:00,0.7709760069847107,25035795,0.7957239747047424,0.7987310290336609,0.7668300271034241,0.7709760069847107
2021-08-31 00:00:00,0.7862169742584229,26235607,0.7695410251617432,0.8050850033760071,0.7656670212745667,0.7862169742584229
2021-09-01 00:00:00,0.8043140172958374,46203653,0.7861199975013733,0.8780859708786011,0.7741929888725281,0.8043140172958374
2021-09-02 00:00:00,0.8009759783744812,24644257,0.8037899732589722,0.8140090107917786,0.7884460091590881,0.8009759783744812
2021-09-03 00:00:00,0.7986869812011719,20175725,0.8008760213851929,0.8188719749450684,0.7944089770317078,0.7986869812011719
2021-09-04 00:00:00,0.7835670113563538,18677189,0.7976089715957642,0.800341010093689,0.7785059809684753,0.7835670113563538
2021-09-05 00:00:00,0.7718939781188965,24064391,0.7827579975128174,0.7925879955291748,0.7617719769477844,0.7718939781188965
2021-09-06 00:00:00,0.7672970294952393,28512556,0.7718660235404968,0.7954540252685547,0.7633870244026184,0.7672970294952393
2021-09-07 00:00:00,0.6666340231895447,57691136,0.767507016658783,0.7694960236549377,0.6076819896697998,0.6666340231895447
2021-09-08 00:00:00,0.6539509892463684,24292846,0.6663619875907898,0.6787149906158447,0.6426690220832825,0.6539509892463684
2021-09-09 00:00:00,0.644910991191864,23624433,0.6474980115890503,0.6788910031318665,0.6426270008087158,0.644910991191864
2021-09-10 00:00:00,0.621632993221283,20004158,0.6443889737129211,0.6625829935073853,0.6095150113105774,0.621632993221283
2021-09-11 00:00:00,0.6070330142974854,13764282,0.6209719777107239,0.6408799886703491,0.5984860062599182,0.6070330142974854
2021-09-12 00:00:00,0.6317800283432007,15232584,0.6063039898872375,0.64478999376297,0.5996999740600586,0.6317800283432007
2021-09-13 00:00:00,0.6263329982757568,62664687,0.6318209767341614,0.7167159914970398,0.6099720001220703,0.6263329982757568
2021-09-14 00:00:00,0.6290109753608704,15252369,0.6261590123176575,0.6403170228004456,0.6174790263175964,0.6290109753608704
2021-09-15 00:00:00,0.631659984588623,17481626,0.627901017665863,0.642087996006012,0.6119089722633362,0.631659984588623
2021-09-16 00:00:00,0.6781269907951355,40743246,0.6324219703674316,0.6865310072898865,0.6294819712638855,0.6781269907951355
2021-09-17 00:00:00,0.6418359875679016,18467853,0.6783170104026794,0.6790050268173218,0.6385220289230347,0.6418359875679016
2021-09-18 00:00:00,0.6360139846801758,9199397,0.6403639912605286,0.6509900093078613,0.6329100131988525,0.6360139846801758
2021-09-19 00:00:00,0.6336050033569336,6599133,0.6374359726905823,0.6474720239639282,0.6303759813308716,0.6336050033569336
2021-09-20 00:00:00,0.6479820013046265,119573377,0.6336740255355835,0.8672379851341248,0.6253319978713989,0.6479820013046265
2021-09-21 00:00:00,0.6088590025901794,30860804,0.6509349942207336,0.6513370275497437,0.6013010144233704,0.6088590025901794
2021-09-22 00:00:00,0.6225720047950745,20649408,0.6088500022888184,0.6510909795761108,0.6056029796600342,0.6225720047950745
2021-09-23 00:00:00,0.6218050122261047,15277513,0.6229720115661621,0.6293389797210693,0.6135119795799255,0.6218050122261047
2021-09-24 00:00:00,0.5988709926605225,21909427,0.6223610043525696,0.624226987361908,0.5915989875793457,0.5988709926605225
2021-09-25 00:00:00,0.5899689793586731,8954971,0.5988600254058838,0.6027209758758545,0.5854970216751099,0.5899689793586731
2021-09-26 00:00:00,0.581758975982666,13510966,0.5902550220489502,0.5941439867019653,0.5752159953117371,0.581758975982666
2021-09-27 00:00:00,0.58297199010849,11274553,0.5809130072593689,0.5954949855804443,0.5787850022315979,0.58297199010849
2021-09-28 00:00:00,0.5915459990501404,26022921,0.5829629898071289,0.6030070185661316,0.5814340114593506,0.5915459990501404
2021-09-29 00:00:00,0.5869460105895996,17994064,0.5914160013198853,0.6006990075111389,0.5820630192756653,0.5869460105895996
2021-09-30 00:00:00,0.5867720246315002,13707665,0.5872700214385986,0.5914220213890076,0.5809540152549744,0.5867720246315002
2021-10-01 00:00:00,0.6192439794540405,21845244,0.5867589712142944,0.6294190287590027,0.5813220143318176,0.6192439794540405
2021-10-02 00:00:00,0.6100180149078369,10382138,0.6193010210990906,0.6253290176391602,0.60698401927948,0.6100180149078369
2021-10-03 00:00:00,0.6149550080299377,7436768,0.6092690229415894,0.6201210021972656,0.6066409945487976,0.6149550080299377
2021-10-04 00:00:00,0.6139450073242188,11935389,0.6145470142364502,0.6177489757537842,0.6026579737663269,0.6139450073242188
2021-10-05 00:00:00,0.6380829811096191,21467447,0.6124780178070068,0.650551974773407,0.6093909740447998,0.6380829811096191
2021-10-06 00:00:00,0.6483640074729919,39941076,0.638077974319458,0.7307419776916504,0.6324219703674316,0.6483640074729919
2021-10-07 00:00:00,0.6515529751777649,14783394,0.6483029723167419,0.6556500196456909,0.6342589855194092,0.6515529751777649
2021-10-08 00:00:00,0.6512159705162048,11307380,0.6500210165977478,0.6641579866409302,0.6486930251121521,0.6512159705162048
2021-10-09 00:00:00,0.7220579981803894,39374782,0.6523870229721069,0.7260670065879822,0.6509829759597778,0.7220579981803894
2021-10-10 00:00:00,0.7225660085678101,23351557,0.7208589911460876,0.7461599707603455,0.706413984298706,0.7225660085678101
2021-10-11 00:00:00,0.796438992023468,46551364,0.7226279973983765,0.807345986366272,0.7210010290145874,0.796438992023468
2021-10-12 00:00:00,0.8932170271873474,78135491,0.7965059876441956,0.8975189924240112,0.7839660048484802,0.8932170271873474
2021-10-13 00:00:00,0.9058949947357178,42078142,0.8941019773483276,0.911670982837677,0.87186598777771,0.9058949947357178
2021-10-14 00:00:00,0.8696699738502502,20043869,0.9062470197677612,0.9087539911270142,0.8647300004959106,0.8696699738502502
2021-10-15 00:00:00,0.8177369832992554,23732517,0.8696659803390503,0.871957004070282,0.812952995300293,0.8177369832992554
2021-10-16 00:00:00,0.8411399722099304,12350954,0.8148030042648315,0.8456500172615051,0.8144230246543884,0.8411399722099304
2021-10-17 00:00:00,0.8318009972572327,10387281,0.8441200256347656,0.8494750261306763,0.8288490176200867,0.8318009972572327
2021-10-18 00:00:00,0.8301360011100769,6620559,0.8317909836769104,0.8406109809875488,0.8270679712295532,0.8301360011100769
2021-10-19 00:00:00,0.8176349997520447,10775866,0.8304780125617981,0.8329309821128845,0.8129420280456543,0.8176349997520447
2021-10-20 00:00:00,0.8137789964675903,12895383,0.8194829821586609,0.8256620168685913,0.797773003578186,0.8137789964675903
2021-10-21 00:00:00,0.8624269962310791,23207179,0.8138779997825623,0.8644369840621948,0.8041999936103821,0.8624269962310791
2021-10-22 00:00:00,0.8957719802856445,30544340,0.8623420000076294,0.919963002204895,0.852662980556488,0.8957719802856445
2021-10-23 00:00:00,0.8987410068511963,12135467,0.8960390090942383,0.9226750135421753,0.8959469795227051,0.8987410068511963
2021-10-24 00:00:00,0.8973789811134338,12585758,0.9001550078392029,0.9206240177154541,0.8906369805335999,0.8973789811134338
2021-10-25 00:00:00,0.9045079946517944,9129161,0.8973309993743896,0.9063000082969666,0.8876919746398926,0.9045079946517944
2021-10-26 00:00:00,0.9001780152320862,11939561,0.9053620100021362,0.921379029750824,0.897409975528717,0.9001780152320862
2021-10-27 00:00:00,0.8875830173492432,16938954,0.9020860195159912,0.9144999980926514,0.8708980083465576,0.8875830173492432
2021-10-28 00:00:00,0.8857889771461487,17648580,0.8896139860153198,0.9071409702301025,0.8656100034713745,0.8857889771461487
2021-10-29 00:00:00,0.8939689993858337,10900133,0.8884660005569458,0.8999320268630981,0.8805450201034546,0.8939689993858337
2021-10-30 00:00:00,0.8905249834060669,8577934,0.8942000269889832,0.9056519865989685,0.8816919922828674,0.8905249834060669
2021-10-31 00:00:00,0.8925480246543884,7433615,0.8905689716339111,0.9023150205612183,0.8834310173988342,0.8925480246543884
2021-11-01 00:00:00,0.9032909870147705,8616304,0.8925049901008606,0.907148003578186,0.8817819952964783,0.9032909870147705
2021-11-02 00:00:00,0.92364102602005,13983093,0.9032930135726929,0.9255650043487549,0.8983709812164307,0.92364102602005
2021-11-03 00:00:00,0.9206370115280151,10603284,0.922989010810852,0.9318640232086182,0.9023299813270569,0.9206370115280151
2021-11-04 00:00:00,0.9564700126647949,24992698,0.9206230044364929,0.9751859903335571,0.9041590094566345,0.9564700126647949
2021-11-05 00:00:00,1.0675580501556396,53100755,0.9563890099525452,1.0709609985351562,0.9466760158538818,1.0675580501556396
2021-11-06 00:00:00,1.09906804561615,58675870,1.0669729709625244,1.112038016319275,1.034553050994873,1.09906804561615
2021-11-07 00:00:00,1.11873197555542,38381481,1.0983829498291016,1.1729029417037964,1.0824769735336304,1.11873197555542
2021-11-08 00:00:00,1.1250770092010498,17935786,1.1181199550628662,1.126621961593628,1.0960309505462646,1.1250770092010498
2021-11-09 00:00:00,1.1527849435806274,32338787,1.1240220069885254,1.1813520193099976,1.1061110496520996,1.1527849435806274
2021-11-10 00:00:00,1.1815650463104248,36003076,1.150210976600647,1.2323880195617676,1.148360013961792,1.1815650463104248
2021-11-11 00:00:00,1.3317259550094604,52321042,1.1815049648284912,1.3539910316467285,1.1677219867706299,1.3317259550094604
2021-11-12 00:00:00,1.2704910039901733,28650688,1.3252840042114258,1.3447099924087524,1.2667640447616577,1.2704910039901733
2021-11-13 00:00:00,1.2511600255966187,29247351,1.2686649560928345,1.2761629819869995,1.1963930130004883,1.2511600255966187
2021-11-14 00:00:00,1.2437150478363037,11064207,1.2443879842758179,1.2533669471740723,1.2329790592193604,1.2437150478363037
2021-11-15 00:00:00,1.217421054840088,21754960,1.2419250011444092,1.2459959983825684,1.18966805934906,1.217421054840088
2021-11-16 00:00:00,1.2523880004882812,67811998,1.2193069458007812,1.784142017364502,1.1831159591674805,1.2523880004882812
2021-11-17 00:00:00,1.1018459796905518,42582890,1.248373031616211,1.3249059915542603,1.099485993385315,1.1018459796905518
2021-11-18 00:00:00,1.0060319900512695,25356226,1.0995819568634033,1.1066299676895142,1.004235029220581,1.0060319900512695
2021-11-19 00:00:00,1.0266879796981812,29366244,1.008631944656372,1.0402250289916992,0.9929199814796448,1.0266879796981812
2021-11-20 00:00:00,1.099208950996399,21328717,1.0265990495681763,1.107100009918213,1.0220379829406738,1.099208950996399
2021-11-21 00:00:00,1.1117089986801147,22961387,1.1004860401153564,1.1669650077819824,1.09579598903656,1.1117089986801147
2021-11-22 00:00:00,1.1384739875793457,15293387,1.111575961112976,1.1497950553894043,1.1068049669265747,1.1384739875793457
2021-11-23 00:00:00,1.1401749849319458,11685552,1.1376999616622925,1.1460469961166382,1.1250859498977661,1.1401749849319458
2021-11-24 00:00:00,1.1345189809799194,11378186,1.1400799751281738,1.1411809921264648,1.0999640226364136,1.1345189809799194
2021-11-25 00:00:00,1.099424958229065,11851196,1.1011439561843872,1.1254639625549316,1.0971139669418335,1.099424958229065
2021-11-26 00:00:00,0.9844269752502441,28512404,1.1176730394363403,1.1330829858779907,0.9812660217285156,0.9844269752502441
2021-11-27 00:00:00,0.9330030083656311,24343449,0.983922004699707,1.006335973739624,0.9284909963607788,0.9330030083656311
2021-11-28 00:00:00,0.9309269785881042,14839897,0.9368630051612854,0.9383569955825806,0.9034010171890259,0.9309269785881042
2021-11-29 00:00:00,1.1072909832000732,52357325,0.9288300275802612,1.1332130432128906,0.9244089722633362,1.1072909832000732
2021-11-30 00:00:00,1.1986340284347534,177711353,1.1053329706192017,1.463804006576538,1.1016240119934082,1.1986340284347534
2021-12-01 00:00:00,1.1361249685287476,26895594,1.1982769966125488,1.219696044921875,1.1323490142822266,1.1361249685287476
2021-12-02 00:00:00,1.1280430555343628,12645819,1.1359330415725708,1.1530179977416992,1.1259649991989136,1.1280430555343628
2021-12-03 00:00:00,1.1019740104675293,16901890,1.130640983581543,1.146101951599121,1.0884439945220947,1.1019740104675293
2021-12-04 00:00:00,0.9970539808273315,33080816,1.1019190549850464,1.1065930128097534,0.9643129706382751,0.9970539808273315
2021-12-05 00:00:00,1.015086054801941,16205282,0.9969390034675598,1.0242799520492554,0.9883630275726318,1.015086054801941
2021-12-06 00:00:00,1.0357730388641357,22293022,1.0139470100402832,1.0454280376434326,1.0073529481887817,1.0357730388641357
2021-12-07 00:00:00,1.0391700267791748,11366010,1.0362050533294678,1.0529810190200806,1.022284984588623,1.0391700267791748
2021-12-08 00:00:00,1.0280070304870605,14332698,1.0391329526901245,1.0640289783477783,1.0250929594039917,1.0280070304870605
2021-12-09 00:00:00,1.0202499628067017,10094825,1.0269149541854858,1.0365020036697388,1.0078550577163696,1.0202499628067017
2021-12-10 00:00:00,1.0193899869918823,18707075,1.0206420421600342,1.055845022201538,1.0071369409561157,1.0193899869918823
2021-12-11 00:00:00,1.0275839567184448,12393886,1.019258975982666,1.0371969938278198,1.0101020336151123,1.0275839567184448
2021-12-12 00:00:00,1.0197440385818481,8659577,1.0274699926376343,1.0349129438400269,1.0180000066757202,1.0197440385818481
2021-12-13 00:00:00,0.9670220017433167,16193828,1.0202269554138184,1.033897042274475,0.9629799723625183,0.9670220017433167
2021-12-14 00:00:00,0.9555799961090088,13695977,0.9670109748840332,0.9717890024185181,0.9420509934425354,0.9555799961090088
2021-12-15 00:00:00,0.9740890264511108,13905447,0.9443690180778503,0.9741590023040771,0.9287840127944946,0.9740890264511108
2021-12-16 00:00:00,0.9657229781150818,8301846,0.9741759896278381,0.9781559705734253,0.9588710069656372,0.9657229781150818
2021-12-17 00:00:00,0.9138529896736145,14143278,0.9645630121231079,0.9792429804801941,0.9090679883956909,0.9138529896736145
2021-12-18 00:00:00,0.906624972820282,13705297,0.9143869876861572,0.9269809722900391,0.9042040109634399,0.906624972820282
2021-12-19 00:00:00,0.9100490212440491,12145622,0.9053590297698975,0.9187359809875488,0.8981509804725647,0.9100490212440491
2021-12-20 00:00:00,0.9103289842605591,11701567,0.9110990166664124,0.9173039793968201,0.8837469816207886,0.9103289842605591
2021-12-21 00:00:00,0.9188140034675598,11083689,0.9087749719619751,0.9325979948043823,0.9061750173568726,0.9188140034675598
2021-12-22 00:00:00,0.9080020189285278,10431398,0.918919026851654,0.9388189911842346,0.9052199721336365,0.9080020189285278
2021-12-23 00:00:00,1.07260000705719,36070788,0.9079350233078003,1.07260000705719,0.9039890170097351,1.07260000705719
2021-12-24 00:00:00,1.0321170091629028,37877820,1.0732710361480713,1.0807329416275024,1.00443696975708,1.0321170091629028
2021-12-25 00:00:00,1.0629669427871704,19895037,1.0293200016021729,1.0641740560531616,1.0185099840164185,1.0629669427871704
2021-12-26 00:00:00,1.0457890033721924,9901531,1.063004970550537,1.0717480182647705,1.0373289585113525,1.0457890033721924
2021-12-27 00:00:00,1.0743889808654785,14124210,1.0456639528274536,1.0869719982147217,1.045609951019287,1.0743889808654785
2021-12-28 00:00:00,1.051247000694275,16379448,1.0752880573272705,1.0902249813079834,1.0331740379333496,1.051247000694275
2021-12-29 00:00:00,1.0231900215148926,8511742,1.051198959350586,1.0535269975662231,1.0231900215148926,1.0231900215148926
2021-12-30 00:00:00,1.0287810564041138,7858161,1.0232319831848145,1.0421099662780762,1.0186690092086792,1.0287810564041138
2021-12-31 00:00:00,1.003674030303955,10143697,1.0288469791412354,1.0403419733047485,1.0015300512313843,1.003674030303955
2022-01-01 00:00:00,0.9943439960479736,7782027,1.0037959814071655,1.0167330503463745,0.9924589991569519,0.9943439960479736
2022-01-02 00:00:00,0.9975950121879578,6886635,0.9942790269851685,1.0049779415130615,0.9908909797668457,0.9975950121879578
2022-01-03 00:00:00,0.9712830185890198,9375603,0.9976720213890076,0.997937023639679,0.9660760164260864,0.9712830185890198
2022-01-04 00:00:00,0.9426000118255615,15919405,0.9712719917297363,0.9899119734764099,0.938847005367279,0.9426000118255615
2022-01-05 00:00:00,0.9195380210876465,10818859,0.9425989985466003,0.9530500173568726,0.9096519947052002,0.9195380210876465
2022-01-06 00:00:00,0.8946869969367981,11209329,0.9195619821548462,0.9215350151062012,0.888962984085083,0.8946869969367981
2022-01-07 00:00:00,0.8687250018119812,12195203,0.8942009806632996,0.9037150144577026,0.8664010167121887,0.8687250018119812
2022-01-08 00:00:00,0.867467999458313,10160759,0.8687360286712646,0.890159010887146,0.8627520203590393,0.867467999458313
2022-01-09 00:00:00,0.8482409715652466,7352285,0.8673369884490967,0.8780199885368347,0.8434150218963623,0.8482409715652466
2022-01-10 00:00:00,0.8395950198173523,9640857,0.8482570052146912,0.8637049794197083,0.8351029753684998,0.8395950198173523
2022-01-11 00:00:00,1.026831030845642,51929919,0.8395709991455078,1.0426429510116577,0.8382260203361511,1.026831030845642
2022-01-12 00:00:00,0.9960330128669739,15273924,1.0266289710998535,1.0295439958572388,0.9898210167884827,0.9960330128669739
2022-01-13 00:00:00,1.2343080043792725,78069991,0.9959560036659241,1.256227970123291,0.9934520125389099,1.2343080043792725
2022-01-14 00:00:00,1.1173089742660522,43975248,1.2330009937286377,1.2481119632720947,1.1016819477081299,1.1173089742660522
2022-01-15 00:00:00,1.1712199449539185,23065486,1.1174030303955078,1.1918599605560303,1.1107150316238403,1.1712199449539185
2022-01-16 00:00:00,1.2156269550323486,20336409,1.1714260578155518,1.2208670377731323,1.1693229675292969,1.2156269550323486
2022-01-17 00:00:00,1.132215976715088,19072880,1.215248942375183,1.2168660163879395,1.1217520236968994,1.132215976715088
2022-01-18 00:00:00,1.0065569877624512,21625744,1.132182002067566,1.1333329677581787,1.0012580156326294,1.0065569877624512
2022-01-19 00:00:00,1.0098600387573242,16919433,1.0066139698028564,1.035688042640686,0.9913989901542664,1.0098600387573242
2022-01-20 00:00:00,0.9755200147628784,9525533,1.010342001914978,1.0316070318222046,0.9754220247268677,0.9755200147628784
2022-01-21 00:00:00,0.7568730115890503,29861776,0.976019024848938,0.9856190085411072,0.7541059851646423,0.7568730115890503
2022-01-22 00:00:00,0.729882001876831,18149313,0.7583240270614624,0.7690830230712891,0.7228440046310425,0.729882001876831
2022-01-23 00:00:00,0.7485870122909546,11292648,0.7299960255622864,0.7569100260734558,0.7217190265655518,0.7485870122909546
2022-01-24 00:00:00,0.7854599952697754,36627454,0.7485520243644714,0.8089540004730225,0.7071999907493591,0.7854599952697754
2022-01-25 00:00:00,0.7106710076332092,19281620,0.7852960228919983,0.7909079790115356,0.6968280076980591,0.7106710076332092
2022-01-26 00:00:00,0.6908320188522339,12636299,0.7108330130577087,0.72052001953125,0.6858329772949219,0.6908320188522339
2022-01-27 00:00:00,0.6801699995994568,9463878,0.6907910108566284,0.6974520087242126,0.6676440238952637,0.6801699995994568
2022-01-28 00:00:00,0.6872820258140564,10037915,0.6799830198287964,0.6943939924240112,0.6608179807662964,0.6872820258140564
2022-01-29 00:00:00,0.6849870085716248,10044542,0.6871479749679565,0.6956390142440796,0.6712859869003296,0.6849870085716248
2022-01-30 00:00:00,0.680670976638794,6772719,0.6852099895477295,0.7000179886817932,0.6731629967689514,0.680670976638794
2022-01-31 00:00:00,0.6813579797744751,8133575,0.6807119846343994,0.7068880200386047,0.674003005027771,0.6813579797744751
2022-02-01 00:00:00,0.6941999793052673,8307457,0.6812090277671814,0.7073739767074585,0.6772729754447937,0.6941999793052673
2022-02-02 00:00:00,0.6774880290031433,6920782,0.6942160129547119,0.7012730240821838,0.6755959987640381,0.6774880290031433
2022-02-03 00:00:00,0.6834250092506409,6878015,0.6775739789009094,0.6915240287780762,0.6709799766540527,0.6834250092506409
2022-02-04 00:00:00,0.7128440141677856,12769236,0.684486985206604,0.7195379734039307,0.680528998374939,0.7128440141677856
2022-02-05 00:00:00,0.7128239870071411,9145857,0.7129459977149963,0.7371450066566467,0.7015089988708496,0.7128239870071411
2022-02-06 00:00:00,0.7302539944648743,6405746,0.7127919793128967,0.7364609837532043,0.7114660143852234,0.7302539944648743
2022-02-07 00:00:00,0.7324129939079285,8553837,0.7302330136299133,0.7376559972763062,0.7221699953079224,0.7324129939079285
2022-02-08 00:00:00,0.713778018951416,9291764,0.7324349880218506,0.7324349880218506,0.7025730013847351,0.713778018951416
2022-02-09 00:00:00,0.7246429920196533,6521384,0.7135090231895447,0.7365509867668152,0.7019990086555481,0.7246429920196533
2022-02-10 00:00:00,0.6978319883346558,10129718,0.7244349718093872,0.7322490215301514,0.6908100247383118,0.6978319883346558
2022-02-11 00:00:00,0.6976730227470398,28269062,0.6979010105133057,0.8005329966545105,0.6918669939041138,0.6976730227470398
2022-02-12 00:00:00,0.7021620273590088,22311101,0.698777973651886,0.7469009757041931,0.6944670081138611,0.7021620273590088
2022-02-13 00:00:00,0.6812959909439087,7811504,0.70209801197052,0.7082409858703613,0.6789399981498718,0.6812959909439087
2022-02-14 00:00:00,0.683788001537323,5505131,0.6810680031776428,0.6940749883651733,0.6782320141792297,0.683788001537323
2022-02-15 00:00:00,0.6960960030555725,6575012,0.6837549805641174,0.7031000256538391,0.6826540231704712,0.6960960030555725
2022-02-16 00:00:00,0.6834310293197632,5844069,0.6961619853973389,0.7016159892082214,0.6821960210800171,0.6834310293197632
2022-02-17 00:00:00,0.6759889721870422,4793244,0.6830120086669922,0.693306028842926,0.6756489872932434,0.6759889721870422
2022-02-18 00:00:00,0.6584600210189819,6869464,0.676110029220581,0.6767020225524902,0.6582990288734436,0.6584600210189819
2022-02-19 00:00:00,0.6499699950218201,6060448,0.6583240032196045,0.6616290211677551,0.646793007850647,0.6499699950218201
2022-02-20 00:00:00,0.6309000253677368,7015272,0.6499750018119812,0.6515539884567261,0.6301159858703613,0.6309000253677368
2022-02-21 00:00:00,0.6275039911270142,6075131,0.6308220028877258,0.6465169787406921,0.6249039769172668,0.6275039911270142
2022-02-22 00:00:00,0.6244840025901794,7898541,0.6271650195121765,0.634211003780365,0.6148210167884827,0.6244840025901794
2022-02-23 00:00:00,0.6035820245742798,9780359,0.6244630217552185,0.6263520121574402,0.6030889749526978,0.6035820245742798
2022-02-24 00:00:00,0.5795660018920898,22114801,0.6034749746322632,0.607712984085083,0.5691329836845398,0.5795660018920898
2022-02-25 00:00:00,0.5851070284843445,15909278,0.5795480012893677,0.5881509780883789,0.5693050026893616,0.5851070284843445
2022-02-26 00:00:00,0.5765740275382996,12530989,0.5851590037345886,0.5901520252227783,0.5750110149383545,0.5765740275382996
2022-02-27 00:00:00,0.571835994720459,16287689,0.5765510201454163,0.6282789707183838,0.5692980289459229,0.571835994720459
2022-02-28 00:00:00,0.5842159986495972,12588702,0.5718129873275757,0.5858370065689087,0.5654540061950684,0.5842159986495972
2022-03-01 00:00:00,0.5858010053634644,14362858,0.584850013256073,0.5926709771156311,0.5767970085144043,0.5858010053634644
2022-03-02 00:00:00,0.5813559889793396,11773236,0.5857809782028198,0.5907400250434875,0.5797500014305115,0.5813559889793396
2022-03-03 00:00:00,0.5849480032920837,16391399,0.5814329981803894,0.6033390164375305,0.5768929719924927,0.5849480032920837
2022-03-04 00:00:00,0.5761250257492065,12673705,0.5849149823188782,0.597121000289917,0.5740129947662354,0.5761250257492065
2022-03-05 00:00:00,0.5703110098838806,10123462,0.5762119889259338,0.5804309844970703,0.5680660009384155,0.5703110098838806
2022-03-06 00:00:00,0.5610849857330322,12009766,0.5703579783439636,0.5799970030784607,0.5599669814109802,0.5610849857330322
2022-03-07 00:00:00,0.5394430160522461,11847725,0.561335027217865,0.561335027217865,0.5384269952774048,0.5394430160522461
2022-03-08 00:00:00,0.5292789936065674,11491322,0.5393419861793518,0.5431360006332397,0.5282359719276428,0.5292789936065674
2022-03-09 00:00:00,0.5530200004577637,35704667,0.5292689800262451,0.6313989758491516,0.5292379856109619,0.5530200004577637
2022-03-10 00:00:00,0.5564839839935303,15596238,0.5530419945716858,0.5646830201148987,0.5449569821357727,0.5564839839935303
2022-03-11 00:00:00,0.5500929951667786,9215346,0.5565009713172913,0.5573009848594666,0.5497369766235352,0.5500929951667786
2022-03-12 00:00:00,0.5482289791107178,7705572,0.5500959753990173,0.5548020005226135,0.5477489829063416,0.5482289791107178
2022-03-13 00:00:00,0.5412470102310181,8798748,0.5481899976730347,0.5495070219039917,0.5407050251960754,0.5412470102310181
2022-03-14 00:00:00,0.5514039993286133,9730807,0.5412129759788513,0.5539820194244385,0.5398110151290894,0.5514039993286133
2022-03-15 00:00:00,0.537276029586792,11087911,0.5513929724693298,0.5516530275344849,0.5362110137939453,0.537276029586792
2022-03-16 00:00:00,0.5405340194702148,9904915,0.5372470021247864,0.5467240214347839,0.5357589721679688,0.5405340194702148
2022-03-17 00:00:00,0.5399540066719055,9540558,0.5404490232467651,0.5409939885139465,0.5342180132865906,0.5399540066719055
2022-03-18 00:00:00,0.5383279919624329,9968475,0.539795994758606,0.5467169880867004,0.5338259935379028,0.5383279919624329
2022-03-19 00:00:00,0.5453010201454163,11218197,0.5382639765739441,0.5485870242118835,0.5382180213928223,0.5453010201454163
2022-03-20 00:00:00,0.5433930158615112,12686589,0.5453119874000549,0.5553920269012451,0.5410959720611572,0.5433930158615112
2022-03-21 00:00:00,0.5554310083389282,13023868,0.5436040163040161,0.5569350123405457,0.5431320071220398,0.5554310083389282
2022-03-22 00:00:00,0.5648069977760315,17649029,0.5554879903793335,0.5662230253219604,0.5507270097732544,0.5648069977760315
2022-03-23 00:00:00,0.5654140114784241,14323541,0.5648549795150757,0.5737680196762085,0.5593330264091492,0.5654140114784241
2022-03-24 00:00:00,0.559315025806427,11451421,0.5654259920120239,0.5694779753684998,0.5565310120582581,0.559315025806427
2022-03-25 00:00:00,0.5595160126686096,10102324,0.5592610239982605,0.5668200254440308,0.5547569990158081,0.5595160126686096
2022-03-26 00:00:00,0.564765989780426,8783187,0.5594729781150818,0.5722450017929077,0.5588669776916504,0.564765989780426
2022-03-27 00:00:00,0.5703439712524414,10314435,0.5647879838943481,0.5732319951057434,0.5614179968833923,0.5703439712524414
2022-03-28 00:00:00,0.5727260112762451,19651087,0.5703539848327637,0.5860819816589355,0.5680320262908936,0.5727260112762451
2022-03-29 00:00:00,0.5694289803504944,12528403,0.5726889967918396,0.5838850140571594,0.5676230192184448,0.5694289803504944
2022-03-30 00:00:00,0.5698829889297485,11396854,0.569445013999939,0.5751969814300537,0.5626670122146606,0.5698829889297485
2022-03-31 00:00:00,0.559436023235321,15759687,0.5698590278625488,0.579200029373169,0.5587520003318787,0.559436023235321
2022-04-01 00:00:00,0.5680620074272156,13096367,0.5595960021018982,0.5720909833908081,0.5563939809799194,0.5680620074272156
2022-04-02 00:00:00,0.5923280119895935,23701871,0.5680320262908936,0.5992140173912048,0.566985011100769,0.5923280119895935
2022-04-03 00:00:00,0.6169260144233704,25891366,0.5922849774360657,0.6245309710502625,0.5834329724311829,0.6169260144233704
2022-04-04 00:00:00,0.5943300127983093,16881374,0.6169480085372925,0.6179810166358948,0.5834689736366272,0.5943300127983093
2022-04-05 00:00:00,0.567205011844635,14383578,0.5943470001220703,0.5977150201797485,0.5670350193977356,0.567205011844635
2022-04-06 00:00:00,0.5434719920158386,14591469,0.5673810243606567,0.5682939887046814,0.5434460043907166,0.5434719920158386
2022-04-07 00:00:00,0.5436319708824158,11420413,0.5435150265693665,0.5539309978485107,0.5383489727973938,0.5436319708824158
2022-04-08 00:00:00,0.5366719961166382,9898889,0.5435810089111328,0.5484189987182617,0.53301602602005,0.5366719961166382
2022-04-09 00:00:00,0.5417569875717163,12337006,0.5365620255470276,0.5504770278930664,0.5302910208702087,0.5417569875717163
2022-04-10 00:00:00,0.5347869992256165,9651684,0.5417889952659607,0.5480189919471741,0.5346270203590393,0.5347869992256165
2022-04-11 00:00:00,0.5157970190048218,10948477,0.5348010063171387,0.5364909768104553,0.5157970190048218,0.5157970190048218
2022-04-12 00:00:00,0.5187940001487732,7379987,0.5158129930496216,0.5219420194625854,0.5107730031013489,0.5187940001487732
2022-04-13 00:00:00,0.526731014251709,9445763,0.5187669992446899,0.5291770100593567,0.5113549828529358,0.526731014251709
2022-04-14 00:00:00,0.5446659922599792,27078565,0.5267429947853088,0.5710319876670837,0.5254700183868408,0.5446659922599792
2022-04-15 00:00:00,0.5882099866867065,22044983,0.5444740056991577,0.591804027557373,0.5438299775123596,0.5882099866867065
2022-04-16 00:00:00,0.5741270184516907,19118824,0.5882109999656677,0.5957369804382324,0.5725460052490234,0.5741270184516907
2022-04-17 00:00:00,0.5607360005378723,12198976,0.5741130113601685,0.5750240087509155,0.5599279999732971,0.5607360005378723
2022-04-18 00:00:00,0.5537819862365723,11614673,0.5607219934463501,0.5610669851303101,0.5433989763259888,0.5537819862365723
2022-04-19 00:00:00,0.5587829947471619,11796107,0.5537440180778503,0.5623829960823059,0.5485180020332336,0.5587829947471619
2022-04-20 00:00:00,0.5573869943618774,9810091,0.558791995048523,0.5641819834709167,0.5528339743614197,0.5573869943618774
2022-04-21 00:00:00,0.5398889780044556,12406351,0.5573790073394775,0.5588359832763672,0.5381320118904114,0.5398889780044556
2022-04-22 00:00:00,0.5254780054092407,12125052,0.5398790240287781,0.5421320199966431,0.5239689946174622,0.5254780054092407
2022-04-23 00:00:00,0.521569013595581,4752997,0.5255129933357239,0.5278769731521606,0.5207059979438782,0.521569013595581
2022-04-24 00:00:00,0.5020560026168823,5946436,0.5215359926223755,0.5263460278511047,0.5020560026168823,0.5020560026168823
2022-04-25 00:00:00,0.49622800946235657,5744241,0.5020679831504822,0.502469003200531,0.4953170120716095,0.49622800946235657
2022-04-26 00:00:00,0.4926280081272125,7819804,0.49658000469207764,0.5073140263557434,0.49254098534584045,0.4926280081272125
2022-04-27 00:00:00,0.4957819879055023,3900000,0.49266499280929565,0.49834299087524414,0.4913350045681,0.4957819879055023
2022-04-28 00:00:00,0.4983310103416443,5384934,0.49574699997901917,0.4990350008010864,0.49455100297927856,0.4983310103416443
2022-04-29 00:00:00,0.4906010031700134,5944772,0.49831798672676086,0.5010989904403687,0.4904190003871918,0.4906010031700134
2022-04-30 00:00:00,0.40543800592422485,29668789,0.49056699872016907,0.4938490092754364,0.4023660123348236,0.40543800592422485
2022-05-01 00:00:00,0.40035900473594666,9476138,0.405366986989975,0.409960001707077,0.39199098944664,0.40035900473594666
2022-05-02 00:00:00,0.38343000411987305,8367509,0.40027299523353577,0.40136200189590454,0.3828609883785248,0.38343000411987305
2022-05-03 00:00:00,0.3788270056247711,7297017,0.3835810124874115,0.38750800490379333,0.37786298990249634,0.3788270056247711
2022-05-04 00:00:00,0.37929901480674744,9320544,0.3789210021495819,0.38254600763320923,0.3672949969768524,0.37929901480674744
2022-05-05 00:00:00,0.3634380102157593,8923705,0.37915098667144775,0.381289005279541,0.3623420000076294,0.3634380102157593
2022-05-06 00:00:00,0.36318299174308777,6801486,0.3634659945964813,0.3660550117492676,0.3598169982433319,0.36318299174308777
2022-05-07 00:00:00,0.35907500982284546,4901443,0.3630659878253937,0.3654550015926361,0.3584910035133362,0.35907500982284546
2022-05-08 00:00:00,0.3541490137577057,5363971,0.3591279983520508,0.3603230118751526,0.3526639938354492,0.3541490137577057
2022-05-09 00:00:00,0.32181400060653687,8438627,0.35424700379371643,0.3560110032558441,0.32150599360466003,0.32181400060653687
2022-05-10 00:00:00,0.32555699348449707,8192427,0.3219130039215088,0.33456799387931824,0.32138898968696594,0.32555699348449707
2022-05-11 00:00:00,0.2897320091724396,15644698,0.32558301091194153,0.33250299096107483,0.27560800313949585,0.2897320091724396
2022-05-12 00:00:00,0.27656400203704834,10850878,0.2897840142250061,0.31106600165367126,0.2737469971179962,0.27656400203704834
2022-05-13 00:00:00,0.2728610038757324,6800366,0.27637600898742676,0.29163599014282227,0.27222099900245667,0.2728610038757324
2022-05-14 00:00:00,0.2719619870185852,4304180,0.27285900712013245,0.27633199095726013,0.2669689953327179,0.2719619870185852
2022-05-15 00:00:00,0.2771170139312744,4738900,0.27199700474739075,0.2771199941635132,0.2675729990005493,0.2771170139312744
2022-05-16 00:00:00,0.26934200525283813,4940120,0.2771179974079132,0.2771179974079132,0.2669360041618347,0.26934200525283813
2022-05-17 00:00:00,0.26360800862312317,5458612,0.2692919969558716,0.2740660011768341,0.26360800862312317,0.26360800862312317
2022-05-18 00:00:00,0.2553440034389496,4771595,0.26378801465034485,0.26476699113845825,0.25377199053764343,0.2553440034389496
2022-05-19 00:00:00,0.25693199038505554,4295473,0.2552120089530945,0.25800299644470215,0.2506850063800812,0.25693199038505554
2022-05-20 00:00:00,0.24993999302387238,4693657,0.25693801045417786,0.2575410008430481,0.24988000094890594,0.24993999302387238
2022-05-21 00:00:00,0.2526629865169525,5260869,0.2499299943447113,0.2557060122489929,0.24934500455856323,0.2526629865169525
2022-05-22 00:00:00,0.2541149854660034,6349795,0.2526499927043915,0.25722000002861023,0.25124600529670715,0.2541149854660034
2022-05-23 00:00:00,0.2510469853878021,6262748,0.25412100553512573,0.2560020089149475,0.24928699433803558,0.2510469853878021
2022-05-24 00:00:00,0.25488799810409546,12580217,0.2511279881000519,0.2603819966316223,0.25049901008605957,0.25488799810409546
2022-05-25 00:00:00,0.24848300218582153,7212274,0.25488799810409546,0.25721800327301025,0.24793599545955658,0.24848300218582153
2022-05-26 00:00:00,0.24125699698925018,8488709,0.24848900735378265,0.25078099966049194,0.24118199944496155,0.24125699698925018
2022-05-27 00:00:00,0.23409299552440643,9798824,0.2411710023880005,0.24251699447631836,0.23278699815273285,0.23409299552440643
2022-05-28 00:00:00,0.23687699437141418,7005895,0.23628899455070496,0.2381490021944046,0.23338699340820312,0.23687699437141418
2022-05-29 00:00:00,0.2380719929933548,6098126,0.23677200078964233,0.23840400576591492,0.23418499529361725,0.2380719929933548
2022-05-30 00:00:00,0.23928000032901764,8538578,0.2380640059709549,0.2427300065755844,0.23597300052642822,0.23928000032901764
2022-05-31 00:00:00,0.23844799399375916,8171984,0.23928199708461761,0.2438099980354309,0.236393004655838,0.23844799399375916
2022-06-01 00:00:00,0.23274199664592743,4309476,0.23892399668693542,0.2395399957895279,0.23209699988365173,0.23274199664592743
2022-06-02 00:00:00,0.23221899569034576,2624081,0.2327049970626831,0.23438699543476105,0.23106999695301056,0.23221899569034576
2022-06-03 00:00:00,0.23029300570487976,2302394,0.232232004404068,0.23274099826812744,0.22939400374889374,0.23029300570487976
2022-06-04 00:00:00,0.2284179925918579,2447292,0.23031100630760193,0.23148000240325928,0.2278050035238266,0.2284179925918579
2022-06-05 00:00:00,0.22827599942684174,2700018,0.22846899926662445,0.2314079999923706,0.22707700729370117,0.22827599942684174
2022-06-06 00:00:00,0.22917500138282776,3047648,0.22823500633239746,0.23366299271583557,0.2280379980802536,0.22917500138282776
2022-06-07 00:00:00,0.22906099259853363,3330640,0.22919100522994995,0.23198899626731873,0.22653700411319733,0.22906099259853363
2022-06-08 00:00:00,0.2308170050382614,5024812,0.22901299595832825,0.2355400025844574,0.22553199529647827,0.2308170050382614
2022-06-09 00:00:00,0.22886499762535095,3594336,0.23073600232601166,0.23339100182056427,0.2277030050754547,0.22886499762535095
2022-06-10 00:00:00,0.22112999856472015,4891246,0.22884400188922882,0.23354800045490265,0.21978700160980225,0.22112999856472015
2022-06-11 00:00:00,0.21214400231838226,4088189,0.22111700475215912,0.22296400368213654,0.21172399818897247,0.21214400231838226
2022-06-12 00:00:00,0.20900900661945343,3857162,0.21218200027942657,0.2138720005750656,0.20849399268627167,0.20900900661945343
2022-06-13 00:00:00,0.18209600448608398,12829300,0.20896999537944794,0.20950600504875183,0.18128900229930878,0.18209600448608398
2022-06-14 00:00:00,0.18426799774169922,4634166,0.18208500742912292,0.18486900627613068,0.17985500395298004,0.18426799774169922
2022-06-15 00:00:00,0.18136900663375854,4901512,0.18426400423049927,0.1851699948310852,0.1775439977645874,0.18136900663375854
2022-06-16 00:00:00,0.17618000507354736,3959565,0.1814190000295639,0.1839810013771057,0.17538100481033325,0.17618000507354736
2022-06-17 00:00:00,0.1763480007648468,2953135,0.17630800604820251,0.17900599539279938,0.17464399337768555,0.1763480007648468
2022-06-18 00:00:00,0.16383300721645355,6020229,0.17632000148296356,0.17842699587345123,0.1585730016231537,0.16383300721645355
2022-06-19 00:00:00,0.16406700015068054,4745853,0.16387000679969788,0.16636599600315094,0.1600019931793213,0.16406700015068054
2022-06-20 00:00:00,0.16190199553966522,4674240,0.16402000188827515,0.16449600458145142,0.15961100161075592,0.16190199553966522
2022-06-21 00:00:00,0.159743994474411,3470548,0.16192899644374847,0.1645430028438568,0.1596039980649948,0.159743994474411
2022-06-22 00:00:00,0.15860599279403687,3826268,0.15977099537849426,0.1628659963607788,0.15802200138568878,0.15860599279403687
2022-06-23 00:00:00,0.15935899317264557,4372268,0.1585949957370758,0.16140000522136688,0.15770800411701202,0.15935899317264557
2022-06-24 00:00:00,0.1591850072145462,4538536,0.15938200056552887,0.1631390005350113,0.15833400189876556,0.1591850072145462
2022-06-25 00:00:00,0.15973599255084991,3958101,0.15919199585914612,0.1624480038881302,0.15809400379657745,0.15973599255084991
2022-06-26 00:00:00,0.15837599337100983,3918442,0.1593720018863678,0.16269099712371826,0.15791800618171692,0.15837599337100983
2022-06-27 00:00:00,0.15852899849414825,13208050,0.1584099978208542,0.20038999617099762,0.15828700363636017,0.15852899849414825
2022-06-28 00:00:00,0.1551859974861145,4608744,0.1584790050983429,0.1594969928264618,0.15473699569702148,0.1551859974861145
2022-06-29 00:00:00,0.15436600148677826,4165691,0.15519599616527557,0.15617699921131134,0.15397599339485168,0.15436600148677826
2022-06-30 00:00:00,0.15472100675106049,6807763,0.1543869972229004,0.16747599840164185,0.15250900387763977,0.15472100675106049
2022-07-01 00:00:00,0.14952300488948822,5960035,0.1546970009803772,0.1558550000190735,0.14874500036239624,0.14952300488948822
2022-07-02 00:00:00,0.15014499425888062,3896290,0.14951999485492706,0.15147000551223755,0.1484300047159195,0.15014499425888062
2022-07-03 00:00:00,0.1501850038766861,2312116,0.15013499557971954,0.15288600325584412,0.14898799359798431,0.1501850038766861
2022-07-04 00:00:00,0.15148800611495972,2972389,0.15019799768924713,0.15201400220394135,0.1485850065946579,0.15148800611495972
2022-07-05 00:00:00,0.14837700128555298,3491154,0.15146200358867645,0.15190300345420837,0.14830799400806427,0.14837700128555298
2022-07-06 00:00:00,0.15169300138950348,3779850,0.14837700128555298,0.152661994099617,0.1479569971561432,0.15169300138950348
2022-07-07 00:00:00,0.15230800211429596,4641681,0.15170599520206451,0.15731100738048553,0.14956699311733246,0.15230800211429596
2022-07-08 00:00:00,0.14920499920845032,3896110,0.15230000019073486,0.15519100427627563,0.14920499920845032,0.14920499920845032
2022-07-09 00:00:00,0.15029999613761902,3027238,0.1491750031709671,0.15098600089550018,0.14875100553035736,0.15029999613761902
2022-07-10 00:00:00,0.15331299602985382,23009188,0.15027500689029694,0.2171739935874939,0.14887100458145142,0.15331299602985382
2022-07-11 00:00:00,0.15091100335121155,8485061,0.15333600342273712,0.16419999301433563,0.15047100186347961,0.15091100335121155
2022-07-12 00:00:00,0.15031300485134125,6282784,0.15086999535560608,0.15452300012111664,0.14921900629997253,0.15031300485134125
2022-07-13 00:00:00,0.1511950045824051,4572150,0.15032300353050232,0.15334700047969818,0.14843200147151947,0.1511950045824051
2022-07-14 00:00:00,0.1548449993133545,7093934,0.1510619968175888,0.15854400396347046,0.14916999638080597,0.1548449993133545
2022-07-15 00:00:00,0.15249000489711761,4535955,0.15485399961471558,0.1561090052127838,0.15186099708080292,0.15249000489711761
2022-07-16 00:00:00,0.15406499803066254,4631657,0.15250800549983978,0.15484300255775452,0.1508290022611618,0.15406499803066254
2022-07-17 00:00:00,0.1520099937915802,3749638,0.15415699779987335,0.15606899559497833,0.15145300328731537,0.1520099937915802
2022-07-18 00:00:00,0.15566900372505188,5510722,0.15211400389671326,0.15749700367450714,0.1518079936504364,0.15566900372505188
2022-07-19 00:00:00,0.15654799342155457,5196004,0.15568800270557404,0.16077600419521332,0.15453599393367767,0.15654799342155457
2022-07-20 00:00:00,0.15436099469661713,4794803,0.15654300153255463,0.16089700162410736,0.15416200459003448,0.15436099469661713
2022-07-21 00:00:00,0.1575399935245514,5516749,0.15434999763965607,0.1606920063495636,0.15427100658416748,0.1575399935245514
2022-07-22 00:00:00,0.1579580008983612,4078828,0.15755699574947357,0.16032099723815918,0.15682099759578705,0.1579580008983612
2022-07-23 00:00:00,0.16074299812316895,4113292,0.15794500708580017,0.16173799335956573,0.15751299262046814,0.16074299812316895
2022-07-24 00:00:00,0.15764400362968445,3061317,0.1607149988412857,0.1613840013742447,0.1574449986219406,0.15764400362968445
2022-07-25 00:00:00,0.1550319939851761,3214501,0.15765999257564545,0.15774300694465637,0.15489499270915985,0.1550319939851761
2022-07-26 00:00:00,0.15438899397850037,2369396,0.1550319939851761,0.1552640050649643,0.15363000333309174,0.15438899397850037
2022-07-27 00:00:00,0.1569730043411255,2747960,0.15445299446582794,0.15784800052642822,0.1532279998064041,0.1569730043411255
2022-07-28 00:00:00,0.15809600055217743,4289072,0.1569720059633255,0.16050800681114197,0.15480099618434906,0.15809600055217743
2022-07-29 00:00:00,0.1648309975862503,8308383,0.15812499821186066,0.16650499403476715,0.15772399306297302,0.1648309975862503
2022-07-30 00:00:00,0.16301800310611725,6623604,0.16502200067043304,0.16854800283908844,0.1628900021314621,0.16301800310611725
2022-07-31 00:00:00,0.16203099489212036,3654792,0.16299700736999512,0.16551700234413147,0.16191400587558746,0.16203099489212036
2022-08-01 00:00:00,0.16357100009918213,3581881,0.1620510071516037,0.1650490015745163,0.1618019938468933,0.16357100009918213
2022-08-02 00:00:00,0.15997600555419922,2904060,0.16351400315761566,0.16351400315761566,0.1582539975643158,0.15997600555419922
2022-08-03 00:00:00,0.15884099900722504,2887955,0.15998399257659912,0.16191400587558746,0.15718300640583038,0.15884099900722504
2022-08-04 00:00:00,0.15813900530338287,2785508,0.15882599353790283,0.1605290025472641,0.15776200592517853,0.15813900530338287
2022-08-05 00:00:00,0.16086000204086304,2720287,0.15812699496746063,0.16141000390052795,0.1581220030784607,0.16086000204086304
2022-08-06 00:00:00,0.15931600332260132,2812539,0.16086800396442413,0.16108499467372894,0.1588599979877472,0.15931600332260132
2022-08-07 00:00:00,0.1596049964427948,1808825,0.15931999683380127,0.16007100045681,0.15848800539970398,0.1596049964427948
2022-08-08 00:00:00,0.16100400686264038,3299156,0.15961000323295593,0.1613679975271225,0.15928499400615692,0.16100400686264038
2022-08-09 00:00:00,0.15904000401496887,4617353,0.16103099286556244,0.16196399927139282,0.15817900002002716,0.15904000401496887
2022-08-10 00:00:00,0.1608089953660965,5842452,0.15907399356365204,0.16217400133609772,0.15838000178337097,0.1608089953660965
2022-08-11 00:00:00,0.15909700095653534,11030366,0.16088800132274628,0.16195400059223175,0.15897400677204132,0.15909700095653534
2022-08-12 00:00:00,0.15921099483966827,3756378,0.15907900035381317,0.16042999923229218,0.15838399529457092,0.15921099483966827
2022-08-13 00:00:00,0.15793299674987793,2326517,0.15921799838542938,0.1598619967699051,0.15754500031471252,0.15793299674987793
2022-08-14 00:00:00,0.15108799934387207,4334604,0.15795199573040009,0.15808700025081635,0.1502780020236969,0.15108799934387207
2022-08-15 00:00:00,0.14887000620365143,5303704,0.15086300671100616,0.15165600180625916,0.14809100329875946,0.14887000620365143
2022-08-16 00:00:00,0.14761799573898315,2883197,0.14884699881076813,0.14884699881076813,0.1474429965019226,0.14761799573898315
2022-08-17 00:00:00,0.1462620049715042,2623341,0.14763599634170532,0.14915500581264496,0.14575700461864471,0.1462620049715042
2022-08-18 00:00:00,0.14555799961090088,2556609,0.14629299938678741,0.14717400074005127,0.14485099911689758,0.14555799961090088
2022-08-19 00:00:00,0.16959400475025177,60800091,0.14557099342346191,0.20389899611473083,0.14411699771881104,0.16959400475025177
2022-08-20 00:00:00,0.16646400094032288,51071993,0.16957800090312958,0.19534499943256378,0.16448800265789032,0.16646400094032288
2022-08-21 00:00:00,0.19698399305343628,55592977,0.16644300520420074,0.20791399478912354,0.16408899426460266,0.19698399305343628
2022-08-22 00:00:00,0.20378799736499786,44292949,0.19711099565029144,0.20898200571537018,0.1907700002193451,0.20378799736499786
2022-08-23 00:00:00,0.22670599818229675,63885278,0.20377500355243683,0.23946599662303925,0.203575000166893,0.22670599818229675
2022-08-24 00:00:00,0.234483003616333,30001931,0.2266869992017746,0.23910999298095703,0.2247910052537918,0.234483003616333
2022-08-25 00:00:00,0.24255600571632385,22054616,0.23453600704669952,0.24271300435066223,0.2250470072031021,0.24255600571632385
2022-08-26 00:00:00,0.22676099836826324,17857380,0.24261300265789032,0.2487349957227707,0.22676099836826324,0.22676099836826324
2022-08-27 00:00:00,0.23896299302577972,20489716,0.22675000131130219,0.24551500380039215,0.22318799793720245,0.23896299302577972
2022-08-28 00:00:00,0.23461300134658813,13085017,0.2389480024576187,0.24522100389003754,0.23461300134658813,0.23461300134658813
2022-08-29 00:00:00,0.23484300076961517,12139240,0.23463599383831024,0.24542200565338135,0.22808599472045898,0.23484300076961517
2022-08-30 00:00:00,0.2417210042476654,5290974,0.23477399349212646,0.24323299527168274,0.2290620058774948,0.2417210042476654
2022-08-31 00:00:00,0.2585740089416504,18972311,0.24175100028514862,0.2882080078125,0.24159300327301025,0.2585740089416504
2022-09-01 00:00:00,0.2737649977207184,8718643,0.2585830092430115,0.27709200978279114,0.24980099499225616,0.2737649977207184
2022-09-02 00:00:00,0.2697550058364868,3522406,0.27381300926208496,0.27568501234054565,0.2662700116634369,0.2697550058364868
2022-09-03 00:00:00,0.27246400713920593,2999568,0.26980501413345337,0.2725450098514557,0.2664810121059418,0.27246400713920593
2022-09-04 00:00:00,0.28536900877952576,9636732,0.27245599031448364,0.29561299085617065,0.2715429961681366,0.28536900877952576
2022-09-05 00:00:00,0.2644970118999481,6857034,0.28542599081993103,0.2872290015220642,0.26339998841285706,0.2644970118999481
2022-09-06 00:00:00,0.26420098543167114,10321053,0.26456698775291443,0.29206201434135437,0.26420098543167114,0.26420098543167114
2022-09-07 00:00:00,0.25999000668525696,5212916,0.2641940116882324,0.26481300592422485,0.24875199794769287,0.25999000668525696
2022-09-08 00:00:00,0.24792799353599548,3641260,0.25996100902557373,0.26025599241256714,0.24457499384880066,0.24792799353599548
2022-09-09 00:00:00,0.2445800006389618,2868692,0.24797700345516205,0.24954700469970703,0.24310000240802765,0.2445800006389618
2022-09-10 00:00:00,0.24288000166416168,1656830,0.24463799595832825,0.24502000212669373,0.24137599766254425,0.24288000166416168
2022-09-11 00:00:00,0.2405110001564026,1683376,0.2428870052099228,0.2446019947528839,0.24011999368667603,0.2405110001564026
2022-09-12 00:00:00,0.2360219955444336,2044889,0.24053999781608582,0.24146200716495514,0.2360219955444336,0.2360219955444336
2022-09-13 00:00:00,0.2298389971256256,1767983,0.23599299788475037,0.2360980063676834,0.22870700061321259,0.2298389971256256
2022-09-14 00:00:00,0.2339469939470291,2669137,0.22961600124835968,0.2340880036354065,0.22621899843215942,0.2339469939470291
2022-09-15 00:00:00,0.2287590056657791,1991882,0.23395299911499023,0.23493899405002594,0.228534996509552,0.2287590056657791
2022-09-16 00:00:00,0.22570499777793884,1581376,0.2287829965353012,0.2300029993057251,0.22549700736999512,0.22570499777793884
2022-09-17 00:00:00,0.22431600093841553,2092889,0.22571299970149994,0.2276490032672882,0.2215290069580078,0.22431600093841553
2022-09-18 00:00:00,0.21989700198173523,3014688,0.2243420034646988,0.23176799714565277,0.21974900364875793,0.21989700198173523
2022-09-19 00:00:00,0.21722400188446045,1755061,0.21993499994277954,0.22201299667358398,0.21629099547863007,0.21722400188446045
2022-09-20 00:00:00,0.20997600257396698,1438334,0.21720600128173828,0.2178110033273697,0.2094240039587021,0.20997600257396698
2022-09-21 00:00:00,0.20956699550151825,3658232,0.209974005818367,0.21249499917030334,0.204135000705719,0.20956699550151825
2022-09-22 00:00:00,0.2083829939365387,3732570,0.20952899754047394,0.21483199298381805,0.20265400409698486,0.2083829939365387
2022-09-23 00:00:00,0.20849299430847168,4402694,0.20837000012397766,0.21159499883651733,0.20596100389957428,0.20849299430847168
2022-09-24 00:00:00,0.20981399714946747,2220079,0.208515003323555,0.2111710011959076,0.2071329951286316,0.20981399714946747
2022-09-25 00:00:00,0.20991499722003937,1819601,0.2097720056772232,0.2127629965543747,0.20931300520896912,0.20991499722003937
2022-09-26 00:00:00,0.21194200217723846,2109355,0.21000400185585022,0.2135860025882721,0.20902499556541443,0.21194200217723846
2022-09-27 00:00:00,0.22788800299167633,7360074,0.2119700014591217,0.2333489954471588,0.21156099438667297,0.22788800299167633
2022-09-28 08:57:00,0.21187527477741241,7497006,0.22821855545043945,0.22835199534893036,0.21143734455108643,0.21187527477741241
