timestamp,adjclose,open,close,high,low,volume
2020-11-22 00:00:00,0.2359510064125061,0.36708900332450867,0.2359510064125061,0.36708900332450867,0.2359510064125061,68518239
2020-11-23 00:00:00,0.19758500158786774,0.23593899607658386,0.19758500158786774,0.24468399584293365,0.1884090006351471,7588187
2020-11-24 00:00:00,0.15279999375343323,0.1975799947977066,0.15279999375343323,0.1975799947977066,0.15028099715709686,1758986
2020-11-25 00:00:00,0.1292479932308197,0.1528020054101944,0.1292479932308197,0.15440599620342255,0.12466000020503998,1870798
2020-11-26 00:00:00,0.12232500314712524,0.12923899292945862,0.12232500314712524,0.13117100298404694,0.10829199850559235,1468413
2020-11-27 00:00:00,0.12141899764537811,0.12233699858188629,0.12141899764537811,0.1250459998846054,0.11516399681568146,314202
2020-11-28 00:00:00,0.1212799996137619,0.12143100053071976,0.1212799996137619,0.12283200025558472,0.11519499868154526,241402
2020-11-29 00:00:00,0.12776300311088562,0.12126799672842026,0.12776300311088562,0.12776300311088562,0.12083200365304947,380225
2020-11-30 00:00:00,0.13347700238227844,0.12775999307632446,0.13347700238227844,0.1360580027103424,0.12662799656391144,326988
2020-12-01 00:00:00,0.13839100301265717,0.13348700106143951,0.13839100301265717,0.14002199470996857,0.12281700223684311,979057
2020-12-02 00:00:00,0.1492840051651001,0.13838399946689606,0.1492840051651001,0.1507049947977066,0.13433200120925903,1362523
2020-12-03 00:00:00,0.1546889990568161,0.14927999675273895,0.1546889990568161,0.1556289941072464,0.1463250070810318,684022
2020-12-04 00:00:00,0.13753099739551544,0.15468500554561615,0.13753099739551544,0.15570800006389618,0.13753099739551544,603105
2020-12-05 00:00:00,0.14104899764060974,0.13752199709415436,0.14104899764060974,0.1430329978466034,0.13641899824142456,454436
2020-12-06 00:00:00,0.13708600401878357,0.14105799794197083,0.13708600401878357,0.14276300370693207,0.13207000494003296,446595
2020-12-07 00:00:00,0.13411599397659302,0.13711200654506683,0.13411599397659302,0.13715100288391113,0.13118299841880798,509635
2020-12-08 00:00:00,0.12631599605083466,0.13411100208759308,0.12631599605083466,0.14943799376487732,0.12614299356937408,401886
2020-12-09 00:00:00,0.12718400359153748,0.12632699310779572,0.12718400359153748,0.12871399521827698,0.12304499745368958,454147
2020-12-10 00:00:00,0.12423299998044968,0.12716799974441528,0.12423299998044968,0.12747299671173096,0.1194859966635704,631094
2020-12-11 00:00:00,0.12426500022411346,0.12420299649238586,0.12426500022411346,0.1302960067987442,0.12077199667692184,568326
2020-12-12 00:00:00,0.12715700268745422,0.1241530030965805,0.12715700268745422,0.13039900362491608,0.12362399697303772,348423
2020-12-13 00:00:00,0.13494299352169037,0.12714700400829315,0.13494299352169037,0.13600899279117584,0.12596799433231354,427822
2020-12-14 00:00:00,0.13120099902153015,0.13494600355625153,0.13120099902153015,0.1352269947528839,0.12939099967479706,498870
2020-12-15 00:00:00,0.1326179951429367,0.13120099902153015,0.1326179951429367,0.13310399651527405,0.12894600629806519,550300
2020-12-16 00:00:00,0.14697200059890747,0.13264100253582,0.14697200059890747,0.14754599332809448,0.1315000057220459,1174906
2020-12-17 00:00:00,0.14242200553417206,0.14697299897670746,0.14242200553417206,0.151869997382164,0.1417810022830963,472145
2020-12-18 00:00:00,0.142317995429039,0.14236900210380554,0.142317995429039,0.14572499692440033,0.13981099426746368,437708
2020-12-19 00:00:00,0.14538399875164032,0.14232200384140015,0.14538399875164032,0.14731399714946747,0.14027999341487885,416251
2020-12-20 00:00:00,0.1391730010509491,0.14532500505447388,0.1391730010509491,0.14563100039958954,0.1372849941253662,309899
2020-12-21 00:00:00,0.12935100495815277,0.13917399942874908,0.12935100495815277,0.1722089946269989,0.12715500593185425,540625
2020-12-22 00:00:00,0.126009002327919,0.1293479949235916,0.126009002327919,0.13205499947071075,0.12108000367879868,582137
2020-12-23 00:00:00,0.12006399780511856,0.1260319948196411,0.12006399780511856,0.12638899683952332,0.11774999648332596,517300
2020-12-24 00:00:00,0.12874199450016022,0.1199520006775856,0.12874199450016022,0.1334269940853119,0.11743299663066864,401832
2020-12-25 00:00:00,0.12843799591064453,0.1286579966545105,0.12843799591064453,0.13054899871349335,0.12392599880695343,368966
2020-12-26 00:00:00,0.1307159960269928,0.12843899428844452,0.1307159960269928,0.13322299718856812,0.12783899903297424,362223
2020-12-27 00:00:00,0.13553400337696075,0.13068799674510956,0.13553400337696075,0.14124900102615356,0.1272049993276596,412283
2020-12-28 00:00:00,0.14564600586891174,0.13551700115203857,0.14564600586891174,0.14790500700473785,0.13551700115203857,429974
2020-12-29 00:00:00,0.13798199594020844,0.14563199877738953,0.13798199594020844,0.14698700606822968,0.12416700273752213,443834
2020-12-30 00:00:00,0.14323300123214722,0.13790899515151978,0.14323300123214722,0.14395999908447266,0.13761299848556519,388428
2020-12-31 00:00:00,0.13717900216579437,0.1432339996099472,0.13717900216579437,0.1438640058040619,0.13628500699996948,491895
2021-01-01 00:00:00,0.13349400460720062,0.13716599345207214,0.13349400460720062,0.13900800049304962,0.1315709948539734,419023
2021-01-02 00:00:00,0.14110399782657623,0.13349799811840057,0.14110399782657623,0.1456339955329895,0.1299940049648285,603888
2021-01-03 00:00:00,0.17002299427986145,0.14114299416542053,0.17002299427986145,0.17414599657058716,0.13815400004386902,577796
2021-01-04 00:00:00,0.17367400228977203,0.17024900019168854,0.17367400228977203,0.1948300004005432,0.16439099609851837,870176
2021-01-05 00:00:00,0.188509002327919,0.1737239956855774,0.188509002327919,0.19085900485515594,0.16717000305652618,452850
2021-01-06 00:00:00,0.20318900048732758,0.1885479986667633,0.20318900048732758,0.20438000559806824,0.1847890019416809,720488
2021-01-07 00:00:00,0.20110900700092316,0.20335200428962708,0.20110900700092316,0.2088250070810318,0.19483700394630432,547885
2021-01-08 00:00:00,0.20404599606990814,0.2011220008134842,0.20404599606990814,0.2051829993724823,0.1869869977235794,702721
2021-01-09 00:00:00,0.20681700110435486,0.20400699973106384,0.20681700110435486,0.20896999537944794,0.19209100306034088,787852
2021-01-10 00:00:00,0.20567600429058075,0.2068209946155548,0.20567600429058075,0.22003699839115143,0.19691599905490875,944670
2021-01-11 00:00:00,0.18037399649620056,0.20565299689769745,0.18037399649620056,0.20565299689769745,0.1675730049610138,718023
2021-01-12 00:00:00,0.18046799302101135,0.1804720014333725,0.18046799302101135,0.21208199858665466,0.1763329952955246,794865
2021-01-13 00:00:00,0.1890449970960617,0.18052799999713898,0.1890449970960617,0.1904599964618683,0.1597750037908554,1620771
2021-01-14 00:00:00,0.23427100479602814,0.18900899589061737,0.23427100479602814,0.23625600337982178,0.187049001455307,2771953
2021-01-15 00:00:00,0.23900899291038513,0.2342810034751892,0.23900899291038513,0.26253700256347656,0.2279990017414093,4301149
2021-01-16 00:00:00,0.24888299405574799,0.23900699615478516,0.24888299405574799,0.2614249885082245,0.23705099523067474,2722626
2021-01-17 00:00:00,0.24525399506092072,0.24885499477386475,0.24525399506092072,0.25039198994636536,0.23241600394248962,4356404
2021-01-18 00:00:00,0.27908799052238464,0.24526800215244293,0.27908799052238464,0.2791849970817566,0.2388940006494522,3668746
2021-01-19 00:00:00,0.2787030041217804,0.2790850102901459,0.2787030041217804,0.360291987657547,0.2747269868850708,58231788
2021-01-20 00:00:00,0.2709290087223053,0.278425008058548,0.2709290087223053,0.2819890081882477,0.24393099546432495,14970578
2021-01-21 00:00:00,0.2307090014219284,0.2707200050354004,0.2307090014219284,0.2793489992618561,0.219200000166893,6864485
2021-01-22 00:00:00,0.23657800257205963,0.23072299361228943,0.23657800257205963,0.2427770048379898,0.20101100206375122,6706206
2021-01-23 00:00:00,0.22626100480556488,0.23664399981498718,0.22626100480556488,0.24129000306129456,0.2190449982881546,5065749
2021-01-24 00:00:00,0.25123798847198486,0.22626200318336487,0.25123798847198486,0.25638899207115173,0.2192460000514984,8229416
2021-01-25 00:00:00,0.23816899955272675,0.2512190043926239,0.23816899955272675,0.26726099848747253,0.23406299948692322,5876638
2021-01-26 00:00:00,0.23612800240516663,0.2379540055990219,0.23612800240516663,0.24824799597263336,0.21644000709056854,5439324
2021-01-27 00:00:00,0.21568399667739868,0.2360839992761612,0.21568399667739868,0.2361450046300888,0.20600999891757965,3404678
2021-01-28 00:00:00,0.22928400337696075,0.21574300527572632,0.22928400337696075,0.24133700132369995,0.21140499413013458,4835231
2021-01-29 00:00:00,0.23041699826717377,0.23277400434017181,0.23041699826717377,0.23999199271202087,0.21887800097465515,2043670
2021-01-30 00:00:00,0.22856199741363525,0.23072099685668945,0.22856199741363525,0.23340700566768646,0.22029300034046173,4918536
2021-01-31 00:00:00,0.24812400341033936,0.22851000726222992,0.24812400341033936,0.2635749876499176,0.2269269973039627,9630557
2021-02-01 00:00:00,0.23415499925613403,0.24788999557495117,0.23415499925613403,0.24788999557495117,0.22019200026988983,4108023
2021-02-02 00:00:00,0.2614020109176636,0.23330199718475342,0.2614020109176636,0.26416298747062683,0.230772003531456,5068681
2021-02-03 00:00:00,0.2874529957771301,0.2613849937915802,0.2874529957771301,0.291593998670578,0.25437599420547485,7146562
2021-02-04 00:00:00,0.2673090100288391,0.28870299458503723,0.2673090100288391,0.2892090082168579,0.2539820075035095,4208928
2021-02-05 00:00:00,0.30247798562049866,0.26726600527763367,0.30247798562049866,0.3122999966144562,0.265949010848999,8735462
2021-02-06 00:00:00,0.3135029971599579,0.30239400267601013,0.3135029971599579,0.3212139904499054,0.2839069962501526,9607408
2021-02-07 00:00:00,0.3134959936141968,0.31401699781417847,0.3134959936141968,0.34696999192237854,0.2906470000743866,25155964
2021-02-08 00:00:00,0.38644200563430786,0.3135710060596466,0.38644200563430786,0.396109014749527,0.3130660057067871,16142278
2021-02-09 00:00:00,0.3926500082015991,0.3848879933357239,0.3926500082015991,0.42836400866508484,0.3708629906177521,20355426
2021-02-10 00:00:00,0.39416301250457764,0.3926149904727936,0.39416301250457764,0.4299600124359131,0.3737800121307373,14170357
2021-02-11 00:00:00,0.4383530020713806,0.39414098858833313,0.4383530020713806,0.4566499888896942,0.38624998927116394,6608141
2021-02-12 00:00:00,0.5268290042877197,0.4394659996032715,0.5268290042877197,0.5295389890670776,0.43189600110054016,20160423
2021-02-13 00:00:00,0.5586900115013123,0.5254210233688354,0.5586900115013123,0.6233559846878052,0.5242409706115723,28626876
2021-02-14 00:00:00,0.49411800503730774,0.5593090057373047,0.49411800503730774,0.5593209862709045,0.4605109989643097,14614581
2021-02-15 00:00:00,0.4639990031719208,0.4943050146102905,0.4639990031719208,0.49596598744392395,0.40998101234436035,22347954
2021-02-16 00:00:00,0.4483869969844818,0.4638209939002991,0.4483869969844818,0.48665499687194824,0.43927499651908875,6680721
2021-02-17 00:00:00,0.4597710072994232,0.4482159912586212,0.4597710072994232,0.4597710072994232,0.42420199513435364,10492863
2021-02-18 00:00:00,0.5171639919281006,0.46021199226379395,0.5171639919281006,0.5349720120429993,0.45941099524497986,13181263
2021-02-19 00:00:00,0.4567449986934662,0.5171250104904175,0.4567449986934662,0.5196449756622314,0.45097100734710693,14723000
2021-02-20 00:00:00,0.3959589898586273,0.45560500025749207,0.3959589898586273,0.46049800515174866,0.3890259861946106,12665717
2021-02-21 00:00:00,0.4199419915676117,0.39581501483917236,0.4199419915676117,0.43556201457977295,0.393653005361557,8624897
2021-02-22 00:00:00,0.38044100999832153,0.4199880063533783,0.38044100999832153,0.42648598551750183,0.340815007686615,7611326
2021-02-23 00:00:00,0.3208569884300232,0.38046199083328247,0.3208569884300232,0.38944798707962036,0.2951509952545166,12160887
2021-02-24 00:00:00,0.32373300194740295,0.3216640055179596,0.32373300194740295,0.3589569926261902,0.31295499205589294,7242014
2021-02-25 00:00:00,0.29301199316978455,0.3238160014152527,0.29301199316978455,0.3377470076084137,0.29301199316978455,6100986
2021-02-26 00:00:00,0.285847008228302,0.29379698634147644,0.285847008228302,0.3085950016975403,0.2686159908771515,8178535
2021-02-27 00:00:00,0.28762999176979065,0.28585198521614075,0.28762999176979065,0.30819499492645264,0.2802259922027588,5024791
2021-02-28 00:00:00,0.2744410037994385,0.2879840135574341,0.2744410037994385,0.29694899916648865,0.2543489933013916,4500996
2021-03-01 00:00:00,0.3458069860935211,0.2736389935016632,0.3458069860935211,0.37034401297569275,0.2736389935016632,12813840
2021-03-02 00:00:00,0.3207109868526459,0.34593600034713745,0.3207109868526459,0.35451701283454895,0.3071190118789673,9519329
2021-03-03 00:00:00,0.328110009431839,0.3208329975605011,0.328110009431839,0.3570620119571686,0.3194650113582611,5293540
2021-03-04 00:00:00,0.320048987865448,0.3275279998779297,0.320048987865448,0.34605300426483154,0.316305011510849,4347135
2021-03-05 00:00:00,0.334646999835968,0.31975099444389343,0.334646999835968,0.335316002368927,0.29952600598335266,4710801
2021-03-06 00:00:00,0.3373979926109314,0.33562400937080383,0.3373979926109314,0.3384929895401001,0.311381995677948,3750849
2021-03-07 00:00:00,0.37111398577690125,0.33549800515174866,0.37111398577690125,0.3809249997138977,0.33113399147987366,7283242
2021-03-08 00:00:00,0.38502898812294006,0.3713180124759674,0.38502898812294006,0.3852980136871338,0.34173399209976196,6782042
2021-03-09 00:00:00,0.3869349956512451,0.3850789964199066,0.3869349956512451,0.39615800976753235,0.3688809871673584,7070270
2021-03-10 00:00:00,0.35385701060295105,0.38710299134254456,0.35385701060295105,0.3895379900932312,0.3517020046710968,4919834
2021-03-11 00:00:00,0.3571760058403015,0.35338300466537476,0.3571760058403015,0.36796900629997253,0.3312470018863678,4469819
2021-03-12 00:00:00,0.39405301213264465,0.3568350076675415,0.39405301213264465,0.4117799997329712,0.3568350076675415,11787649
2021-03-13 00:00:00,0.4418709874153137,0.3946770131587982,0.4418709874153137,0.4664109945297241,0.3880369961261749,12610799
2021-03-14 00:00:00,0.42443299293518066,0.4418570101261139,0.42443299293518066,0.44418200850486755,0.4028170108795166,7567590
2021-03-15 00:00:00,0.39262300729751587,0.4221479892730713,0.39262300729751587,0.44387999176979065,0.3832570016384125,7968443
2021-03-16 00:00:00,0.4597240090370178,0.39261800050735474,0.4597240090370178,0.4808120131492615,0.3702479898929596,20943373
2021-03-17 00:00:00,0.4496070146560669,0.46008801460266113,0.4496070146560669,0.46250200271606445,0.4170820116996765,9437984
2021-03-18 00:00:00,0.43250998854637146,0.44964900612831116,0.43250998854637146,0.457522988319397,0.4203830063343048,6335168
2021-03-19 00:00:00,0.45821499824523926,0.43242400884628296,0.45821499824523926,0.47260698676109314,0.419838011264801,6598017
2021-03-20 00:00:00,0.4446130096912384,0.458283007144928,0.4446130096912384,0.479977011680603,0.4446130096912384,6206069
2021-03-21 00:00:00,0.415147989988327,0.44443100690841675,0.415147989988327,0.44443100690841675,0.40724799036979675,5566401
2021-03-22 00:00:00,0.39252999424934387,0.4160520136356354,0.39252999424934387,0.43070000410079956,0.38822200894355774,9004964
2021-03-23 00:00:00,0.39130899310112,0.3931480050086975,0.39130899310112,0.403438001871109,0.3560130000114441,6918150
2021-03-24 00:00:00,0.37325799465179443,0.39127400517463684,0.37325799465179443,0.44728800654411316,0.3693599998950958,17030338
2021-03-25 00:00:00,0.36118900775909424,0.379736989736557,0.36118900775909424,0.3800320029258728,0.34533199667930603,12202952
2021-03-26 00:00:00,0.4175730049610138,0.36206498742103577,0.4175730049610138,0.4205859899520874,0.35912400484085083,11746900
2021-03-27 00:00:00,0.41641899943351746,0.4175010025501251,0.41641899943351746,0.43004798889160156,0.3908640146255493,12291352
2021-03-28 00:00:00,0.4226900041103363,0.41591399908065796,0.4226900041103363,0.43501201272010803,0.40831801295280457,9739621
2021-03-29 00:00:00,0.45502498745918274,0.4221329987049103,0.45502498745918274,0.46113699674606323,0.4196760058403015,14289882
2021-03-30 00:00:00,0.5101820230484009,0.4562790095806122,0.5101820230484009,0.5176650285720825,0.4464940130710602,16928703
2021-03-31 00:00:00,0.5108500123023987,0.510869026184082,0.5108500123023987,0.5340129733085632,0.4708850085735321,16241784
2021-04-01 00:00:00,0.47293800115585327,0.5100150108337402,0.47293800115585327,0.5170279741287231,0.4685949981212616,8056169
2021-04-02 00:00:00,0.4667089879512787,0.4731050133705139,0.4667089879512787,0.4870150089263916,0.4581040143966675,8284046
2021-04-03 00:00:00,0.4528680145740509,0.46700799465179443,0.4528680145740509,0.4891650080680847,0.4504829943180084,9052881
2021-04-04 00:00:00,0.4872399866580963,0.45243099331855774,0.4872399866580963,0.5222899913787842,0.4487220048904419,11308913
2021-04-05 00:00:00,0.49237099289894104,0.4869770109653473,0.49237099289894104,0.5174639821052551,0.46098101139068604,11996400
2021-04-06 00:00:00,0.47093600034713745,0.4937860071659088,0.47093600034713745,0.5060499906539917,0.45728498697280884,7061466
2021-04-07 00:00:00,0.44437798857688904,0.47098401188850403,0.44437798857688904,0.4718630015850067,0.40342798829078674,6817675
2021-04-08 00:00:00,0.47258299589157104,0.4428830146789551,0.47258299589157104,0.4744659960269928,0.4313420057296753,4569185
2021-04-09 00:00:00,0.4935620129108429,0.47254499793052673,0.4935620129108429,0.49989399313926697,0.46143001317977905,7059883
2021-04-10 00:00:00,0.4716309905052185,0.49542999267578125,0.4716309905052185,0.5100759863853455,0.4573409855365753,8171555
2021-04-11 00:00:00,0.47728198766708374,0.47054898738861084,0.47728198766708374,0.49723300337791443,0.4614369869232178,3511352
2021-04-12 00:00:00,0.4638740122318268,0.47722500562667847,0.4638740122318268,0.4795689880847931,0.44167500734329224,5440039
2021-04-13 00:00:00,0.47102999687194824,0.46428200602531433,0.47102999687194824,0.4790470004081726,0.44468799233436584,5463529
2021-04-14 00:00:00,0.45361700654029846,0.4701389968395233,0.45361700654029846,0.47031500935554504,0.4246219992637634,7293831
2021-04-15 00:00:00,0.45881199836730957,0.45364299416542053,0.45881199836730957,0.4676569998264313,0.439424991607666,5278875
2021-04-16 00:00:00,0.4273509979248047,0.4586760103702545,0.4273509979248047,0.4696030020713806,0.4192430078983307,4947725
2021-04-17 00:00:00,0.4323880076408386,0.4274330139160156,0.4323880076408386,0.45816001296043396,0.4240950047969818,4793269
2021-04-18 00:00:00,0.3625360131263733,0.4326249957084656,0.3625360131263733,0.43463900685310364,0.3463830053806305,7590778
2021-04-19 00:00:00,0.36111199855804443,0.36596500873565674,0.36111199855804443,0.37437498569488525,0.3355099856853485,10673812
2021-04-20 00:00:00,0.34108400344848633,0.3610149919986725,0.34108400344848633,0.36150699853897095,0.3026359975337982,9121547
2021-04-21 00:00:00,0.3315249979496002,0.3411009907722473,0.3315249979496002,0.36255401372909546,0.3185400068759918,4502591
2021-04-22 00:00:00,0.32080599665641785,0.3312950134277344,0.32080599665641785,0.3676539957523346,0.3182950019836426,3960258
2021-04-23 00:00:00,0.31543898582458496,0.3200860023498535,0.31543898582458496,0.32701799273490906,0.2864780128002167,3801787
2021-04-24 00:00:00,0.2933160066604614,0.31590399146080017,0.2933160066604614,0.31590399146080017,0.28598499298095703,1757672
2021-04-25 00:00:00,0.29465100169181824,0.2932470142841339,0.29465100169181824,0.326445996761322,0.278764009475708,4675910
2021-04-26 00:00:00,0.3278470039367676,0.2942360043525696,0.3278470039367676,0.3318690061569214,0.2942360043525696,4935539
2021-04-27 00:00:00,0.3596220016479492,0.32779601216316223,0.3596220016479492,0.3700160086154938,0.3232400119304657,6088759
2021-04-28 00:00:00,0.3476870059967041,0.35959699749946594,0.3476870059967041,0.36843499541282654,0.3313229978084564,5256986
2021-04-29 00:00:00,0.3606660068035126,0.34786298871040344,0.3606660068035126,0.3779900074005127,0.3424519896507263,7059865
2021-04-30 00:00:00,0.3886669874191284,0.36066800355911255,0.3886669874191284,0.4098129868507385,0.35727301239967346,13240424
2021-05-01 00:00:00,0.3883790075778961,0.38891398906707764,0.3883790075778961,0.40624698996543884,0.37818700075149536,6743578
2021-05-02 00:00:00,0.4235759973526001,0.38726601004600525,0.4235759973526001,0.4598509967327118,0.3769040107727051,24008659
2021-05-03 00:00:00,0.4830459952354431,0.42394599318504333,0.4830459952354431,0.4836840033531189,0.4180000126361847,31485698
2021-05-04 00:00:00,0.42208999395370483,0.4836469888687134,0.42208999395370483,0.5176979899406433,0.42195799946784973,26969291
2021-05-05 00:00:00,0.4630959928035736,0.4219990074634552,0.4630959928035736,0.4849399924278259,0.4150699973106384,14838978
2021-05-06 00:00:00,0.42297500371932983,0.4638650119304657,0.42297500371932983,0.4652479887008667,0.4167889952659607,9518773
2021-05-07 00:00:00,0.4143800139427185,0.42307600378990173,0.4143800139427185,0.4400239884853363,0.39302000403404236,12158796
2021-05-08 00:00:00,0.4511229991912842,0.4170660078525543,0.4511229991912842,0.45875900983810425,0.41388800740242004,9942060
2021-05-09 00:00:00,0.44558098912239075,0.4510830044746399,0.44558098912239075,0.5099949836730957,0.4226509928703308,19457612
2021-05-10 00:00:00,0.3998570144176483,0.44668498635292053,0.3998570144176483,0.45910999178886414,0.38414299488067627,8373994
2021-05-11 00:00:00,0.4469130039215088,0.39987799525260925,0.4469130039215088,0.4501819908618927,0.38396599888801575,9042213
2021-05-12 00:00:00,0.38656601309776306,0.44776099920272827,0.38656601309776306,0.4557949900627136,0.38656601309776306,6213851
2021-05-13 00:00:00,0.3628140091896057,0.3938339948654175,0.3628140091896057,0.4086030125617981,0.3434560000896454,7823169
2021-05-14 00:00:00,0.3750480115413666,0.3635140061378479,0.3750480115413666,0.3942889869213104,0.3529120087623596,5058945
2021-05-15 00:00:00,0.3375380039215088,0.3750990033149719,0.3375380039215088,0.37973201274871826,0.33366701006889343,4835227
2021-05-16 00:00:00,0.3473510146141052,0.3366430103778839,0.3473510146141052,0.4097500145435333,0.32111600041389465,22979410
2021-05-17 00:00:00,0.32175499200820923,0.3473049998283386,0.32175499200820923,0.3498849868774414,0.30279600620269775,4326090
2021-05-18 00:00:00,0.3197520077228546,0.32183998823165894,0.3197520077228546,0.3499549925327301,0.31301000714302063,5282373
2021-05-19 00:00:00,0.35139501094818115,0.31976601481437683,0.35139501094818115,0.4763849973678589,0.2232690006494522,40355561
2021-05-20 00:00:00,0.3118540048599243,0.34568101167678833,0.3118540048599243,0.37722599506378174,0.2872689962387085,27328275
2021-05-21 00:00:00,0.31501200795173645,0.3118729889392853,0.31501200795173645,0.33837199211120605,0.3054420053958893,12998613
2021-05-22 00:00:00,0.4056810140609741,0.3158090114593506,0.4056810140609741,0.4336479902267456,0.3070800006389618,56491228
2021-05-23 00:00:00,0.3806129992008209,0.40602201223373413,0.3806129992008209,0.45840099453926086,0.36727800965309143,38812959
2021-05-24 00:00:00,0.38553300499916077,0.380638986825943,0.38553300499916077,0.40760698914527893,0.37048399448394775,16213453
2021-05-25 00:00:00,0.35565900802612305,0.38535600900650024,0.35565900802612305,0.3906730115413666,0.3384450078010559,9598298
2021-05-26 00:00:00,0.3588469922542572,0.355987012386322,0.3588469922542572,0.3846229910850525,0.35097798705101013,7490465
2021-05-27 00:00:00,0.33152198791503906,0.3588240146636963,0.33152198791503906,0.35923799872398376,0.32218098640441895,4304767
2021-05-28 00:00:00,0.31168699264526367,0.33151400089263916,0.31168699264526367,0.3323650062084198,0.30491501092910767,2981930
2021-05-29 00:00:00,0.28209999203681946,0.3116520047187805,0.28209999203681946,0.33025598526000977,0.2782120108604431,3397631
2021-05-30 00:00:00,0.3131850063800812,0.28319498896598816,0.3131850063800812,0.33936700224876404,0.27333399653434753,9727568
2021-05-31 00:00:00,0.342166006565094,0.3132230043411255,0.342166006565094,0.39316099882125854,0.29073500633239746,14090439
2021-06-01 00:00:00,0.327223002910614,0.34188199043273926,0.327223002910614,0.3548719882965088,0.32419198751449585,3638426
2021-06-02 00:00:00,0.3564409911632538,0.3278549909591675,0.3564409911632538,0.39908498525619507,0.31448599696159363,6868139
2021-06-03 00:00:00,0.3618299961090088,0.35365399718284607,0.3618299961090088,0.36986199021339417,0.3468340039253235,4114300
2021-06-04 00:00:00,0.33709099888801575,0.36006098985671997,0.33709099888801575,0.4011020064353943,0.3254980146884918,5739125
2021-06-05 00:00:00,0.3241580128669739,0.33704298734664917,0.3241580128669739,0.36215999722480774,0.31744199991226196,3458728
2021-06-06 00:00:00,0.323294997215271,0.32250601053237915,0.323294997215271,0.3468579947948456,0.31326401233673096,3302160
2021-06-07 00:00:00,0.2881079912185669,0.3232960104942322,0.2881079912185669,0.3439440131187439,0.2870059907436371,3795864
2021-06-08 00:00:00,0.2798359990119934,0.2885969877243042,0.2798359990119934,0.29246699810028076,0.2590560019016266,4476890
2021-06-09 00:00:00,0.3105739951133728,0.2797339856624603,0.3105739951133728,0.32124701142311096,0.2637369930744171,8532701
2021-06-10 00:00:00,0.2693049907684326,0.3112820088863373,0.2693049907684326,0.31320300698280334,0.26166099309921265,5965394
2021-06-11 00:00:00,0.27322301268577576,0.2690959870815277,0.27322301268577576,0.3585120141506195,0.2619979977607727,34954483
2021-06-12 00:00:00,0.2839230000972748,0.273840993642807,0.2839230000972748,0.3388330042362213,0.25676900148391724,38231424
2021-06-13 00:00:00,0.28650400042533875,0.28372201323509216,0.28650400042533875,0.2946479916572571,0.2780900001525879,11145125
2021-06-14 00:00:00,0.2916660010814667,0.2858240008354187,0.2916660010814667,0.2993519902229309,0.279805988073349,10143017
2021-06-15 00:00:00,0.2850320041179657,0.2842319905757904,0.2850320041179657,0.28906500339508057,0.27456700801849365,4277305
2021-06-16 00:00:00,0.2640419900417328,0.282586008310318,0.2640419900417328,0.2826879918575287,0.26207301020622253,2805749
2021-06-17 00:00:00,0.2682900130748749,0.26401400566101074,0.2682900130748749,0.2711560130119324,0.25991401076316833,2457345
2021-06-18 00:00:00,0.23531000316143036,0.26779699325561523,0.23531000316143036,0.2688809931278229,0.23162400722503662,3266865
2021-06-19 00:00:00,0.23456500470638275,0.23631900548934937,0.23456500470638275,0.24587400257587433,0.2290789932012558,2091833
2021-06-20 00:00:00,0.2397260069847107,0.2345380038022995,0.2397260069847107,0.25393998622894287,0.2229059934616089,4922382
2021-06-21 00:00:00,0.1803389936685562,0.2397170066833496,0.1803389936685562,0.24071499705314636,0.18012100458145142,3036725
2021-06-22 00:00:00,0.15946300327777863,0.17972399294376373,0.15946300327777863,0.1826860010623932,0.14073699712753296,4170607
2021-06-23 00:00:00,0.16721199452877045,0.15945899486541748,0.16721199452877045,0.1729470044374466,0.15596500039100647,1862817
2021-06-24 00:00:00,0.1621060073375702,0.16454599797725677,0.1621060073375702,0.16966600716114044,0.15574699640274048,1835634
2021-06-25 00:00:00,0.14118899405002594,0.16212299466133118,0.14118899405002594,0.16610899567604065,0.1386989951133728,1656601
2021-06-26 00:00:00,0.13327600061893463,0.14098100364208221,0.13327600061893463,0.1451759934425354,0.12668700516223907,1462580
2021-06-27 00:00:00,0.1416970044374466,0.13366100192070007,0.1416970044374466,0.14745399355888367,0.131291002035141,4688147
2021-06-28 00:00:00,0.1445000022649765,0.14169099926948547,0.1445000022649765,0.15449899435043335,0.13813500106334686,2117935
2021-06-29 00:00:00,0.155007004737854,0.14448300004005432,0.155007004737854,0.16506299376487732,0.14252400398254395,3693709
2021-06-30 00:00:00,0.1770399957895279,0.15499000251293182,0.1770399957895279,0.1919499933719635,0.14308799803256989,11976758
2021-07-01 00:00:00,0.1607470065355301,0.1773339956998825,0.1607470065355301,0.1879349946975708,0.15735900402069092,4822175
2021-07-02 00:00:00,0.15351000428199768,0.16074199974536896,0.15351000428199768,0.16254399716854095,0.1498199999332428,1572117
2021-07-03 00:00:00,0.1529020071029663,0.15360499918460846,0.1529020071029663,0.15855300426483154,0.14972199499607086,1509245
2021-07-04 00:00:00,0.15750299394130707,0.15289300680160522,0.15750299394130707,0.15943700075149536,0.14944599568843842,2068502
2021-07-05 00:00:00,0.14480599761009216,0.15751899778842926,0.14480599761009216,0.15754899382591248,0.14162400364875793,1526878
2021-07-06 00:00:00,0.15499499440193176,0.1446000039577484,0.15499499440193176,0.15499499440193176,0.14339999854564667,2418142
2021-07-07 00:00:00,0.1601099967956543,0.1546120047569275,0.1601099967956543,0.17595399916172028,0.1510380059480667,5519185
2021-07-08 00:00:00,0.14538699388504028,0.16022999584674835,0.14538699388504028,0.1631080061197281,0.14463099837303162,2773290
2021-07-09 00:00:00,0.1477610021829605,0.14538699388504028,0.1477610021829605,0.1514890044927597,0.13808800280094147,2483337
2021-07-10 00:00:00,0.14281000196933746,0.14774900674819946,0.14281000196933746,0.1508519947528839,0.14084699749946594,905191
2021-07-11 00:00:00,0.1508360058069229,0.14279699325561523,0.1508360058069229,0.15192599594593048,0.1414009928703308,2079600
2021-07-12 00:00:00,0.14234299957752228,0.1508300006389618,0.14234299957752228,0.15439200401306152,0.13895200192928314,1158484
2021-07-13 00:00:00,0.13980700075626373,0.14234299957752228,0.13980700075626373,0.14424599707126617,0.13890500366687775,1246362
2021-07-14 00:00:00,0.15140500664710999,0.13978900015354156,0.15140500664710999,0.1539199948310852,0.13143999874591827,2214615
2021-07-15 00:00:00,0.1442040055990219,0.15141500532627106,0.1442040055990219,0.16362899541854858,0.13569900393486023,5412597
2021-07-16 00:00:00,0.13876600563526154,0.14419099688529968,0.13876600563526154,0.15843699872493744,0.13514800369739532,3069702
2021-07-17 00:00:00,0.137473002076149,0.13876399397850037,0.137473002076149,0.1435070037841797,0.13568399846553802,1254274
2021-07-18 00:00:00,0.1344909965991974,0.13747400045394897,0.1344909965991974,0.142084002494812,0.13357199728488922,990814
2021-07-19 00:00:00,0.12561599910259247,0.13438600301742554,0.12561599910259247,0.13537800312042236,0.1228950023651123,1648121
2021-07-20 00:00:00,0.11683399975299835,0.12471599876880646,0.11683399975299835,0.1254120022058487,0.11362700164318085,1197229
2021-07-21 00:00:00,0.12513099610805511,0.11683499813079834,0.12513099610805511,0.131632998585701,0.11432900279760361,5649814
2021-07-22 00:00:00,0.12662699818611145,0.12513099610805511,0.12662699818611145,0.1297920048236847,0.12197300046682358,1604146
2021-07-23 00:00:00,0.13664700090885162,0.12662599980831146,0.13664700090885162,0.139164999127388,0.12511999905109406,2057066
2021-07-24 00:00:00,0.1404999941587448,0.13665400445461273,0.1404999941587448,0.15165099501609802,0.13303999602794647,2372091
2021-07-25 00:00:00,0.14252300560474396,0.14049899578094482,0.14252300560474396,0.14569400250911713,0.1369979977607727,1855442
2021-07-26 00:00:00,0.13622799515724182,0.14252300560474396,0.13622799515724182,0.1539590060710907,0.1352040022611618,3097990
2021-07-27 00:00:00,0.1400189995765686,0.13624000549316406,0.1400189995765686,0.14005699753761292,0.1320350021123886,1638405
2021-07-28 00:00:00,0.13591499626636505,0.1400189995765686,0.13591499626636505,0.1411619931459427,0.13467299938201904,1411440
2021-07-29 00:00:00,0.1426510065793991,0.1359190046787262,0.1426510065793991,0.14668899774551392,0.1345680058002472,2732292
2021-07-30 00:00:00,0.1554509997367859,0.1440349966287613,0.1554509997367859,0.15603700280189514,0.13671299815177917,5303613
2021-07-31 00:00:00,0.16366399824619293,0.15503700077533722,0.16366399824619293,0.1776449978351593,0.15203799307346344,31088224
2021-08-01 00:00:00,0.15464800596237183,0.16364599764347076,0.15464800596237183,0.16503900289535522,0.15374499559402466,4032735
2021-08-02 00:00:00,0.15304499864578247,0.15455199778079987,0.15304499864578247,0.1615000069141388,0.15092900395393372,2142433
2021-08-03 00:00:00,0.14904099702835083,0.15284399688243866,0.14904099702835083,0.15629899501800537,0.14545999467372894,1739443
2021-08-04 00:00:00,0.18140199780464172,0.149044007062912,0.18140199780464172,0.18436899781227112,0.1482349932193756,7884586
2021-08-05 00:00:00,0.6190440058708191,0.1805109977722168,0.6190440058708191,0.9338279962539673,0.1770160049200058,1068677238
2021-08-06 00:00:00,0.4956510066986084,0.6216660141944885,0.4956510066986084,0.6796540021896362,0.48052799701690674,136134318
2021-08-07 00:00:00,0.47672000527381897,0.5006890296936035,0.47672000527381897,0.5578070282936096,0.4631809890270233,153708754
2021-08-08 00:00:00,0.45278200507164,0.47728800773620605,0.45278200507164,0.5387790203094482,0.43661901354789734,57510813
2021-08-09 00:00:00,0.47616100311279297,0.45231199264526367,0.47616100311279297,0.5967910289764404,0.45231199264526367,107248578
2021-08-10 00:00:00,0.517458975315094,0.47907400131225586,0.517458975315094,0.5385410189628601,0.44602900743484497,40552373
2021-08-11 00:00:00,0.7295820116996765,0.519760012626648,0.7295820116996765,0.9202269911766052,0.4819979965686798,319241967
2021-08-12 00:00:00,0.720005989074707,0.7259989976882935,0.720005989074707,1.0373280048370361,0.6658710241317749,303505714
2021-08-13 00:00:00,0.722868025302887,0.7196909785270691,0.722868025302887,0.7965899705886841,0.6803579926490784,88968590
2021-08-14 00:00:00,0.6924800276756287,0.7203440070152283,0.6924800276756287,0.726032018661499,0.6465619802474976,42000736
2021-08-15 00:00:00,0.6526060104370117,0.6894969940185547,0.6526060104370117,0.6894969940185547,0.6017640233039856,31733465
2021-08-16 00:00:00,0.6529319882392883,0.6519240140914917,0.6529319882392883,0.7764440178871155,0.6440010070800781,57491483
2021-08-17 00:00:00,0.6871899962425232,0.6533560156822205,0.6871899962425232,0.7476159930229187,0.6187220215797424,55614504
2021-08-18 00:00:00,0.6830270290374756,0.694159984588623,0.6830270290374756,0.7997080087661743,0.6252419948577881,91407631
2021-08-19 00:00:00,0.6608009934425354,0.6803560256958008,0.6608009934425354,0.6979979872703552,0.6274710297584534,52228168
2021-08-20 00:00:00,0.6770660281181335,0.660988986492157,0.6770660281181335,0.7064300179481506,0.652417004108429,40214072
2021-08-21 00:00:00,0.6490049958229065,0.6768569946289062,0.6490049958229065,0.6921960115432739,0.6439380049705505,24581840
2021-08-22 00:00:00,0.6319599747657776,0.6488699913024902,0.6319599747657776,0.658964991569519,0.6057230234146118,21542020
2021-08-23 00:00:00,0.6359949707984924,0.6319680213928223,0.6359949707984924,0.6697940230369568,0.619737982749939,32489583
2021-08-24 00:00:00,0.5652469992637634,0.6360160112380981,0.5652469992637634,0.6588429808616638,0.5629019737243652,35451743
2021-08-25 00:00:00,0.5877270102500916,0.5669159889221191,0.5877270102500916,0.6080639958381653,0.5330860018730164,32667807
2021-08-26 00:00:00,0.5278819799423218,0.5865100026130676,0.5278819799423218,0.591027021408081,0.5276150107383728,28537874
2021-08-27 00:00:00,0.5742849707603455,0.5276539921760559,0.5742849707603455,0.5873129963874817,0.5148659944534302,29887913
2021-08-28 00:00:00,0.5418170094490051,0.5735399723052979,0.5418170094490051,0.5767920017242432,0.5332270264625549,21719517
2021-08-29 00:00:00,0.5987169742584229,0.5420359969139099,0.5987169742584229,0.6354830265045166,0.5272570252418518,48548176
2021-08-30 00:00:00,0.5378239750862122,0.5975490212440491,0.5378239750862122,0.6479359865188599,0.5378239750862122,33927100
2021-08-31 00:00:00,0.533499002456665,0.537352979183197,0.533499002456665,0.5589470267295837,0.5260149836540222,21087078
2021-09-01 00:00:00,0.6193839907646179,0.5339919924736023,0.6193839907646179,0.6247400045394897,0.5228130221366882,29702942
2021-09-02 00:00:00,0.5670430064201355,0.6250749826431274,0.5670430064201355,0.6484040021896362,0.5641930103302002,41555286
2021-09-03 00:00:00,0.5721349716186523,0.5678539872169495,0.5721349716186523,0.5877590179443359,0.5447909832000732,25901188
2021-09-04 00:00:00,0.5808259844779968,0.5726150274276733,0.5808259844779968,0.6089190244674683,0.5682389736175537,25886112
2021-09-05 00:00:00,0.6132799983024597,0.5817109942436218,0.6132799983024597,0.6421499848365784,0.5704820156097412,36384234
2021-09-06 00:00:00,0.6365100145339966,0.6133409738540649,0.6365100145339966,0.6590369939804077,0.5928030014038086,47742747
2021-09-07 00:00:00,0.4793519973754883,0.636243999004364,0.4793519973754883,0.7160590291023254,0.43443700671195984,56540430
2021-09-08 00:00:00,0.48220300674438477,0.47975701093673706,0.48220300674438477,0.5052149891853333,0.4321179986000061,30510323
2021-09-09 00:00:00,0.4705919921398163,0.4757170081138611,0.4705919921398163,0.49929800629615784,0.46728599071502686,21270770
2021-09-10 00:00:00,0.4227690100669861,0.47059398889541626,0.4227690100669861,0.48086199164390564,0.3999530076980591,26923419
2021-09-11 00:00:00,0.4216049909591675,0.42338401079177856,0.4216049909591675,0.4460259974002838,0.4107140004634857,16840868
2021-09-12 00:00:00,0.4957529902458191,0.4215709865093231,0.4957529902458191,0.5008789896965027,0.4119569957256317,34884210
2021-09-13 00:00:00,0.4392569959163666,0.50245600938797,0.4392569959163666,0.5302339792251587,0.4279400110244751,30859363
2021-09-14 00:00:00,0.5803040266036987,0.4389120042324066,0.5803040266036987,0.6039459705352783,0.43129900097846985,69626645
2021-09-15 00:00:00,0.5856819748878479,0.5800589919090271,0.5856819748878479,0.6682389974594116,0.5394889712333679,63829686
2021-09-16 00:00:00,0.6442670226097107,0.584181010723114,0.6442670226097107,0.666458010673523,0.5813310146331787,45811363
2021-09-17 00:00:00,0.5599640011787415,0.6449310183525085,0.5599640011787415,0.6453449726104736,0.5524129867553711,25351749
2021-09-18 00:00:00,0.558243989944458,0.5599809885025024,0.558243989944458,0.6130729913711548,0.547419011592865,21341211
2021-09-19 00:00:00,0.5439109802246094,0.5583239793777466,0.5439109802246094,0.569271981716156,0.5325490236282349,14394345
2021-09-20 00:00:00,0.4477649927139282,0.5437840223312378,0.4477649927139282,0.5447940230369568,0.43040400743484497,27470971
2021-09-21 00:00:00,0.45025500655174255,0.4479919970035553,0.45025500655174255,0.5301259756088257,0.4209290146827698,25570034
2021-09-22 00:00:00,0.4893920123577118,0.44957399368286133,0.4893920123577118,0.5221379995346069,0.4493289887905121,26892395
2021-09-23 00:00:00,0.5073509812355042,0.48910799622535706,0.5073509812355042,0.5343149900436401,0.4764780104160309,29424613
2021-09-24 00:00:00,0.4559729993343353,0.5073300004005432,0.4559729993343353,0.5089899897575378,0.4268830120563507,21315198
2021-09-25 00:00:00,0.45039600133895874,0.4563550055027008,0.45039600133895874,0.4745030105113983,0.44015398621559143,14533862
2021-09-26 00:00:00,0.4351789951324463,0.4494419991970062,0.4351789951324463,0.4601620137691498,0.40048301219940186,25667420
2021-09-27 00:00:00,0.4208320081233978,0.4359450042247772,0.4208320081233978,0.4594619870185852,0.4202849864959717,12545280
2021-09-28 00:00:00,0.40396299958229065,0.4210219979286194,0.40396299958229065,0.43789198994636536,0.40229499340057373,14885108
2021-09-29 00:00:00,0.4142639935016632,0.4042209982872009,0.4142639935016632,0.43698298931121826,0.4001699984073639,12945940
2021-09-30 00:00:00,0.4414860010147095,0.4142509996891022,0.4414860010147095,0.4414860010147095,0.40828898549079895,12222372
2021-10-01 00:00:00,0.48209598660469055,0.4398750066757202,0.48209598660469055,0.4830929934978485,0.42445600032806396,18872276
2021-10-02 00:00:00,0.48895499110221863,0.48299700021743774,0.48895499110221863,0.5143679976463318,0.46462199091911316,22205127
2021-10-03 00:00:00,0.4946649968624115,0.48593398928642273,0.4946649968624115,0.5018079876899719,0.47285398840904236,18374885
2021-10-04 00:00:00,0.4592599868774414,0.4942589998245239,0.4592599868774414,0.4942589998245239,0.4520469903945923,13063595
2021-10-05 00:00:00,0.49153900146484375,0.460099995136261,0.49153900146484375,0.5097759962081909,0.45569300651550293,20199240
2021-10-06 00:00:00,0.484703004360199,0.4912320077419281,0.484703004360199,0.5545989871025085,0.4661310017108917,30372725
2021-10-07 00:00:00,0.4689750075340271,0.4848479926586151,0.4689750075340271,0.5066829919815063,0.4681450128555298,21940475
2021-10-08 00:00:00,0.46098199486732483,0.47063300013542175,0.46098199486732483,0.47975900769233704,0.4571020007133484,14736042
2021-10-09 00:00:00,0.46790799498558044,0.46053099632263184,0.46790799498558044,0.47579100728034973,0.4571720063686371,17013846
2021-10-10 00:00:00,0.4370329976081848,0.4678570032119751,0.4370329976081848,0.47056299448013306,0.43188899755477905,14622472
2021-10-11 00:00:00,0.42704299092292786,0.43784698843955994,0.42704299092292786,0.45933398604393005,0.423878014087677,14740357
2021-10-12 00:00:00,0.42701300978660583,0.4279150068759918,0.42701300978660583,0.4297100007534027,0.40717199444770813,13992241
2021-10-13 00:00:00,0.4315829873085022,0.4276300072669983,0.4315829873085022,0.44120699167251587,0.41284099221229553,13334668
2021-10-14 00:00:00,0.4647809863090515,0.43156901001930237,0.4647809863090515,0.4728649854660034,0.42805999517440796,18380613
2021-10-15 00:00:00,0.4931569993495941,0.4648750126361847,0.4931569993495941,0.6073639988899231,0.4509420096874237,63420265
2021-10-16 00:00:00,0.494049996137619,0.49118900299072266,0.494049996137619,0.5505369901657104,0.4707610011100769,31326327
2021-10-17 00:00:00,0.5744040012359619,0.49403899908065796,0.5744040012359619,0.6668630242347717,0.4876039922237396,68140773
2021-10-18 00:00:00,0.5611240267753601,0.576878011226654,0.5611240267753601,0.6468619704246521,0.5460590124130249,61257314
2021-10-19 00:00:00,0.611299991607666,0.5613059997558594,0.611299991607666,0.6307529807090759,0.5519180297851562,35963608
2021-10-20 00:00:00,0.60384202003479,0.6137719750404358,0.60384202003479,0.6237670183181763,0.5728340148925781,25045551
2021-10-21 00:00:00,0.571632981300354,0.6036930084228516,0.571632981300354,0.6447389721870422,0.5708649754524231,26340642
2021-10-22 00:00:00,0.5531439781188965,0.5708500146865845,0.5531439781188965,0.5901749730110168,0.5464670062065125,20121070
2021-10-23 00:00:00,0.5215250253677368,0.5531520247459412,0.5215250253677368,0.5547170042991638,0.5155450105667114,16152745
2021-10-24 00:00:00,0.5024679899215698,0.5213149785995483,0.5024679899215698,0.5286359786987305,0.48614901304244995,16645216
2021-10-25 00:00:00,0.5721259713172913,0.5024309754371643,0.5721259713172913,0.5921940207481384,0.5001789927482605,28014475
2021-10-26 00:00:00,0.5820850133895874,0.5728409886360168,0.5820850133895874,0.6025940179824829,0.5428509712219238,24649795
2021-10-27 00:00:00,0.6811609864234924,0.5821419954299927,0.6811609864234924,0.7244030237197876,0.5547680258750916,95094018
2021-10-28 00:00:00,0.6247410178184509,0.6815339922904968,0.6247410178184509,0.7308290004730225,0.6061379909515381,41730487
2021-10-29 00:00:00,0.6047220230102539,0.6249740123748779,0.6047220230102539,0.6472309827804565,0.5941410064697266,19067108
2021-10-30 00:00:00,0.6017929911613464,0.605122983455658,0.6017929911613464,0.6324920058250427,0.5703229904174805,22550206
2021-10-31 00:00:00,0.5934960246086121,0.6012639999389648,0.5934960246086121,0.6279159784317017,0.5847619771957397,17449312
2021-11-01 00:00:00,0.646049976348877,0.5934680104255676,0.646049976348877,0.6522229909896851,0.5925660133361816,26678706
2021-11-02 00:00:00,0.6410520076751709,0.6459910273551941,0.6410520076751709,0.6993560194969177,0.6331859827041626,28236940
2021-11-03 00:00:00,0.6107419729232788,0.6410589814186096,0.6107419729232788,0.6424859762191772,0.6066290140151978,19974446
2021-11-04 00:00:00,0.639618992805481,0.6112110018730164,0.639618992805481,0.640550971031189,0.5914829969406128,27317729
2021-11-05 00:00:00,0.5955849885940552,0.6395679712295532,0.5955849885940552,0.6416739821434021,0.5894410014152527,16523899
2021-11-06 00:00:00,0.6063839793205261,0.5947819948196411,0.6063839793205261,0.6208890080451965,0.5764790177345276,12068097
2021-11-07 00:00:00,0.6086810231208801,0.6065179705619812,0.6086810231208801,0.6250849962234497,0.598878026008606,11738379
2021-11-08 00:00:00,0.608398973941803,0.6094520092010498,0.608398973941803,0.643314003944397,0.6024850010871887,17734646
2021-11-09 00:00:00,0.6379939913749695,0.608381986618042,0.6379939913749695,0.6639959812164307,0.5980550050735474,21407296
2021-11-10 00:00:00,0.6051009893417358,0.6380400061607361,0.6051009893417358,0.7135689854621887,0.5915600061416626,36256064
2021-11-11 00:00:00,0.6143059730529785,0.6050609946250916,0.6143059730529785,0.6289399862289429,0.597258985042572,15784269
2021-11-12 00:00:00,0.6047220230102539,0.6127960085868835,0.6047220230102539,0.6289070248603821,0.5772609710693359,16531268
2021-11-13 00:00:00,0.5825710296630859,0.6054480075836182,0.5825710296630859,0.6294379830360413,0.5798659920692444,18524157
2021-11-14 00:00:00,0.5530099868774414,0.5821419954299927,0.5530099868774414,0.589693009853363,0.5461059808731079,16992923
2021-11-15 00:00:00,0.5255169868469238,0.5525339841842651,0.5255169868469238,0.5629979968070984,0.5255169868469238,19325765
2021-11-16 00:00:00,0.47643300890922546,0.5262219905853271,0.47643300890922546,0.5433210134506226,0.4621390104293823,19344374
2021-11-17 00:00:00,0.4633699953556061,0.47683098912239075,0.4633699953556061,0.49662500619888306,0.4514949917793274,17408959
2021-11-18 00:00:00,0.42862799763679504,0.46322399377822876,0.42862799763679504,0.47946101427078247,0.4128139913082123,16599280
2021-11-19 00:00:00,0.47024300694465637,0.4285840094089508,0.47024300694465637,0.47050100564956665,0.42305898666381836,14049119
2021-11-20 00:00:00,0.4653800129890442,0.46953698992729187,0.4653800129890442,0.4730600118637085,0.44733500480651855,11937928
2021-11-21 00:00:00,0.5033230185508728,0.4656729996204376,0.5033230185508728,0.5331230163574219,0.4561980068683624,22653781
2021-11-22 00:00:00,0.4605970084667206,0.503030002117157,0.4605970084667206,0.5033379793167114,0.45076799392700195,14811511
2021-11-23 00:00:00,0.4633289873600006,0.4605709910392761,0.4633289873600006,0.48312199115753174,0.45763298869132996,12105456
2021-11-24 00:00:00,0.4495519995689392,0.4632889926433563,0.4495519995689392,0.4665049910545349,0.4340519905090332,12952355
2021-11-25 00:00:00,0.44250598549842834,0.4442940056324005,0.44250598549842834,0.4745340049266815,0.4365589916706085,12752312
2021-11-26 00:00:00,0.41941699385643005,0.4739510118961334,0.41941699385643005,0.48617199063301086,0.405254989862442,15319032
2021-11-27 00:00:00,0.44208699464797974,0.41935500502586365,0.44208699464797974,0.4717729985713959,0.41935500502586365,17690702
2021-11-28 00:00:00,0.4439080059528351,0.44457098841667175,0.4439080059528351,0.44534701108932495,0.4118160009384155,11156205
2021-11-29 00:00:00,0.44029098749160767,0.444689005613327,0.44029098749160767,0.45770901441574097,0.4370880126953125,11128574
2021-11-30 00:00:00,0.444242000579834,0.4396379888057709,0.444242000579834,0.4731070101261139,0.4282180070877075,14660428
2021-12-01 00:00:00,0.444021999835968,0.4446679949760437,0.444021999835968,0.46296998858451843,0.4357210099697113,14132663
2021-12-02 00:00:00,0.44220998883247375,0.44318899512290955,0.44220998883247375,0.45189499855041504,0.42081400752067566,14747032
2021-12-03 00:00:00,0.4181550145149231,0.44260600209236145,0.4181550145149231,0.47704800963401794,0.4101020097732544,20280564
2021-12-04 00:00:00,0.34641000628471375,0.4200479984283447,0.34641000628471375,0.4200800061225891,0.24975000321865082,18154109
2021-12-05 00:00:00,0.3148620128631592,0.34677499532699585,0.3148620128631592,0.3497160077095032,0.3054780066013336,11997321
2021-12-06 00:00:00,0.3130660057067871,0.31490999460220337,0.3130660057067871,0.3154680132865906,0.2769849896430969,15196226
2021-12-07 00:00:00,0.32013800740242004,0.31319698691368103,0.32013800740242004,0.3433600068092346,0.3107509911060333,14320421
2021-12-08 00:00:00,0.32532399892807007,0.3201279938220978,0.32532399892807007,0.3344559967517853,0.3027760088443756,13906819
2021-12-09 00:00:00,0.2931370139122009,0.3251569867134094,0.2931370139122009,0.3311220109462738,0.2922529876232147,9582332
2021-12-10 00:00:00,0.2764529883861542,0.2936069965362549,0.2764529883861542,0.3025819957256317,0.2728950083255768,9973787
2021-12-11 00:00:00,0.2891640067100525,0.27623599767684937,0.2891640067100525,0.29166099429130554,0.2715739905834198,6655648
2021-12-12 00:00:00,0.2998709976673126,0.2888469994068146,0.2998709976673126,0.3027920126914978,0.27683600783348083,7869474
2021-12-13 00:00:00,0.25643599033355713,0.3000119924545288,0.25643599033355713,0.3002229928970337,0.2544640004634857,11233562
2021-12-14 00:00:00,0.2532939910888672,0.25662800669670105,0.2532939910888672,0.27122899889945984,0.25051799416542053,8411551
2021-12-15 00:00:00,0.2716439962387085,0.2710239887237549,0.2716439962387085,0.2797659933567047,0.25612300634384155,10171378
2021-12-16 00:00:00,0.270346999168396,0.2715449929237366,0.270346999168396,0.2832129895687103,0.2689230144023895,7345014
2021-12-17 00:00:00,0.26559799909591675,0.2703860104084015,0.26559799909591675,0.2868809998035431,0.25466200709342957,7062226
2021-12-18 00:00:00,0.44152799248695374,0.26583701372146606,0.44152799248695374,0.5492039918899536,0.2604849934577942,210658660
2021-12-19 00:00:00,0.3674260079860687,0.4391910135746002,0.3674260079860687,0.47865501046180725,0.3652069866657257,130001693
2021-12-20 00:00:00,0.3344320058822632,0.36789798736572266,0.3344320058822632,0.3679260015487671,0.32343199849128723,25498848
2021-12-21 00:00:00,0.32460400462150574,0.3341670036315918,0.32460400462150574,0.35009700059890747,0.3206939995288849,17773789
2021-12-22 00:00:00,0.31383800506591797,0.32577601075172424,0.31383800506591797,0.3369069993495941,0.313293993473053,13415331
2021-12-23 00:00:00,0.33288198709487915,0.314285010099411,0.33288198709487915,0.3398509919643402,0.3043160140514374,15711179
2021-12-24 00:00:00,0.31395500898361206,0.3322480022907257,0.31395500898361206,0.33480700850486755,0.3125939965248108,16180585
2021-12-25 00:00:00,0.3714590072631836,0.31329798698425293,0.3714590072631836,0.4397589862346649,0.31263700127601624,85792856
2021-12-26 00:00:00,0.35230201482772827,0.3712800145149231,0.35230201482772827,0.3729430139064789,0.3415749967098236,26944697
2021-12-27 00:00:00,0.3456979990005493,0.3522549867630005,0.3456979990005493,0.38127601146698,0.34527701139450073,20852030
2021-12-28 00:00:00,0.31776100397109985,0.3463729918003082,0.31776100397109985,0.3463729918003082,0.3159849941730499,13828123
2021-12-29 00:00:00,0.3241870105266571,0.31799501180648804,0.3241870105266571,0.3658809959888458,0.3171069920063019,26769734
2021-12-30 00:00:00,0.3218179941177368,0.3245890140533447,0.3218179941177368,0.3268359899520874,0.30916500091552734,13460216
2021-12-31 00:00:00,0.3148849904537201,0.32193100452423096,0.3148849904537201,0.3282420039176941,0.3104270100593567,13816862
2022-01-01 00:00:00,0.32506299018859863,0.31497499346733093,0.32506299018859863,0.33216801285743713,0.3149609863758087,12474338
2022-01-02 00:00:00,0.32295599579811096,0.32485100626945496,0.32295599579811096,0.3342289924621582,0.3203679919242859,10937382
2022-01-03 00:00:00,0.3125559985637665,0.3229300081729889,0.3125559985637665,0.3285540044307709,0.3065280020236969,11917405
2022-01-04 00:00:00,0.313632994890213,0.31260401010513306,0.313632994890213,0.32975900173187256,0.3070710003376007,13878626
2022-01-05 00:00:00,0.28182199597358704,0.3136720061302185,0.28182199597358704,0.33163100481033325,0.2755669951438904,15305962
2022-01-06 00:00:00,0.28270700573921204,0.28138598799705505,0.28270700573921204,0.29363200068473816,0.27136901021003723,17700684
2022-01-07 00:00:00,0.25868698954582214,0.2827320098876953,0.25868698954582214,0.2827320098876953,0.2478410005569458,17170268
2022-01-08 00:00:00,0.26072099804878235,0.2575179934501648,0.26072099804878235,0.28319600224494934,0.2453179955482483,19018791
2022-01-09 00:00:00,0.2622489929199219,0.2606799900531769,0.2622489929199219,0.2705309987068176,0.2556680142879486,10556240
2022-01-10 00:00:00,0.2488189935684204,0.2622720003128052,0.2488189935684204,0.271681010723114,0.2374259978532791,10698421
2022-01-11 00:00:00,0.2609359920024872,0.24879799783229828,0.2609359920024872,0.2656260132789612,0.24661099910736084,9905784
2022-01-12 00:00:00,0.27471300959587097,0.2609519958496094,0.27471300959587097,0.2805980145931244,0.26000499725341797,12087193
2022-01-13 00:00:00,0.25935500860214233,0.27466800808906555,0.25935500860214233,0.2760609984397888,0.25935500860214233,11916036
2022-01-14 00:00:00,0.270018994808197,0.25935399532318115,0.270018994808197,0.2789649963378906,0.25577500462532043,11352057
2022-01-15 00:00:00,0.26779401302337646,0.2699809968471527,0.26779401302337646,0.281266987323761,0.26332101225852966,11943601
2022-01-16 00:00:00,0.2691049873828888,0.2677899897098541,0.2691049873828888,0.2782900035381317,0.26210999488830566,8643368
2022-01-17 00:00:00,0.296983003616333,0.2691180109977722,0.296983003616333,0.30970001220703125,0.26491600275039673,32103234
2022-01-18 00:00:00,0.2702670097351074,0.2969459891319275,0.2702670097351074,0.31519201397895813,0.26287001371383667,16396124
2022-01-19 00:00:00,0.253601998090744,0.2703379988670349,0.253601998090744,0.27678900957107544,0.253601998090744,9086757
2022-01-20 00:00:00,0.24421800673007965,0.2536639869213104,0.24421800673007965,0.2653450071811676,0.24421800673007965,6035928
2022-01-21 00:00:00,0.19584299623966217,0.244051992893219,0.19584299623966217,0.24689899384975433,0.19221200048923492,13866558
2022-01-22 00:00:00,0.1742600053548813,0.19620700180530548,0.1742600053548813,0.20562799274921417,0.15754400193691254,10935524
2022-01-23 00:00:00,0.19011299312114716,0.1742980033159256,0.19011299312114716,0.19111000001430511,0.17359399795532227,6804039
2022-01-24 00:00:00,0.17205999791622162,0.18991300463676453,0.17205999791622162,0.19000500440597534,0.15264900028705597,9254840
2022-01-25 00:00:00,0.1779329925775528,0.1721539944410324,0.1779329925775528,0.18315699696540833,0.16548199951648712,7507096
2022-01-26 00:00:00,0.20145100355148315,0.1779019981622696,0.20145100355148315,0.2185250073671341,0.17501500248908997,16508442
2022-01-27 00:00:00,0.18455900251865387,0.20148399472236633,0.18455900251865387,0.20806699991226196,0.17814700305461884,7653578
2022-01-28 00:00:00,0.1930059939622879,0.18450899422168732,0.1930059939622879,0.19536200165748596,0.18005600571632385,7484421
2022-01-29 00:00:00,0.19721700251102448,0.19303500652313232,0.19721700251102448,0.20117899775505066,0.19296100735664368,6893288
2022-01-30 00:00:00,0.18869799375534058,0.19748899340629578,0.18869799375534058,0.1987140029668808,0.18647000193595886,6823393
2022-01-31 00:00:00,0.18978700041770935,0.18869799375534058,0.18978700041770935,0.19189800322055817,0.18011200428009033,7232670
2022-02-01 00:00:00,0.19438700377941132,0.1898069977760315,0.19438700377941132,0.19772599637508392,0.18881499767303467,6509538
2022-02-02 00:00:00,0.18317799270153046,0.19437700510025024,0.18317799270153046,0.19803500175476074,0.182887002825737,5762098
2022-02-03 00:00:00,0.19312100112438202,0.1833070069551468,0.19312100112438202,0.19312100112438202,0.17984899878501892,7154951
2022-02-04 00:00:00,0.20806899666786194,0.1931699961423874,0.20806899666786194,0.20987699925899506,0.1903569996356964,8233468
2022-02-05 00:00:00,0.21807299554347992,0.2079329937696457,0.21807299554347992,0.23321999609470367,0.2042890042066574,10896828
2022-02-06 00:00:00,0.22978700697422028,0.21806399524211884,0.22978700697422028,0.22991199791431427,0.21737800538539886,9772357
2022-02-07 00:00:00,0.22587299346923828,0.22980600595474243,0.22587299346923828,0.23610900342464447,0.22293199598789215,7605894
2022-02-08 00:00:00,0.2177020013332367,0.22598500549793243,0.2177020013332367,0.2387779951095581,0.2084359973669052,7994381
2022-02-09 00:00:00,0.22659499943256378,0.217616006731987,0.22659499943256378,0.2315959930419922,0.21056300401687622,7262279
2022-02-10 00:00:00,0.24601200222969055,0.22659200429916382,0.24601200222969055,0.27981799840927124,0.2136709988117218,28590589
2022-02-11 00:00:00,0.22043800354003906,0.24573500454425812,0.22043800354003906,0.2686299979686737,0.21785500645637512,19972491
2022-02-12 00:00:00,0.22342100739479065,0.22045600414276123,0.22342100739479065,0.23491999506950378,0.2189449965953827,5851047
2022-02-13 00:00:00,0.21718700230121613,0.22341300547122955,0.21718700230121613,0.2333959937095642,0.21559500694274902,11350163
2022-02-14 00:00:00,0.22148899734020233,0.21704399585723877,0.22148899734020233,0.23697200417518616,0.2145099937915802,23014488
2022-02-15 00:00:00,0.2321079969406128,0.22148700058460236,0.2321079969406128,0.23275800049304962,0.2196280062198639,15195868
2022-02-16 00:00:00,0.22463999688625336,0.2321539968252182,0.22463999688625336,0.2321539968252182,0.2203799933195114,9636564
2022-02-17 00:00:00,0.20182499289512634,0.22447800636291504,0.20182499289512634,0.22574299573898315,0.2013459950685501,13325169
2022-02-18 00:00:00,0.19277499616146088,0.20198500156402588,0.19277499616146088,0.20613400638103485,0.19133000075817108,8081204
2022-02-19 00:00:00,0.19247600436210632,0.19276900589466095,0.19247600436210632,0.19876199960708618,0.18868499994277954,4077744
2022-02-20 00:00:00,0.18137000501155853,0.1925249993801117,0.18137000501155853,0.1927890032529831,0.1766510009765625,6480949
2022-02-21 00:00:00,0.17054900527000427,0.18135100603103638,0.17054900527000427,0.1969909965991974,0.1689700037240982,7443607
2022-02-22 00:00:00,0.17421700060367584,0.17051899433135986,0.17421700060367584,0.17664100229740143,0.16706199944019318,7289623
2022-02-23 00:00:00,0.1704539954662323,0.1742050051689148,0.1704539954662323,0.18664300441741943,0.17003600299358368,8638084
2022-02-24 00:00:00,0.16451099514961243,0.17040599882602692,0.16451099514961243,0.17056399583816528,0.1507900059223175,8486301
2022-02-25 00:00:00,0.1792220026254654,0.16450999677181244,0.1792220026254654,0.18205299973487854,0.16440099477767944,7143576
2022-02-26 00:00:00,0.17800599336624146,0.17924100160598755,0.17800599336624146,0.18551300466060638,0.17761899530887604,7711178
2022-02-27 00:00:00,0.16861799359321594,0.1779939979314804,0.16861799359321594,0.18829500675201416,0.1671990007162094,9716010
2022-02-28 00:00:00,0.1878809928894043,0.16859599947929382,0.1878809928894043,0.18820799887180328,0.1666709929704666,9414355
2022-03-01 00:00:00,0.18766599893569946,0.1878799945116043,0.18766599893569946,0.19335399568080902,0.18129999935626984,9730912
2022-03-02 00:00:00,0.20134900510311127,0.18769900500774384,0.20134900510311127,0.21384400129318237,0.18535099923610687,25193944
2022-03-03 00:00:00,0.1852640062570572,0.2013320028781891,0.1852640062570572,0.21878699958324432,0.18185900151729584,15378096
2022-03-04 00:00:00,0.17617300152778625,0.18538300693035126,0.17617300152778625,0.18544000387191772,0.17183400690555573,10167073
2022-03-05 00:00:00,0.18332000076770782,0.1762090027332306,0.18332000076770782,0.1892630010843277,0.17245200276374817,8498990
2022-03-06 00:00:00,0.1778939962387085,0.18333999812602997,0.1778939962387085,0.18953299522399902,0.17654100060462952,10782478
2022-03-07 00:00:00,0.16481700539588928,0.1778929978609085,0.16481700539588928,0.17814399302005768,0.16320300102233887,10466775
2022-03-08 00:00:00,0.16862499713897705,0.16479000449180603,0.16862499713897705,0.17330999672412872,0.16438299417495728,7043625
2022-03-09 00:00:00,0.1732739955186844,0.16861699521541595,0.1732739955186844,0.17883799970149994,0.16858500242233276,7019713
2022-03-10 00:00:00,0.17337000370025635,0.17324300110340118,0.17337000370025635,0.21001100540161133,0.16180600225925446,21007232
2022-03-11 00:00:00,0.16516099870204926,0.17345599830150604,0.16516099870204926,0.17937800288200378,0.16256700456142426,13394853
2022-03-12 00:00:00,0.1628440022468567,0.16516800224781036,0.1628440022468567,0.17335499823093414,0.1627350002527237,11838837
2022-03-13 00:00:00,0.1631779968738556,0.1627340018749237,0.1631779968738556,0.17937800288200378,0.16014200448989868,13524609
2022-03-14 00:00:00,0.17144399881362915,0.1631779968738556,0.17144399881362915,0.17339199781417847,0.1627970039844513,13028683
2022-03-15 00:00:00,0.18544599413871765,0.1714390069246292,0.18544599413871765,0.21424199640750885,0.16808100044727325,41823785
2022-03-16 00:00:00,0.1860090047121048,0.18492400646209717,0.1860090047121048,0.1926099956035614,0.1730699986219406,17823830
2022-03-17 00:00:00,0.21126499772071838,0.18594099581241608,0.21126499772071838,0.23189200460910797,0.1800220012664795,46730945
2022-03-18 00:00:00,0.2069000005722046,0.21120600402355194,0.2069000005722046,0.23308700323104858,0.20082400739192963,44741661
2022-03-19 00:00:00,0.2053859978914261,0.20684200525283813,0.2053859978914261,0.21451200544834137,0.20304399728775024,12749930
2022-03-20 00:00:00,0.19832700490951538,0.2054159939289093,0.19832700490951538,0.21684899926185608,0.19832700490951538,12297124
2022-03-21 00:00:00,0.1977889984846115,0.19830499589443207,0.1977889984846115,0.20312899351119995,0.19554400444030762,9291611
2022-03-22 00:00:00,0.20022599399089813,0.19779300689697266,0.20022599399089813,0.2089959979057312,0.1972620040178299,12398398
2022-03-23 00:00:00,0.20312899351119995,0.20023499429225922,0.20312899351119995,0.20357699692249298,0.19561700522899628,10443524
2022-03-24 00:00:00,0.20805899798870087,0.20310500264167786,0.20805899798870087,0.20897400379180908,0.20058199763298035,12309085
2022-03-25 00:00:00,0.2033499926328659,0.208064004778862,0.2033499926328659,0.21620500087738037,0.20279400050640106,9977322
2022-03-26 00:00:00,0.2083040028810501,0.20318999886512756,0.2083040028810501,0.21194200217723846,0.20281800627708435,7662363
2022-03-27 00:00:00,0.21894599497318268,0.20832300186157227,0.21894599497318268,0.21911999583244324,0.20806199312210083,8476941
2022-03-28 00:00:00,0.2199620008468628,0.21895499527454376,0.2199620008468628,0.23207500576972961,0.21846699714660645,11059614
2022-03-29 00:00:00,0.24552400410175323,0.21989700198173523,0.24552400410175323,0.25679999589920044,0.21857500076293945,24436971
2022-03-30 00:00:00,0.24553300440311432,0.2455819994211197,0.24553300440311432,0.24899500608444214,0.23117400705814362,11683378
2022-03-31 00:00:00,0.232805997133255,0.2455649971961975,0.232805997133255,0.2891950011253357,0.23200200498104095,22909404
2022-04-01 00:00:00,0.24678300321102142,0.2328380048274994,0.24678300321102142,0.25212201476097107,0.22555600106716156,12164956
2022-04-02 00:00:00,0.23697499930858612,0.24679100513458252,0.23697499930858612,0.2499759942293167,0.2366189956665039,9589622
2022-04-03 00:00:00,0.24249599874019623,0.23694999516010284,0.24249599874019623,0.2461490035057068,0.23694999516010284,9592959
2022-04-04 00:00:00,0.2340410053730011,0.2424979954957962,0.2340410053730011,0.2427320033311844,0.22624799609184265,9174996
2022-04-05 00:00:00,0.2451239973306656,0.23403200507164001,0.2451239973306656,0.30903300642967224,0.23156900703907013,46740071
2022-04-06 00:00:00,0.20761500298976898,0.24503900110721588,0.20761500298976898,0.24586500227451324,0.20761500298976898,14405313
2022-04-07 00:00:00,0.2230760008096695,0.20762999355793,0.2230760008096695,0.2298939973115921,0.20335300266742706,12808803
2022-04-08 00:00:00,0.21461500227451324,0.22309300303459167,0.21461500227451324,0.25071799755096436,0.21355900168418884,16602080
2022-04-09 00:00:00,0.2178650051355362,0.2146410048007965,0.2178650051355362,0.21857599914073944,0.2138739973306656,6537409
2022-04-10 00:00:00,0.21268899738788605,0.21787400543689728,0.21268899738788605,0.2210790067911148,0.2118220031261444,7955821
2022-04-11 00:00:00,0.18588800728321075,0.2124210000038147,0.18588800728321075,0.2124210000038147,0.18588800728321075,9986813
2022-04-12 00:00:00,0.19228799641132355,0.1859080046415329,0.19228799641132355,0.20196600258350372,0.18579800426959991,7128395
2022-04-13 00:00:00,0.19791600108146667,0.19226300716400146,0.19791600108146667,0.19940200448036194,0.18650700151920319,7815600
2022-04-14 00:00:00,0.18865199387073517,0.19801199436187744,0.18865199387073517,0.19921499490737915,0.18650700151920319,6196817
2022-04-15 00:00:00,0.1907919943332672,0.18864400684833527,0.1907919943332672,0.20192499458789825,0.1876620054244995,8177786
2022-04-16 00:00:00,0.20628699660301208,0.19079400599002838,0.20628699660301208,0.2124360054731369,0.18984000384807587,14323541
2022-04-17 00:00:00,0.19319599866867065,0.20623700320720673,0.19319599866867065,0.20999300479888916,0.19282500445842743,8457389
2022-04-18 00:00:00,0.19238899648189545,0.19327299296855927,0.19238899648189545,0.1933480054140091,0.18214799463748932,8129344
2022-04-19 00:00:00,0.19654899835586548,0.1922519952058792,0.19654899835586548,0.20204700529575348,0.19132299721240997,7616651
2022-04-20 00:00:00,0.1971379965543747,0.19656799733638763,0.1971379965543747,0.20161400735378265,0.19323399662971497,8528291
2022-04-21 00:00:00,0.18930800259113312,0.19711999595165253,0.18930800259113312,0.2122579962015152,0.1884240061044693,13987957
2022-04-22 00:00:00,0.1912810057401657,0.18930000066757202,0.1912810057401657,0.2010270059108734,0.18477800488471985,10849418
2022-04-23 00:00:00,0.19488699734210968,0.19129499793052673,0.19488699734210968,0.21243900060653687,0.18951299786567688,19963360
2022-04-24 00:00:00,0.19358700513839722,0.1948699951171875,0.19358700513839722,0.207519993185997,0.19277499616146088,12651173
2022-04-25 00:00:00,0.19800999760627747,0.19365300238132477,0.19800999760627747,0.20018400251865387,0.18716399371623993,10786555
2022-04-26 00:00:00,0.18213500082492828,0.1979990005493164,0.18213500082492828,0.19964399933815002,0.1804009974002838,6730153
2022-04-27 00:00:00,0.19516199827194214,0.18215499818325043,0.19516199827194214,0.1971690058708191,0.17969200015068054,9765594
2022-04-28 00:00:00,0.1933950036764145,0.19505800306797028,0.1933950036764145,0.19627000391483307,0.19004400074481964,9340796
2022-04-29 00:00:00,0.18550799787044525,0.19338800013065338,0.18550799787044525,0.194350004196167,0.18348999321460724,7038408
2022-04-30 00:00:00,0.16488300263881683,0.185479998588562,0.16488300263881683,0.19114099442958832,0.1646060049533844,7555278
2022-05-01 00:00:00,0.17020300030708313,0.1650180071592331,0.17020300030708313,0.1717189997434616,0.16297799348831177,9054580
2022-05-02 00:00:00,0.17217500507831573,0.17017699778079987,0.17217500507831573,0.17633900046348572,0.16759899258613586,7964275
2022-05-03 00:00:00,0.16650399565696716,0.1721770018339157,0.16650399565696716,0.17489999532699585,0.16599200665950775,6810460
2022-05-04 00:00:00,0.17500899732112885,0.16653600335121155,0.17500899732112885,0.17513500154018402,0.16576799750328064,7826741
2022-05-05 00:00:00,0.1585109978914261,0.1750909984111786,0.1585109978914261,0.179284006357193,0.15300600230693817,7109903
2022-05-06 00:00:00,0.15367500483989716,0.15852400660514832,0.15367500483989716,0.15949100255966187,0.1507910043001175,6437711
2022-05-07 00:00:00,0.14704999327659607,0.15365900099277496,0.14704999327659607,0.15365900099277496,0.14601600170135498,6244642
2022-05-08 00:00:00,0.137813001871109,0.14704599976539612,0.137813001871109,0.14704599976539612,0.1370609998703003,5052256
2022-05-09 00:00:00,0.11250299960374832,0.13789500296115875,0.11250299960374832,0.139505997300148,0.11250299960374832,6640481
2022-05-10 00:00:00,0.11266099661588669,0.1119609996676445,0.11266099661588669,0.12654800713062286,0.10851900279521942,7276767
2022-05-11 00:00:00,0.07791599631309509,0.11261499673128128,0.07791599631309509,0.11524400115013123,0.07191099971532822,8362920
2022-05-12 00:00:00,0.0726810023188591,0.07797499746084213,0.0726810023188591,0.08484700322151184,0.06714200228452682,6154279
2022-05-13 00:00:00,0.08308800309896469,0.07263299822807312,0.08308800309896469,0.09321799874305725,0.07140800356864929,6853069
2022-05-14 00:00:00,0.08415500074625015,0.08311299979686737,0.08415500074625015,0.08711100369691849,0.07687100023031235,5806611
2022-05-15 00:00:00,0.0920960009098053,0.08408399671316147,0.0920960009098053,0.0920960009098053,0.08111099898815155,6452250
2022-05-16 00:00:00,0.08585000038146973,0.09210799634456635,0.08585000038146973,0.09210799634456635,0.08086299896240234,8000503
2022-05-17 00:00:00,0.0994350016117096,0.0858049988746643,0.0994350016117096,0.1023619994521141,0.08577500283718109,10350845
2022-05-18 00:00:00,0.0842370018362999,0.0993489995598793,0.0842370018362999,0.1000870019197464,0.08359000086784363,8445523
2022-05-19 00:00:00,0.09419500082731247,0.08424299955368042,0.09419500082731247,0.09598799794912338,0.08362399786710739,8318025
2022-05-20 00:00:00,0.10311099886894226,0.09417799860239029,0.10311099886894226,0.10690400004386902,0.09150300174951553,12012944
2022-05-21 00:00:00,0.09746100008487701,0.10311199724674225,0.09746100008487701,0.10992100089788437,0.09493499994277954,8597154
2022-05-22 00:00:00,0.09815999865531921,0.09747999906539917,0.09815999865531921,0.10034000128507614,0.09514299780130386,6981516
2022-05-23 00:00:00,0.09622599929571152,0.09813199937343597,0.09622599929571152,0.10532300174236298,0.09556800127029419,7971222
2022-05-24 00:00:00,0.09586799889802933,0.09622400254011154,0.09586799889802933,0.0987820029258728,0.09207399934530258,7821217
2022-05-25 00:00:00,0.09104900062084198,0.09583599865436554,0.09104900062084198,0.09764699637889862,0.09104900062084198,9127956
2022-05-26 00:00:00,0.08598099648952484,0.09103699773550034,0.08598099648952484,0.09195700287818909,0.08139199763536453,7173306
2022-05-27 00:00:00,0.08079099655151367,0.08595199882984161,0.08079099655151367,0.0870250016450882,0.07961200177669525,5358634
2022-05-28 00:00:00,0.09065700322389603,0.08284299820661545,0.09065700322389603,0.09529399871826172,0.08078200370073318,7287540
2022-05-29 00:00:00,0.1013450026512146,0.09069699794054031,0.1013450026512146,0.10811399668455124,0.09069699794054031,19888175
2022-05-30 00:00:00,0.10322800278663635,0.1013059988617897,0.10322800278663635,0.1051660031080246,0.09694100171327591,8078892
2022-05-31 00:00:00,0.09681499749422073,0.10330100357532501,0.09681499749422073,0.10330100357532501,0.09487500041723251,7091485
2022-06-01 00:00:00,0.08859500288963318,0.09687799960374832,0.08859500288963318,0.1016869992017746,0.08729200065135956,7262961
2022-06-02 00:00:00,0.08906000107526779,0.08859000355005264,0.08906000107526779,0.08961500227451324,0.08600100129842758,4442723
2022-06-03 00:00:00,0.0864500030875206,0.08904500305652618,0.0864500030875206,0.0893860012292862,0.08399900048971176,4646253
2022-06-04 00:00:00,0.08753599971532822,0.0864420011639595,0.08753599971532822,0.08775299787521362,0.08357899636030197,4252239
2022-06-05 00:00:00,0.08869899809360504,0.08753400295972824,0.08869899809360504,0.09060700237751007,0.08572900295257568,5065430
2022-06-06 00:00:00,0.08775600045919418,0.08868599683046341,0.08775600045919418,0.0923909991979599,0.08624900132417679,4525609
2022-06-07 00:00:00,0.09627699851989746,0.08798299729824066,0.09627699851989746,0.10907100141048431,0.08256500214338303,10177369
2022-06-08 00:00:00,0.09070199728012085,0.0962660014629364,0.09070199728012085,0.09654799848794937,0.09070199728012085,6874835
2022-06-09 00:00:00,0.08802100270986557,0.09070199728012085,0.08802100270986557,0.09217000007629395,0.08789700269699097,4522606
2022-06-10 00:00:00,0.08442000299692154,0.08799099922180176,0.08442000299692154,0.0886249989271164,0.08318600058555603,5393296
2022-06-11 00:00:00,0.07904399931430817,0.08442199975252151,0.07904399931430817,0.0858749970793724,0.07666199654340744,4481357
2022-06-12 00:00:00,0.07094500213861465,0.07907500118017197,0.07094500213861465,0.07930099964141846,0.07074999809265137,4724036
2022-06-13 00:00:00,0.061604999005794525,0.07079099863767624,0.061604999005794525,0.07141800224781036,0.05896700173616409,6114702
2022-06-14 00:00:00,0.0638049989938736,0.06160999834537506,0.0638049989938736,0.06439399719238281,0.056223999708890915,6350938
2022-06-15 00:00:00,0.06404300034046173,0.06376499682664871,0.06404300034046173,0.06404300034046173,0.055261000990867615,5828219
2022-06-16 00:00:00,0.056915998458862305,0.06405799835920334,0.056915998458862305,0.06483100354671478,0.05590000003576279,4018965
2022-06-17 00:00:00,0.05857099965214729,0.056915998458862305,0.05857099965214729,0.0605119988322258,0.056814998388290405,3899186
2022-06-18 00:00:00,0.05279900133609772,0.05856899917125702,0.05279900133609772,0.059091001749038696,0.04853999987244606,3894915
2022-06-19 00:00:00,0.05637799948453903,0.05279700085520744,0.05637799948453903,0.0575609989464283,0.05025000125169754,4401001
2022-06-20 00:00:00,0.05636199936270714,0.056377001106739044,0.05636199936270714,0.0638900026679039,0.054127998650074005,7546609
2022-06-21 00:00:00,0.056752998381853104,0.056324999779462814,0.056752998381853104,0.0590750016272068,0.0553629994392395,3881147
2022-06-22 00:00:00,0.054023999720811844,0.056756000965833664,0.054023999720811844,0.056756000965833664,0.05381099879741669,3055679
2022-06-23 00:00:00,0.05704899877309799,0.054009001702070236,0.05704899877309799,0.057450998574495316,0.053977999836206436,4089889
2022-06-24 00:00:00,0.061209000647068024,0.0570329986512661,0.061209000647068024,0.06289400160312653,0.05701199918985367,7688242
2022-06-25 00:00:00,0.0773639976978302,0.06120999902486801,0.0773639976978302,0.08976099640130997,0.06049799919128418,34274694
2022-06-26 00:00:00,0.07232899963855743,0.07704199850559235,0.07232899963855743,0.0998459979891777,0.07232899963855743,29911144
2022-06-27 00:00:00,0.06851500272750854,0.07230500131845474,0.06851500272750854,0.0764790028333664,0.06758899986743927,7812285
2022-06-28 00:00:00,0.06369300186634064,0.06850399821996689,0.06369300186634064,0.0696059986948967,0.06332399696111679,4537972
2022-06-29 00:00:00,0.06349699944257736,0.06368499994277954,0.06349699944257736,0.06788700073957443,0.061597999185323715,7885419
2022-06-30 00:00:00,0.06317500025033951,0.06353799998760223,0.06317500025033951,0.06415999680757523,0.05820599943399429,7973463
2022-07-01 00:00:00,0.0646980032324791,0.06346900016069412,0.0646980032324791,0.06850799918174744,0.06080099940299988,11503766
2022-07-02 00:00:00,0.07294200360774994,0.06513799726963043,0.07294200360774994,0.07979799807071686,0.0638900026679039,22939699
2022-07-03 00:00:00,0.0686580017209053,0.0729610025882721,0.0686580017209053,0.07761500030755997,0.06762400269508362,8208100
2022-07-04 00:00:00,0.0677110031247139,0.06865499913692474,0.0677110031247139,0.07029400020837784,0.06615599989891052,7920947
2022-07-05 00:00:00,0.06488300114870071,0.06771299988031387,0.06488300114870071,0.06909400224685669,0.06294500082731247,9025451
2022-07-06 00:00:00,0.07207000255584717,0.06484600156545639,0.07207000255584717,0.07384499907493591,0.06350599974393845,10622759
2022-07-07 00:00:00,0.07274000346660614,0.07199300080537796,0.07274000346660614,0.07679300010204315,0.06944099813699722,10925066
2022-07-08 00:00:00,0.07619699835777283,0.07273399829864502,0.07619699835777283,0.07883399724960327,0.07043600082397461,10441620
2022-07-09 00:00:00,0.08314300328493118,0.07611999660730362,0.08314300328493118,0.0938350036740303,0.07597500085830688,21220536
2022-07-10 00:00:00,0.07717400044202805,0.08290000259876251,0.07717400044202805,0.08290000259876251,0.07678599655628204,7730645
2022-07-11 00:00:00,0.0748319998383522,0.07716599851846695,0.0748319998383522,0.08573900163173676,0.07480999827384949,9433238
2022-07-12 00:00:00,0.07072299718856812,0.07482600212097168,0.07072299718856812,0.07721100002527237,0.07072299718856812,6851586
2022-07-13 00:00:00,0.07999400049448013,0.07067699730396271,0.07999400049448013,0.08113600313663483,0.07007600367069244,8329026
2022-07-14 00:00:00,0.09504500031471252,0.08003599941730499,0.09504500031471252,0.10077700018882751,0.07789099961519241,23757721
2022-07-15 00:00:00,0.08509399741888046,0.09511300176382065,0.08509399741888046,0.09671799838542938,0.08407499641180038,11656195
2022-07-16 00:00:00,0.08756999671459198,0.08510400354862213,0.08756999671459198,0.08787000179290771,0.0826369971036911,9265967
2022-07-17 00:00:00,0.08289700001478195,0.08754000067710876,0.08289700001478195,0.08878500014543533,0.08289700001478195,6776239
2022-07-18 00:00:00,0.09106499701738358,0.08290299773216248,0.09106499701738358,0.09154900163412094,0.08271899819374084,10596077
2022-07-19 00:00:00,0.09269600361585617,0.09120099991559982,0.09269600361585617,0.09596399962902069,0.08615200221538544,8485012
2022-07-20 00:00:00,0.08467700332403183,0.09268999844789505,0.08467700332403183,0.09287700057029724,0.08368699997663498,7881602
2022-07-21 00:00:00,0.08794700354337692,0.08469100296497345,0.08794700354337692,0.08830200135707855,0.08226499706506729,7217825
2022-07-22 00:00:00,0.08267299830913544,0.08795499801635742,0.08267299830913544,0.0887949988245964,0.08213800191879272,6539198
2022-07-23 00:00:00,0.08094199746847153,0.08263400197029114,0.08094199746847153,0.08475200086832047,0.07833299785852432,7320139
2022-07-24 00:00:00,0.0815650001168251,0.08080700039863586,0.0815650001168251,0.08325599879026413,0.08003100007772446,6983120
2022-07-25 00:00:00,0.07656700164079666,0.08155500143766403,0.07656700164079666,0.08222199976444244,0.07656200230121613,6494589
2022-07-26 00:00:00,0.07389599829912186,0.07656999677419662,0.07389599829912186,0.07742000371217728,0.07165099680423737,5863733
2022-07-27 00:00:00,0.08183799684047699,0.07404299825429916,0.08183799684047699,0.0828080028295517,0.0731159970164299,7439342
2022-07-28 00:00:00,0.08444199711084366,0.08185900002717972,0.08444199711084366,0.08604700118303299,0.08005700260400772,6472949
2022-07-29 00:00:00,0.08596599847078323,0.08443199843168259,0.08596599847078323,0.08937200158834457,0.0823189988732338,7155522
2022-07-30 00:00:00,0.08852999657392502,0.08597200363874435,0.08852999657392502,0.09295500069856644,0.08381800353527069,10315303
2022-07-31 00:00:00,0.08551900088787079,0.08859600126743317,0.08551900088787079,0.09023699909448624,0.08536399900913239,7177212
2022-08-01 00:00:00,0.08569400012493134,0.08549699932336807,0.08569400012493134,0.08765599876642227,0.08435100317001343,4533887
2022-08-02 00:00:00,0.08496399968862534,0.08569300174713135,0.08496399968862534,0.08712299913167953,0.08057700097560883,4862297
2022-08-03 00:00:00,0.08643999695777893,0.08501899987459183,0.08643999695777893,0.08873099833726883,0.0827220007777214,3796241
2022-08-04 00:00:00,0.08439599722623825,0.0864349976181984,0.08439599722623825,0.08801600337028503,0.08226799964904785,4503031
2022-08-05 00:00:00,0.0872730016708374,0.08441299945116043,0.0872730016708374,0.08867300301790237,0.08420000225305557,3727475
2022-08-06 00:00:00,0.0858360007405281,0.08728799968957901,0.0858360007405281,0.08796700090169907,0.08577600121498108,3441492
2022-08-07 00:00:00,0.08604100346565247,0.08584699779748917,0.08604100346565247,0.08706499636173248,0.08364599943161011,3297861
2022-08-08 00:00:00,0.08698300272226334,0.0860690027475357,0.08698300272226334,0.08886100351810455,0.0857120007276535,4208404
2022-08-09 00:00:00,0.08404099941253662,0.08702900260686874,0.08404099941253662,0.09382200241088867,0.08313199877738953,5846074
2022-08-10 00:00:00,0.08719699829816818,0.08389300107955933,0.08719699829816818,0.08779499679803848,0.081557996571064,4029734
2022-08-11 00:00:00,0.08710400015115738,0.08721599727869034,0.08710400015115738,0.08907800167798996,0.08630699664354324,3630267
2022-08-12 00:00:00,0.0971279963850975,0.08709900081157684,0.0971279963850975,0.09882300347089767,0.08624999970197678,9521678
2022-08-13 00:00:00,0.0926320031285286,0.09700199961662292,0.0926320031285286,0.09700199961662292,0.0914200022816658,4106292
2022-08-14 00:00:00,0.08684100210666656,0.09264100342988968,0.08684100210666656,0.09299899637699127,0.08603999763727188,3910813
2022-08-15 00:00:00,0.07906699925661087,0.08684200048446655,0.07906699925661087,0.0879329964518547,0.07733400166034698,4327209
2022-08-16 00:00:00,0.07907500118017197,0.07904200255870819,0.07907500118017197,0.0807109996676445,0.07770100235939026,4827609
2022-08-17 00:00:00,0.07361400127410889,0.07905799895524979,0.07361400127410889,0.0814490020275116,0.0734340026974678,4246537
2022-08-18 00:00:00,0.0721760019659996,0.07375200092792511,0.0721760019659996,0.07920999825000763,0.07185500115156174,2897897
2022-08-19 00:00:00,0.06323699653148651,0.07220999896526337,0.06323699653148651,0.07236800342798233,0.06311900168657303,3679982
2022-08-20 00:00:00,0.0632999986410141,0.06322599947452545,0.0632999986410141,0.06713200360536575,0.06150500103831291,2951850
2022-08-21 00:00:00,0.06604299694299698,0.06328699737787247,0.06604299694299698,0.06730599701404572,0.06317699700593948,2684812
2022-08-22 00:00:00,0.06446900218725204,0.06604000180959702,0.06446900218725204,0.06604000180959702,0.06155199930071831,2570948
2022-08-23 00:00:00,0.0660799965262413,0.06448899954557419,0.0660799965262413,0.06674599647521973,0.062125999480485916,3733284
2022-08-24 00:00:00,0.06659500300884247,0.06606800109148026,0.06659500300884247,0.07519900053739548,0.0639759972691536,7629926
2022-08-25 00:00:00,0.06778299808502197,0.06658799946308136,0.06778299808502197,0.06871099770069122,0.06620000302791595,3668312
2022-08-26 00:00:00,0.06258899718523026,0.06777500361204147,0.06258899718523026,0.06964699923992157,0.062091998755931854,4416435
2022-08-27 00:00:00,0.06374099850654602,0.06260400265455246,0.06374099850654602,0.06703799962997437,0.061250001192092896,4224909
2022-08-28 00:00:00,0.060752999037504196,0.06374199688434601,0.060752999037504196,0.06491900235414505,0.060752999037504196,2936608
2022-08-29 00:00:00,0.06486599892377853,0.06076199933886528,0.06486599892377853,0.06487800180912018,0.05988600105047226,2507413
2022-08-30 00:00:00,0.06225400045514107,0.06487199664115906,0.06225400045514107,0.06578099727630615,0.0611409991979599,2241688
2022-08-31 00:00:00,0.06279599666595459,0.06226599961519241,0.06279599666595459,0.06506700068712234,0.06198100000619888,1243587
2022-09-01 00:00:00,0.06420999765396118,0.06280100345611572,0.06420999765396118,0.06527300179004669,0.06136700138449669,10809882
2022-09-02 00:00:00,0.06433899700641632,0.06421700119972229,0.06433899700641632,0.06578700244426727,0.06336399912834167,1488334
2022-09-03 00:00:00,0.06402400135993958,0.06434699892997742,0.06402400135993958,0.06469299644231796,0.06357499957084656,888489
2022-09-04 00:00:00,0.06366200000047684,0.06401100009679794,0.06366200000047684,0.06415600329637527,0.06284800171852112,1033662
2022-09-05 00:00:00,0.06492599844932556,0.0636650025844574,0.06492599844932556,0.06543699651956558,0.06222200021147728,2083748
2022-09-06 00:00:00,0.06167500093579292,0.06491799652576447,0.06167500093579292,0.06747300177812576,0.061583999544382095,2088403
2022-09-07 00:00:00,0.0641769990324974,0.06164899840950966,0.0641769990324974,0.0659869983792305,0.06026099994778633,1449716
2022-09-08 00:00:00,0.06328299641609192,0.06415899842977524,0.06328299641609192,0.06508699804544449,0.062483999878168106,1748912
2022-09-09 00:00:00,0.06757500022649765,0.06322699785232544,0.06757500022649765,0.06784699857234955,0.06321600079536438,2667174
2022-09-10 00:00:00,0.06706900149583817,0.06753599643707275,0.06706900149583817,0.0689999982714653,0.06680300086736679,2567010
2022-09-11 00:00:00,0.06780300289392471,0.06705699861049652,0.06780300289392471,0.07187200337648392,0.06587500125169754,3597347
2022-09-12 00:00:00,0.06443700194358826,0.06774500012397766,0.06443700194358826,0.0682229995727539,0.06393799930810928,3514867
2022-09-13 00:00:00,0.060346998274326324,0.0644489973783493,0.060346998274326324,0.06551499664783478,0.05979499965906143,2890962
2022-09-14 00:00:00,0.06273800134658813,0.0602400004863739,0.06273800134658813,0.06420300155878067,0.05979499965906143,3418863
2022-09-15 00:00:00,0.0586870014667511,0.06279200315475464,0.0586870014667511,0.06315000355243683,0.05854500085115433,2905145
2022-09-16 00:00:00,0.057211000472307205,0.05868399888277054,0.057211000472307205,0.059509001672267914,0.05631199851632118,1772969
2022-09-17 00:00:00,0.061535000801086426,0.05725700035691261,0.061535000801086426,0.06168200075626373,0.05716999992728233,3085836
2022-09-18 00:00:00,0.0560699999332428,0.061528999358415604,0.0560699999332428,0.06578800082206726,0.05576099827885628,5321872
2022-09-19 00:00:00,0.05647600069642067,0.05609099939465523,0.05647600069642067,0.057075999677181244,0.054545000195503235,2399426
2022-09-20 00:00:00,0.054326001554727554,0.05647300183773041,0.054326001554727554,0.05815400183200836,0.05401400104165077,3230112
2022-09-21 00:00:00,0.05206499993801117,0.054319001734256744,0.05206499993801117,0.05511600151658058,0.05086800083518028,2161103
2022-09-22 00:00:00,0.05529500171542168,0.05212099850177765,0.05529500171542168,0.05562400072813034,0.0513559989631176,1855369
2022-09-23 00:00:00,0.05534999817609787,0.055309001356363297,0.05534999817609787,0.06389100104570389,0.054214999079704285,11184512
2022-09-24 00:00:00,0.05439800024032593,0.055344000458717346,0.05439800024032593,0.056435998529195786,0.054281000047922134,3160409
2022-09-25 00:00:00,0.05411899834871292,0.054395999759435654,0.05411899834871292,0.055636998265981674,0.053849998861551285,973627
2022-09-26 00:00:00,0.053449999541044235,0.05412299931049347,0.053449999541044235,0.054538000375032425,0.052657999098300934,988463
2022-09-27 00:00:00,0.05281300097703934,0.05357800051569939,0.05281300097703934,0.055080000311136246,0.05206400156021118,1128646
2022-09-28 09:01:00,0.0508805513381958,0.05277762934565544,0.0508805513381958,0.052830882370471954,0.050427697598934174,1411300
