timestamp,adjclose,open,low,volume,high,close
2021-03-19 00:00:00,0.3830550014972687,0.3838759958744049,0.3763880133628845,0,0.4005889892578125,0.3830550014972687
2021-03-20 00:00:00,0.4668799936771393,0.3833709955215454,0.3818509876728058,0,0.5192729830741882,0.4668799936771393
2021-03-21 00:00:00,0.5643709897994995,0.4642229974269867,0.4609319865703583,0,0.7714880108833313,0.5643709897994995
2021-03-22 00:00:00,0.6061319708824158,0.5657389760017395,0.5657389760017395,1419809,0.6777719855308533,0.6061319708824158
2021-03-23 00:00:00,0.6795790195465088,0.6061379909515381,0.5723739862442017,1116015,0.704014003276825,0.6795790195465088
2021-03-24 00:00:00,0.6902040243148804,0.6797080039978027,0.6196330189704895,842065,0.7519689798355103,0.6902040243148804
2021-03-25 00:00:00,0.6182590126991272,0.6902120113372803,0.5781239867210388,4506105,0.7427520155906677,0.6182590126991272
2021-03-26 00:00:00,0.555105984210968,0.618232011795044,0.525397002696991,2620834,0.629958987236023,0.555105984210968
2021-03-27 00:00:00,0.48358801007270813,0.5691409707069397,0.4685620069503784,2585929,0.6027659773826599,0.48358801007270813
2021-03-28 00:00:00,0.49460700154304504,0.4793800115585327,0.4531030058860779,2193967,0.5304620265960693,0.49460700154304504
2021-03-29 00:00:00,0.5044800043106079,0.49462801218032837,0.48035699129104614,1401962,0.517490029335022,0.5044800043106079
2021-03-30 00:00:00,0.5209879875183105,0.50621497631073,0.49950799345970154,2908506,0.55759197473526,0.5209879875183105
2021-03-31 00:00:00,0.47460898756980896,0.5214130282402039,0.4709390103816986,2987678,0.5219209790229797,0.47460898756980896
2021-04-01 00:00:00,0.47756901383399963,0.47426000237464905,0.4713380038738251,2893569,0.4919860064983368,0.47756901383399963
2021-04-02 00:00:00,0.4711740016937256,0.47712600231170654,0.45284798741340637,4550485,0.5030339956283569,0.4711740016937256
2021-04-03 00:00:00,0.43990999460220337,0.4711799919605255,0.4342939853668213,3626588,0.5099909901618958,0.43990999460220337
2021-04-04 00:00:00,0.41781699657440186,0.4405899941921234,0.4037269949913025,3489900,0.4524970054626465,0.41781699657440186
2021-04-05 00:00:00,0.44253700971603394,0.4168190062046051,0.33825600147247314,5142707,0.4451960027217865,0.44253700971603394
2021-04-06 00:00:00,0.4526030123233795,0.4442349970340729,0.43298301100730896,2578699,0.4527930021286011,0.4526030123233795
2021-04-07 00:00:00,0.4229719936847687,0.4524169862270355,0.4178119897842407,2577997,0.46088600158691406,0.4229719936847687
2021-04-08 00:00:00,0.44533899426460266,0.4234279990196228,0.420989990234375,1883249,0.4487540125846863,0.44533899426460266
2021-04-09 00:00:00,0.4524649977684021,0.44534599781036377,0.4243139922618866,2296312,0.4555479884147644,0.4524649977684021
2021-04-10 00:00:00,0.43654900789260864,0.4522489905357361,0.4248790144920349,2174145,0.46872299909591675,0.43654900789260864
2021-04-11 00:00:00,0.4273349940776825,0.4362899959087372,0.4229060113430023,2250548,0.44235700368881226,0.4273349940776825
2021-04-12 00:00:00,0.4188700020313263,0.426800012588501,0.40562599897384644,2394368,0.4318599998950958,0.4188700020313263
2021-04-13 00:00:00,0.4176569879055023,0.4189339876174927,0.4019399881362915,2684604,0.4340049922466278,0.4176569879055023
2021-04-14 00:00:00,0.4282970130443573,0.4175280034542084,0.3983039855957031,4083432,0.4442110061645508,0.4282970130443573
2021-04-15 00:00:00,0.4137760102748871,0.4281269907951355,0.3803560137748718,3038255,0.43252798914909363,0.4137760102748871
2021-04-16 00:00:00,0.40421798825263977,0.4140569865703583,0.37831801176071167,3027048,0.4208340048789978,0.40421798825263977
2021-04-17 00:00:00,0.4083850085735321,0.4040290117263794,0.3882870078086853,2133943,0.4106079936027527,0.4083850085735321
2021-04-18 00:00:00,0.38027000427246094,0.41003701090812683,0.3585450053215027,2938013,0.42502400279045105,0.38027000427246094
2021-04-19 00:00:00,0.3747499883174896,0.3781979978084564,0.3617219924926758,2267130,0.3826240003108978,0.3747499883174896
2021-04-20 00:00:00,0.39191100001335144,0.3742240071296692,0.3504210114479065,2522377,0.39342600107192993,0.39191100001335144
2021-04-21 00:00:00,0.38920000195503235,0.3924899995326996,0.3757439851760864,1764582,0.40737199783325195,0.38920000195503235
2021-04-22 00:00:00,0.37653300166130066,0.38894298672676086,0.37074699997901917,1802267,0.4041930139064789,0.37653300166130066
2021-04-23 00:00:00,0.3733530044555664,0.3768639862537384,0.346576988697052,2879334,0.38038501143455505,0.3733530044555664
2021-04-24 00:00:00,0.3466320037841797,0.37314900755882263,0.3341200053691864,1721938,0.3758240044116974,0.3466320037841797
2021-04-25 00:00:00,0.32072100043296814,0.3465830087661743,0.31749600172042847,2040625,0.3471350073814392,0.32072100043296814
2021-04-26 00:00:00,0.2867250144481659,0.32079198956489563,0.2586419880390167,8691514,0.33667099475860596,0.2867250144481659
2021-04-27 00:00:00,0.2225160002708435,0.2860490083694458,0.2093449980020523,13350675,0.30857300758361816,0.2225160002708435
2021-04-28 00:00:00,0.27577099204063416,0.22297300398349762,0.22297300398349762,8874551,0.3208490014076233,0.27577099204063416
2021-04-29 00:00:00,0.2476850003004074,0.2758699953556061,0.2292650043964386,8817385,0.31221500039100647,0.2476850003004074
2021-04-30 00:00:00,0.2909489870071411,0.24689799547195435,0.2404640018939972,9020187,0.30772098898887634,0.2909489870071411
2021-05-01 00:00:00,0.2836320102214813,0.29026100039482117,0.28044798970222473,4225552,0.3046880066394806,0.2836320102214813
2021-05-02 00:00:00,0.2696880102157593,0.28330400586128235,0.26774901151657104,3114036,0.28999900817871094,0.2696880102157593
2021-05-03 00:00:00,0.25694599747657776,0.26875200867652893,0.2540540099143982,3843155,0.2726820111274719,0.25694599747657776
2021-05-04 00:00:00,0.2524319887161255,0.25668099522590637,0.24030600488185883,5012129,0.27021899819374084,0.2524319887161255
2021-05-05 00:00:00,0.2340410053730011,0.252265989780426,0.22945499420166016,7809381,0.2607940137386322,0.2340410053730011
2021-05-06 00:00:00,0.23489299416542053,0.2335049957036972,0.22118499875068665,9079243,0.2408590018749237,0.23489299416542053
2021-05-07 00:00:00,0.22627100348472595,0.2352450042963028,0.22473600506782532,6264612,0.24503399431705475,0.22627100348472595
2021-05-08 00:00:00,0.2533529996871948,0.22626200318336487,0.22312599420547485,8187781,0.26785001158714294,0.2533529996871948
2021-05-09 00:00:00,0.24206699430942535,0.2535640001296997,0.24158799648284912,8996363,0.2842850089073181,0.24206699430942535
2021-05-10 00:00:00,0.2185939997434616,0.24207699298858643,0.2133370041847229,9276029,0.25538399815559387,0.2185939997434616
2021-05-11 00:00:00,0.21703200042247772,0.21865800023078918,0.20496299862861633,8362962,0.2333880066871643,0.21703200042247772
2021-05-12 00:00:00,0.2003609985113144,0.21699799597263336,0.1990409940481186,7182926,0.23135800659656525,0.2003609985113144
2021-05-13 00:00:00,0.18447299301624298,0.19965200126171112,0.18137800693511963,7389767,0.21132299304008484,0.18447299301624298
2021-05-14 00:00:00,0.2457990050315857,0.18444299697875977,0.18444299697875977,7648824,0.2471739947795868,0.2457990050315857
2021-05-15 00:00:00,0.2214300036430359,0.245618999004364,0.2173279970884323,6975981,0.24948599934577942,0.2214300036430359
2021-05-16 00:00:00,0.22382600605487823,0.2216230034828186,0.21954800188541412,5382479,0.24636100232601166,0.22382600605487823
2021-05-17 00:00:00,0.3070659935474396,0.22363600134849548,0.2091519981622696,34693506,0.31108999252319336,0.3070659935474396
2021-05-18 00:00:00,0.2882559895515442,0.30756500363349915,0.2875249981880188,13254292,0.32334598898887634,0.2882559895515442
2021-05-19 00:00:00,0.23634499311447144,0.2881990075111389,0.1840520054101944,19998807,0.2932269871234894,0.23634499311447144
2021-05-20 00:00:00,0.2572599947452545,0.23620900511741638,0.20576100051403046,10875144,0.2681480050086975,0.2572599947452545
2021-05-21 00:00:00,0.22833600640296936,0.2572529911994934,0.19162200391292572,11296049,0.27544400095939636,0.22833600640296936
2021-05-22 00:00:00,0.23181599378585815,0.22908799350261688,0.19664199650287628,6589949,0.24086099863052368,0.23181599378585815
2021-05-23 00:00:00,0.20332899689674377,0.23189100623130798,0.1409599930047989,14027681,0.2335049957036972,0.20332899689674377
2021-05-24 00:00:00,0.18304499983787537,0.2033119946718216,0.1797019988298416,7666534,0.22016599774360657,0.18304499983787537
2021-05-25 00:00:00,0.2132280021905899,0.18299700319766998,0.16707000136375427,6584471,0.22661200165748596,0.2132280021905899
2021-05-26 00:00:00,0.22104400396347046,0.21332000195980072,0.20950999855995178,4564444,0.22237800061702728,0.22104400396347046
2021-05-27 00:00:00,0.20315299928188324,0.22104999423027039,0.2023169994354248,4211444,0.2213059961795807,0.20315299928188324
2021-05-28 00:00:00,0.18609899282455444,0.20315399765968323,0.1806419938802719,5576219,0.20564599335193634,0.18609899282455444
2021-05-29 00:00:00,0.18290700018405914,0.18610599637031555,0.17403100430965424,3253418,0.19667799770832062,0.18290700018405914
2021-05-30 00:00:00,0.18307699263095856,0.1829250007867813,0.17642399668693542,3227160,0.18923600018024445,0.18307699263095856
2021-05-31 00:00:00,0.19740299880504608,0.183105006814003,0.18184399604797363,3782266,0.19740299880504608,0.19740299880504608
2021-06-01 00:00:00,0.2026980072259903,0.1970299929380417,0.19600500166416168,6486111,0.20557700097560883,0.2026980072259903
2021-06-02 00:00:00,0.22274699807167053,0.20304100215435028,0.202006995677948,8020758,0.22940799593925476,0.22274699807167053
2021-06-03 00:00:00,0.22972899675369263,0.22272799909114838,0.21853700280189514,6318348,0.23586100339889526,0.22972899675369263
2021-06-04 00:00:00,0.20961500704288483,0.22942699491977692,0.2054480016231537,4825807,0.23033100366592407,0.20961500704288483
2021-06-05 00:00:00,0.20711499452590942,0.20956699550151825,0.2030400037765503,4972745,0.2219810038805008,0.20711499452590942
2021-06-06 00:00:00,0.21580000221729279,0.20708100497722626,0.20384499430656433,4192132,0.22646500170230865,0.21580000221729279
2021-06-07 00:00:00,0.20641200244426727,0.21590399742126465,0.20568199455738068,4246318,0.22595499455928802,0.20641200244426727
2021-06-08 00:00:00,0.191103994846344,0.20656900107860565,0.18407699465751648,6507424,0.2079779952764511,0.191103994846344
2021-06-09 00:00:00,0.20036600530147552,0.1910489946603775,0.18622399866580963,4407777,0.20166000723838806,0.20036600530147552
2021-06-10 00:00:00,0.19559000432491302,0.19985400140285492,0.19441600143909454,4130139,0.21074199676513672,0.19559000432491302
2021-06-11 00:00:00,0.18968099355697632,0.19536900520324707,0.18929000198841095,3431632,0.198636993765831,0.18968099355697632
2021-06-12 00:00:00,0.18207600712776184,0.18983399868011475,0.1770319938659668,4528356,0.1907840073108673,0.18207600712776184
2021-06-13 00:00:00,0.1916320025920868,0.181878000497818,0.1802770048379898,3087220,0.19334200024604797,0.1916320025920868
2021-06-14 00:00:00,0.19568200409412384,0.19165700674057007,0.18648600578308105,3167062,0.1968259960412979,0.19568200409412384
2021-06-15 00:00:00,0.18891200423240662,0.19505499303340912,0.18615399301052094,3794128,0.1958409994840622,0.18891200423240662
2021-06-16 00:00:00,0.17786499857902527,0.18756699562072754,0.17670699954032898,3837728,0.18756699562072754,0.17786499857902527
2021-06-17 00:00:00,0.17593200504779816,0.1778700053691864,0.17555299401283264,2455628,0.18135499954223633,0.17593200504779816
2021-06-18 00:00:00,0.15942899882793427,0.17592200636863708,0.1535169929265976,5130945,0.1770150065422058,0.15942899882793427
2021-06-19 00:00:00,0.1558839976787567,0.15946300327777863,0.1478700041770935,4077440,0.16282999515533447,0.1558839976787567
2021-06-20 00:00:00,0.148034006357193,0.1559389978647232,0.13936899602413177,4287856,0.157259002327919,0.148034006357193
2021-06-21 00:00:00,0.10847300291061401,0.14800600707530975,0.10751499980688095,5878948,0.14959900081157684,0.10847300291061401
2021-06-22 00:00:00,0.10190200060606003,0.10849200189113617,0.08969300240278244,8501846,0.11681699752807617,0.10190200060606003
2021-06-23 00:00:00,0.11177299916744232,0.10192900151014328,0.10009799897670746,4194605,0.11671300232410431,0.11177299916744232
2021-06-24 00:00:00,0.11092100292444229,0.11150100082159042,0.10233599692583084,3278113,0.11271800100803375,0.11092100292444229
2021-06-25 00:00:00,0.10339199751615524,0.11089300364255905,0.10115200281143188,1870969,0.11473499983549118,0.10339199751615524
2021-06-26 00:00:00,0.10198400169610977,0.1033950001001358,0.09616900235414505,2513298,0.1088619977235794,0.10198400169610977
2021-06-27 00:00:00,0.11372599750757217,0.10297200083732605,0.10073799639940262,2010167,0.11467199772596359,0.11372599750757217
2021-06-28 00:00:00,0.11486499756574631,0.11423599720001221,0.11030399799346924,1801862,0.11696100234985352,0.11486499756574631
2021-06-29 00:00:00,0.1287579983472824,0.11490300297737122,0.11475600302219391,2912033,0.1368129998445511,0.1287579983472824
2021-06-30 00:00:00,0.12907899916172028,0.12870900332927704,0.12196099758148193,1750267,0.12985700368881226,0.12907899916172028
2021-07-01 00:00:00,0.12581799924373627,0.1289989948272705,0.12173700332641602,1845926,0.13361699879169464,0.12581799924373627
2021-07-02 00:00:00,0.12803399562835693,0.12581099569797516,0.1218779981136322,1436760,0.12809200584888458,0.12803399562835693
2021-07-03 00:00:00,0.13291500508785248,0.12803299725055695,0.12757599353790283,1421343,0.13306599855422974,0.13291500508785248
2021-07-04 00:00:00,0.13888299465179443,0.13291099667549133,0.13076800107955933,1459615,0.14087000489234924,0.13888299465179443
2021-07-05 00:00:00,0.13256600499153137,0.13888899981975555,0.12898199260234833,1653261,0.13925999402999878,0.13256600499153137
2021-07-06 00:00:00,0.13355199992656708,0.13249999284744263,0.13062399625778198,1339332,0.13583600521087646,0.13355199992656708
2021-07-07 00:00:00,0.13223299384117126,0.13356199860572815,0.13218100368976593,1559820,0.1360280066728592,0.13223299384117126
2021-07-08 00:00:00,0.12167300283908844,0.1322849988937378,0.11994600296020508,20879309,0.1854500025510788,0.12167300283908844
2021-07-09 00:00:00,0.121799997985363,0.12155800312757492,0.11176999658346176,6237397,0.12442400306463242,0.121799997985363
2021-07-10 00:00:00,0.12357199937105179,0.12182500213384628,0.11835599690675735,3849926,0.12696300446987152,0.12357199937105179
2021-07-11 00:00:00,0.12314800173044205,0.12334900349378586,0.11815100163221359,3684983,0.1257620006799698,0.12314800173044205
2021-07-12 00:00:00,0.11760099977254868,0.12312699854373932,0.11759400367736816,3026918,0.12354200333356857,0.11760099977254868
2021-07-13 00:00:00,0.10898900032043457,0.11762399971485138,0.10796300321817398,3560778,0.11784999817609787,0.10898900032043457
2021-07-14 00:00:00,0.10713999718427658,0.10907399654388428,0.10058099776506424,3795796,0.10936199873685837,0.10713999718427658
2021-07-15 00:00:00,0.10626599937677383,0.10717500001192093,0.10515599697828293,2971322,0.11249200254678726,0.10626599937677383
2021-07-16 00:00:00,0.11446099728345871,0.10655499994754791,0.10524500161409378,5421158,0.12047600001096725,0.11446099728345871
2021-07-17 00:00:00,0.11724600195884705,0.11444099992513657,0.11267899721860886,4837113,0.12177900224924088,0.11724600195884705
2021-07-18 00:00:00,0.11393500119447708,0.11693599820137024,0.11375900357961655,1973394,0.11962500214576721,0.11393500119447708
2021-07-19 00:00:00,0.10293799638748169,0.11413300037384033,0.1019660010933876,2901984,0.11413300037384033,0.10293799638748169
2021-07-20 00:00:00,0.09504500031471252,0.10294199734926224,0.0930590033531189,4470104,0.10360900312662125,0.09504500031471252
2021-07-21 00:00:00,0.10225900262594223,0.09504999965429306,0.09389899671077728,2534859,0.10362199693918228,0.10225900262594223
2021-07-22 00:00:00,0.10204900056123734,0.10248500108718872,0.10110499709844589,1754457,0.10391899943351746,0.10204900056123734
2021-07-23 00:00:00,0.10790599882602692,0.10201500356197357,0.10185399651527405,2182218,0.10792099684476852,0.10790599882602692
2021-07-24 00:00:00,0.11424200236797333,0.10809300094842911,0.10763099789619446,2190524,0.11424200236797333,0.11424200236797333
2021-07-25 00:00:00,0.11286599934101105,0.11429300159215927,0.10811000317335129,1859256,0.11429300159215927,0.11286599934101105
2021-07-26 00:00:00,0.1153080016374588,0.1129010021686554,0.11207599937915802,3790635,0.12230899930000305,0.1153080016374588
2021-07-27 00:00:00,0.11842899769544601,0.11531899869441986,0.11223399639129639,1994852,0.11842899769544601,0.11842899769544601
2021-07-28 00:00:00,0.11473400145769119,0.11833900213241577,0.11399800330400467,2819039,0.12045899778604507,0.11473400145769119
2021-07-29 00:00:00,0.11605200171470642,0.11470799893140793,0.11423400044441223,1972020,0.11772099882364273,0.11605200171470642
2021-07-30 00:00:00,0.12220200151205063,0.11606000363826752,0.11502599716186523,2653904,0.12220200151205063,0.12220200151205063
2021-07-31 00:00:00,0.1224289983510971,0.12225499749183655,0.12034600228071213,2417872,0.12443400174379349,0.1224289983510971
2021-08-01 00:00:00,0.1219479963183403,0.12227299809455872,0.12124700099229813,2702353,0.12725000083446503,0.1219479963183403
2021-08-02 00:00:00,0.12402799725532532,0.12192799896001816,0.12036299705505371,2347492,0.12638799846172333,0.12402799725532532
2021-08-03 00:00:00,0.12467999756336212,0.12403299659490585,0.12165799736976624,2115629,0.1249919980764389,0.12467999756336212
2021-08-04 00:00:00,0.12660500407218933,0.12455400079488754,0.12284000217914581,1992224,0.1276009976863861,0.12660500407218933
2021-08-05 00:00:00,0.12847299873828888,0.1267089992761612,0.1252949982881546,2020268,0.12880900502204895,0.12847299873828888
2021-08-06 00:00:00,0.13411499559879303,0.12847399711608887,0.12822699546813965,2522571,0.13451099395751953,0.13411499559879303
2021-08-07 00:00:00,0.13702799379825592,0.13404099643230438,0.1320679932832718,3542223,0.13857699930667877,0.13702799379825592
2021-08-08 00:00:00,0.12923499941825867,0.13698099553585052,0.12862500548362732,2017282,0.13719600439071655,0.12923499941825867
2021-08-09 00:00:00,0.13470900058746338,0.12921999394893646,0.126800999045372,2375321,0.13565999269485474,0.13470900058746338
2021-08-10 00:00:00,0.13328400254249573,0.13472199440002441,0.13091200590133667,2336904,0.13653400540351868,0.13328400254249573
2021-08-11 00:00:00,0.13705100119113922,0.1332789957523346,0.13295400142669678,2855489,0.1391180008649826,0.13705100119113922
2021-08-12 00:00:00,0.13333800435066223,0.1371919959783554,0.13121800124645233,2910109,0.13790899515151978,0.13333800435066223
2021-08-13 00:00:00,0.16623499989509583,0.13332399725914001,0.13250599801540375,7694249,0.16690999269485474,0.16623499989509583
2021-08-14 00:00:00,0.1722559928894043,0.1665640026330948,0.16578799486160278,8403545,0.17589600384235382,0.1722559928894043
2021-08-15 00:00:00,0.1667799949645996,0.17230600118637085,0.15866099298000336,4394993,0.17330999672412872,0.1667799949645996
2021-08-16 00:00:00,0.16130399703979492,0.16674800217151642,0.1608089953660965,3604779,0.16801300644874573,0.16130399703979492
2021-08-17 00:00:00,0.1523980051279068,0.16098499298095703,0.1520799994468689,3687762,0.16125300526618958,0.1523980051279068
2021-08-18 00:00:00,0.14503000676631927,0.15214399993419647,0.14441899955272675,3322622,0.15249599516391754,0.14503000676631927
2021-08-19 00:00:00,0.15424099564552307,0.14495499432086945,0.14265400171279907,3204677,0.15667299926280975,0.15424099564552307
2021-08-20 00:00:00,0.15539899468421936,0.15419000387191772,0.15007099509239197,3276594,0.15765300393104553,0.15539899468421936
2021-08-21 00:00:00,0.15421099960803986,0.1554889976978302,0.153889998793602,2239688,0.1560010015964508,0.15421099960803986
2021-08-22 00:00:00,0.15387600660324097,0.15442900359630585,0.1517000049352646,2169853,0.1546040028333664,0.15387600660324097
2021-08-23 00:00:00,0.15422099828720093,0.15387800335884094,0.15370799601078033,2479712,0.1561170071363449,0.15422099828720093
2021-08-24 00:00:00,0.1465359926223755,0.15422700345516205,0.1459839940071106,3924769,0.15450799465179443,0.1465359926223755
2021-08-25 00:00:00,0.14686399698257446,0.14679700136184692,0.14453600347042084,2866755,0.1500529944896698,0.14686399698257446
2021-08-26 00:00:00,0.13869799673557281,0.1468539983034134,0.13831199705600739,3396635,0.14713500440120697,0.13869799673557281
2021-08-27 00:00:00,0.1448819935321808,0.1384200006723404,0.1371760070323944,2853204,0.14639799296855927,0.1448819935321808
2021-08-28 00:00:00,0.14197100698947906,0.1448729932308197,0.14097799360752106,2043297,0.14619700610637665,0.14197100698947906
2021-08-29 00:00:00,0.14170999825000763,0.14208300411701202,0.13920700550079346,1993831,0.14378100633621216,0.14170999825000763
2021-08-30 00:00:00,0.1385509967803955,0.1419609934091568,0.13824300467967987,2324360,0.14225099980831146,0.1385509967803955
2021-08-31 00:00:00,0.13118499517440796,0.13842099905014038,0.13017800450325012,3520825,0.13874199986457825,0.13118499517440796
2021-09-01 00:00:00,0.13658200204372406,0.13119100034236908,0.128929004073143,3448591,0.13734999299049377,0.13658200204372406
2021-09-02 00:00:00,0.13603200018405914,0.13653799891471863,0.13529199361801147,2622366,0.14140799641609192,0.13603200018405914
2021-09-03 00:00:00,0.1443140059709549,0.13629800081253052,0.13301600515842438,3773968,0.1477459967136383,0.1443140059709549
2021-09-04 00:00:00,0.14455799758434296,0.14435499906539917,0.14297999441623688,2983447,0.14755399525165558,0.14455799758434296
2021-09-05 00:00:00,0.14963999390602112,0.14454400539398193,0.14358100295066833,2861965,0.14989300072193146,0.14963999390602112
2021-09-06 00:00:00,0.1546259969472885,0.14959600567817688,0.1484069973230362,5192048,0.1546259969472885,0.1546259969472885
2021-09-07 00:00:00,0.13676400482654572,0.15461300313472748,0.13359400629997253,5355520,0.15657199919223785,0.13676400482654572
2021-09-08 00:00:00,0.13476000726222992,0.13674500584602356,0.1288979947566986,3792607,0.13770300149917603,0.13476000726222992
2021-09-09 00:00:00,0.13449299335479736,0.13382300734519958,0.1319279968738556,2316585,0.13673000037670135,0.13449299335479736
2021-09-10 00:00:00,0.13029499351978302,0.13449899852275848,0.1274459958076477,3543409,0.14151999354362488,0.13029499351978302
2021-09-11 00:00:00,0.12939299643039703,0.1297519952058792,0.1289380043745041,1587696,0.1339150071144104,0.12939299643039703
2021-09-12 00:00:00,0.13043899834156036,0.12939299643039703,0.12711599469184875,2498726,0.13294599950313568,0.13043899834156036
2021-09-13 00:00:00,0.1337900012731552,0.1303980052471161,0.12302400171756744,4307602,0.13627800345420837,0.1337900012731552
2021-09-14 00:00:00,0.13290999829769135,0.1328909993171692,0.12697400152683258,5560290,0.14388200640678406,0.13290999829769135
2021-09-15 00:00:00,0.1365939974784851,0.1329669952392578,0.13066400587558746,2662794,0.13938400149345398,0.1365939974784851
2021-09-16 00:00:00,0.1291709989309311,0.13675999641418457,0.12658900022506714,2488397,0.1373469978570938,0.1291709989309311
2021-09-17 00:00:00,0.12869000434875488,0.1290619969367981,0.1280059963464737,2872156,0.13260899484157562,0.12869000434875488
2021-09-18 00:00:00,0.13167299330234528,0.12870100140571594,0.1286260038614273,1872296,0.13584600389003754,0.13167299330234528
2021-09-19 00:00:00,0.12868499755859375,0.13167500495910645,0.12759600579738617,1451025,0.1353130042552948,0.12868499755859375
2021-09-20 00:00:00,0.11433299630880356,0.12869100272655487,0.11259400099515915,7179109,0.1295119971036911,0.11433299630880356
2021-09-21 00:00:00,0.10657700151205063,0.11391399800777435,0.10655099898576736,3730911,0.11902300268411636,0.10657700151205063
2021-09-22 00:00:00,0.1225069984793663,0.10664200037717819,0.106454998254776,3539645,0.1225069984793663,0.1225069984793663
2021-09-23 00:00:00,0.1263899952173233,0.12250299751758575,0.12103100121021271,2921596,0.12678299844264984,0.1263899952173233
2021-09-24 00:00:00,0.11304499953985214,0.12638799846172333,0.10888800024986267,4196308,0.12671199440956116,0.11304499953985214
2021-09-25 00:00:00,0.12101399898529053,0.11304499953985214,0.11133799701929092,2402575,0.1216370016336441,0.12101399898529053
2021-09-26 00:00:00,0.11627499759197235,0.12107600271701813,0.11133100092411041,2288839,0.12236999720335007,0.11627499759197235
2021-09-27 00:00:00,0.11446599662303925,0.11624299734830856,0.1142830029129982,2421066,0.12065599858760834,0.11446599662303925
2021-09-28 00:00:00,0.11014799773693085,0.1143840029835701,0.11014799773693085,2184090,0.11512099951505661,0.11014799773693085
2021-09-29 00:00:00,0.10687299817800522,0.11015000194311142,0.1064700037240982,3792125,0.11349300295114517,0.10687299817800522
2021-09-30 00:00:00,0.11589500308036804,0.10711000114679337,0.1064079999923706,3906396,0.11629600077867508,0.11589500308036804
2021-10-01 00:00:00,0.14834299683570862,0.11589699983596802,0.11588499695062637,14233323,0.15011300146579742,0.14834299683570862
2021-10-02 00:00:00,0.14521999657154083,0.14836899936199188,0.14334599673748016,3100562,0.1500149965286255,0.14521999657154083
2021-10-03 00:00:00,0.1697240024805069,0.1452070027589798,0.14432500302791595,11429488,0.17629100382328033,0.1697240024805069
2021-10-04 00:00:00,0.17212499678134918,0.1703999936580658,0.1632940024137497,12466077,0.17551900446414948,0.17212499678134918
2021-10-05 00:00:00,0.21752700209617615,0.17253300547599792,0.16822999715805054,61832325,0.24619999527931213,0.21752700209617615
2021-10-06 00:00:00,0.21892699599266052,0.2173530012369156,0.2001120001077652,18614622,0.22717800736427307,0.21892699599266052
2021-10-07 00:00:00,0.27848899364471436,0.21888400614261627,0.2134930044412613,41056636,0.2939710021018982,0.27848899364471436
2021-10-08 00:00:00,0.31816598773002625,0.27852699160575867,0.27852699160575867,50453928,0.33654698729515076,0.31816598773002625
2021-10-09 00:00:00,0.2998270094394684,0.31835898756980896,0.2948080003261566,14531587,0.32197099924087524,0.2998270094394684
2021-10-10 00:00:00,0.3065589964389801,0.2998189926147461,0.294609010219574,9272167,0.31327199935913086,0.3065589964389801
2021-10-11 00:00:00,0.3037460148334503,0.3067049980163574,0.3014940023422241,29637592,0.32705000042915344,0.3037460148334503
2021-10-12 00:00:00,0.2965950071811676,0.3036450147628784,0.28184399008750916,24534222,0.3039349913597107,0.2965950071811676
2021-10-13 00:00:00,0.2891950011253357,0.29723799228668213,0.27046599984169006,26912312,0.30011799931526184,0.2891950011253357
2021-10-14 00:00:00,0.289016991853714,0.28835800290107727,0.283050000667572,14293997,0.2917580008506775,0.289016991853714
2021-10-15 00:00:00,0.2794620096683502,0.28853699564933777,0.27796700596809387,16811649,0.29019901156425476,0.2794620096683502
2021-10-16 00:00:00,0.2867389917373657,0.2796039879322052,0.2781029939651489,13533951,0.2867389917373657,0.2867389917373657
2021-10-17 00:00:00,0.2955879867076874,0.2867850065231323,0.28502100706100464,23853416,0.30292999744415283,0.2955879867076874
2021-10-18 00:00:00,0.35728999972343445,0.29586300253868103,0.2953670024871826,64328645,0.35961300134658813,0.35728999972343445
2021-10-19 00:00:00,0.37762901186943054,0.357138991355896,0.35029101371765137,106249395,0.396602988243103,0.37762901186943054
2021-10-20 00:00:00,0.35575899481773376,0.3776800036430359,0.3276030123233795,98033343,0.3776800036430359,0.35575899481773376
2021-10-21 00:00:00,0.33390599489212036,0.3556919991970062,0.33390599489212036,29575972,0.35609298944473267,0.33390599489212036
2021-10-22 00:00:00,0.3455210030078888,0.33399298787117004,0.3295930027961731,30516942,0.35409700870513916,0.3455210030078888
2021-10-23 00:00:00,0.36220601201057434,0.34545400738716125,0.34375,23976620,0.36667799949645996,0.36220601201057434
2021-10-24 00:00:00,0.37554100155830383,0.3622179925441742,0.35409000515937805,31049753,0.3782320022583008,0.37554100155830383
2021-10-25 00:00:00,0.40495699644088745,0.3754569888114929,0.37380799651145935,65393952,0.4099690020084381,0.40495699644088745
2021-10-26 00:00:00,0.3800809979438782,0.4049670100212097,0.37938299775123596,42600188,0.40812599658966064,0.3800809979438782
2021-10-27 00:00:00,0.35036700963974,0.38008999824523926,0.34825599193573,57688399,0.38722699880599976,0.35036700963974
2021-10-28 00:00:00,0.3829770088195801,0.3504999876022339,0.35012000799179077,42760798,0.3923319876194,0.3829770088195801
2021-10-29 00:00:00,0.37745800614356995,0.38291800022125244,0.37159299850463867,22999040,0.39186999201774597,0.37745800614356995
2021-10-30 00:00:00,0.36802199482917786,0.37743398547172546,0.35968801379203796,26726033,0.3795349895954132,0.36802199482917786
2021-10-31 00:00:00,0.38556501269340515,0.36794599890708923,0.3641810119152069,40212448,0.40592899918556213,0.38556501269340515
2021-11-01 00:00:00,0.38777899742126465,0.38549599051475525,0.36848700046539307,33795524,0.3975279927253723,0.38777899742126465
2021-11-02 00:00:00,0.39751899242401123,0.38780900835990906,0.38545501232147217,48947063,0.40484198927879333,0.39751899242401123
2021-11-03 00:00:00,0.3947570025920868,0.3974649906158447,0.3893289864063263,29088402,0.40523600578308105,0.3947570025920868
2021-11-04 00:00:00,0.3951930105686188,0.39468398690223694,0.38384801149368286,22622298,0.3978230059146881,0.3951930105686188
2021-11-05 00:00:00,0.3872149884700775,0.39520299434661865,0.3856930136680603,32986342,0.4136190116405487,0.3872149884700775
2021-11-06 00:00:00,0.3697090148925781,0.3871780037879944,0.3671709895133972,22450498,0.3876799941062927,0.3697090148925781
2021-11-07 00:00:00,0.36937499046325684,0.3697130084037781,0.35289499163627625,24966883,0.3734529912471771,0.36937499046325684
2021-11-08 00:00:00,0.36770400404930115,0.36932799220085144,0.35801300406455994,19774886,0.37465301156044006,0.36770400404930115
2021-11-09 00:00:00,0.38072100281715393,0.36773398518562317,0.36448100209236145,27228204,0.3913800120353699,0.38072100281715393
2021-11-10 00:00:00,0.3697440028190613,0.38078001141548157,0.3636760115623474,22395117,0.3857490122318268,0.3697440028190613
2021-11-11 00:00:00,0.37189599871635437,0.36974599957466125,0.36289501190185547,7961197,0.3788900077342987,0.37189599871635437
2021-11-12 00:00:00,0.36761900782585144,0.3716059923171997,0.3579390048980713,5289845,0.38221898674964905,0.36761900782585144
2021-11-13 00:00:00,0.3798010051250458,0.3677630126476288,0.3618659973144531,2761886,0.38121500611305237,0.3798010051250458
2021-11-14 00:00:00,0.39628899097442627,0.37978699803352356,0.3787370026111603,3306769,0.396371990442276,0.39628899097442627
2021-11-15 00:00:00,0.35718798637390137,0.3963469862937927,0.3568190038204193,2428652,0.40123599767684937,0.35718798637390137
2021-11-16 00:00:00,0.34137699007987976,0.357356995344162,0.3251979947090149,8024987,0.35763001441955566,0.34137699007987976
2021-11-17 00:00:00,0.3442620038986206,0.34134700894355774,0.33459898829460144,3561976,0.34638598561286926,0.3442620038986206
2021-11-18 00:00:00,0.30957600474357605,0.3447059988975525,0.29969799518585205,9323896,0.3477819859981537,0.30957600474357605
2021-11-19 00:00:00,0.32003000378608704,0.3100169897079468,0.30172500014305115,5273248,0.3220210075378418,0.32003000378608704
2021-11-20 00:00:00,0.3224309980869293,0.31918901205062866,0.30989599227905273,3684263,0.3285459876060486,0.3224309980869293
2021-11-21 00:00:00,0.39052700996398926,0.32258400321006775,0.3158699870109558,21227529,0.39777499437332153,0.39052700996398926
2021-11-22 00:00:00,0.4492590129375458,0.3900650143623352,0.37806499004364014,32917337,0.4595620036125183,0.4492590129375458
2021-11-23 00:00:00,0.3591800034046173,0.44954198598861694,0.3445810079574585,59870856,0.5409029722213745,0.3591800034046173
2021-11-24 00:00:00,0.34763801097869873,0.3592950105667114,0.34524500370025635,55273352,0.3690580129623413,0.34763801097869873
2021-11-25 00:00:00,0.3266730010509491,0.3493170142173767,0.32075798511505127,13055088,0.383311003446579,0.3266730010509491
2021-11-26 00:00:00,0.3434079885482788,0.357791006565094,0.3316029906272888,14541111,0.38479000329971313,0.3434079885482788
2021-11-27 00:00:00,0.3726930022239685,0.343519002199173,0.343519002199173,8705350,0.37531599402427673,0.3726930022239685
2021-11-28 00:00:00,0.35639798641204834,0.3727779984474182,0.3425939977169037,5863887,0.3745189905166626,0.35639798641204834
2021-11-29 00:00:00,0.34882399439811707,0.3564319908618927,0.34706100821495056,3245084,0.3576110005378723,0.34882399439811707
2021-11-30 00:00:00,0.3633689880371094,0.3487809896469116,0.34828901290893555,4780231,0.3679940104484558,0.3633689880371094
2021-12-01 00:00:00,0.34780800342559814,0.36339300870895386,0.34663599729537964,5384211,0.3661549985408783,0.34780800342559814
2021-12-02 00:00:00,0.3382970094680786,0.34775999188423157,0.3307400047779083,7581189,0.34778299927711487,0.3382970094680786
2021-12-03 00:00:00,0.3129040002822876,0.3384830057621002,0.3085480034351349,7003051,0.3396050035953522,0.3129040002822876
2021-12-04 00:00:00,0.3048819899559021,0.3137199878692627,0.25300300121307373,20495345,0.3174220025539398,0.3048819899559021
2021-12-05 00:00:00,0.28462401032447815,0.30520200729370117,0.2714020013809204,7259103,0.3134610056877136,0.28462401032447815
2021-12-06 00:00:00,0.28681400418281555,0.2845599949359894,0.2584820091724396,6463890,0.2916319966316223,0.28681400418281555
2021-12-07 00:00:00,0.2781429886817932,0.28679901361465454,0.2753320038318634,4396785,0.29336899518966675,0.2781429886817932
2021-12-08 00:00:00,0.28286999464035034,0.2781670093536377,0.27262601256370544,4137586,0.2877199947834015,0.28286999464035034
2021-12-09 00:00:00,0.26522698998451233,0.28268900513648987,0.2618440091609955,3952581,0.2855440080165863,0.26522698998451233
2021-12-10 00:00:00,0.29883599281311035,0.2652420103549957,0.26126500964164734,28857538,0.3637619912624359,0.29883599281311035
2021-12-11 00:00:00,0.29475700855255127,0.30166399478912354,0.2863830029964447,11539177,0.3176969885826111,0.29475700855255127
2021-12-12 00:00:00,0.29676198959350586,0.29464301466941833,0.2938530147075653,4710704,0.30575400590896606,0.29676198959350586
2021-12-13 00:00:00,0.2685379981994629,0.29683101177215576,0.2652150094509125,4169423,0.2975369989871979,0.2685379981994629
2021-12-14 00:00:00,0.26688000559806824,0.2685759961605072,0.26423099637031555,4636588,0.273717999458313,0.26688000559806824
2021-12-15 00:00:00,0.27854999899864197,0.2727530002593994,0.2594760060310364,8218239,0.2827959954738617,0.27854999899864197
2021-12-16 00:00:00,0.27266401052474976,0.2785409986972809,0.271914005279541,6148897,0.2872140109539032,0.27266401052474976
2021-12-17 00:00:00,0.26171499490737915,0.2726770043373108,0.2603679895401001,7483733,0.27845999598503113,0.26171499490737915
2021-12-18 00:00:00,0.26321500539779663,0.26166200637817383,0.25851500034332275,6186737,0.2683809995651245,0.26321500539779663
2021-12-19 00:00:00,0.2594139873981476,0.26313498616218567,0.25820401310920715,6685264,0.2675209939479828,0.2594139873981476
2021-12-20 00:00:00,0.24031400680541992,0.25944799184799194,0.22971299290657043,23420757,0.259550005197525,0.24031400680541992
2021-12-21 00:00:00,0.2455350011587143,0.2405329942703247,0.2392210066318512,11363810,0.2532309889793396,0.2455350011587143
2021-12-22 00:00:00,0.24424000084400177,0.2457520067691803,0.24195200204849243,9443285,0.2479880005121231,0.24424000084400177
2021-12-23 00:00:00,0.25229498744010925,0.24424000084400177,0.2425370067358017,7967029,0.2566410005092621,0.25229498744010925
2021-12-24 00:00:00,0.24440400302410126,0.2522990107536316,0.2439810037612915,7996752,0.2553029954433441,0.24440400302410126
2021-12-25 00:00:00,0.24431000649929047,0.244500994682312,0.24388599395751953,4479623,0.2474689930677414,0.24431000649929047
2021-12-26 00:00:00,0.23866699635982513,0.24429400265216827,0.23650099337100983,8036036,0.24503999948501587,0.23866699635982513
2021-12-27 00:00:00,0.24143899977207184,0.23893199861049652,0.23458699882030487,23884360,0.2678849995136261,0.24143899977207184
2021-12-28 00:00:00,0.2165679931640625,0.24124400317668915,0.2165679931640625,14032145,0.24124400317668915,0.2165679931640625
2021-12-29 00:00:00,0.19452400505542755,0.21649199724197388,0.19412100315093994,15932279,0.21789799630641937,0.19452400505542755
2021-12-30 00:00:00,0.188619002699852,0.19469000399112701,0.1803939938545227,23029881,0.19971999526023865,0.188619002699852
2021-12-31 00:00:00,0.1933560073375702,0.18878699839115143,0.17095400393009186,46766885,0.2026599943637848,0.1933560073375702
2022-01-01 00:00:00,0.2235029935836792,0.19355499744415283,0.19355499744415283,39031510,0.2343519926071167,0.2235029935836792
2022-01-02 00:00:00,0.2088640034198761,0.22360700368881226,0.20655600726604462,12669706,0.22369599342346191,0.2088640034198761
2022-01-03 00:00:00,0.20564599335193634,0.2088180035352707,0.2000879943370819,7654431,0.2093919962644577,0.20564599335193634
2022-01-04 00:00:00,0.20876799523830414,0.2056179940700531,0.20187099277973175,8867861,0.21457600593566895,0.20876799523830414
2022-01-05 00:00:00,0.1902559995651245,0.20877400040626526,0.17986199259757996,9830126,0.20965799689292908,0.1902559995651245
2022-01-06 00:00:00,0.19132299721240997,0.1901170015335083,0.18302500247955322,9090615,0.1920740008354187,0.19132299721240997
2022-01-07 00:00:00,0.18119199573993683,0.1912900060415268,0.1804790049791336,8116194,0.1913670003414154,0.18119199573993683
2022-01-08 00:00:00,0.18444199860095978,0.1812029927968979,0.18000300228595734,6634833,0.18990600109100342,0.18444199860095978
2022-01-09 00:00:00,0.18440699577331543,0.1844940036535263,0.18215100467205048,3269753,0.18686999380588531,0.18440699577331543
2022-01-10 00:00:00,0.18045499920845032,0.18442599475383759,0.17674699425697327,9579073,0.19172100722789764,0.18045499920845032
2022-01-11 00:00:00,0.20617899298667908,0.18045200407505035,0.17976899445056915,18955628,0.2087250053882599,0.20617899298667908
2022-01-12 00:00:00,0.2016189992427826,0.20617200434207916,0.20066000521183014,7808232,0.20725999772548676,0.2016189992427826
2022-01-13 00:00:00,0.192098006606102,0.20189400017261505,0.1919810026884079,7327030,0.20208899676799774,0.192098006606102
2022-01-14 00:00:00,0.1930219978094101,0.192112997174263,0.18832199275493622,6620768,0.19381000101566315,0.1930219978094101
2022-01-15 00:00:00,0.1938440054655075,0.1930599957704544,0.19200100004673004,4800456,0.19848200678825378,0.1938440054655075
2022-01-16 00:00:00,0.1952899992465973,0.1938360035419464,0.1929830014705658,5154123,0.1997070014476776,0.1952899992465973
2022-01-17 00:00:00,0.1922920048236847,0.19530099630355835,0.184470996260643,10740453,0.19933199882507324,0.1922920048236847
2022-01-18 00:00:00,0.18594400584697723,0.19183699786663055,0.17799299955368042,14185586,0.19353100657463074,0.18594400584697723
2022-01-19 00:00:00,0.17810100317001343,0.18594299256801605,0.17789599299430847,6827324,0.18715700507164001,0.17810100317001343
2022-01-20 00:00:00,0.1772560030221939,0.17809699475765228,0.17700199782848358,5790873,0.18751199543476105,0.1772560030221939
2022-01-21 00:00:00,0.1647070050239563,0.17732200026512146,0.1634330004453659,11478527,0.1809619963169098,0.1647070050239563
2022-01-22 00:00:00,0.1494850069284439,0.16471900045871735,0.14506100118160248,13293068,0.16631799936294556,0.1494850069284439
2022-01-23 00:00:00,0.1618030071258545,0.14955399930477142,0.14955399930477142,9038522,0.16369399428367615,0.1618030071258545
2022-01-24 00:00:00,0.15737399458885193,0.1618330031633377,0.14605900645256042,10411463,0.1618330031633377,0.15737399458885193
2022-01-25 00:00:00,0.15928299725055695,0.15737399458885193,0.15285199880599976,5390041,0.1593800038099289,0.15928299725055695
2022-01-26 00:00:00,0.16044999659061432,0.15931199491024017,0.1559859961271286,9245589,0.167153999209404,0.16044999659061432
2022-01-27 00:00:00,0.16112400591373444,0.16042199730873108,0.15504300594329834,6498035,0.16150599718093872,0.16112400591373444
2022-01-28 00:00:00,0.1757580041885376,0.16109299659729004,0.1594109982252121,10398869,0.17611199617385864,0.1757580041885376
2022-01-29 00:00:00,0.17413200438022614,0.1757420003414154,0.17151500284671783,8210841,0.1802629977464676,0.17413200438022614
2022-01-30 00:00:00,0.17691899836063385,0.1741500049829483,0.1729079931974411,5175926,0.1786399930715561,0.17691899836063385
2022-01-31 00:00:00,0.1835000067949295,0.17694300413131714,0.17324000597000122,17315775,0.18393300473690033,0.1835000067949295
2022-02-01 00:00:00,0.18250499665737152,0.18351000547409058,0.18085800111293793,4888716,0.18569199740886688,0.18250499665737152
2022-02-02 00:00:00,0.175136998295784,0.18250900506973267,0.17500799894332886,4610869,0.18277700245380402,0.175136998295784
2022-02-03 00:00:00,0.17705099284648895,0.1750829964876175,0.1746630072593689,3042184,0.17776000499725342,0.17705099284648895
2022-02-04 00:00:00,0.1887120008468628,0.17709699273109436,0.17694100737571716,6194224,0.18875500559806824,0.1887120008468628
2022-02-05 00:00:00,0.18570399284362793,0.18873800337314606,0.1856759935617447,5429983,0.19100899994373322,0.18570399284362793
2022-02-06 00:00:00,0.18991400301456451,0.18570800125598907,0.1844799965620041,5400113,0.19119800627231598,0.18991400301456451
2022-02-07 00:00:00,0.19123999774456024,0.18990199267864227,0.1873520016670227,8604060,0.19336900115013123,0.19123999774456024
2022-02-08 00:00:00,0.18466299772262573,0.19129300117492676,0.18027900159358978,17234335,0.20012199878692627,0.18466299772262573
2022-02-09 00:00:00,0.18649299442768097,0.18465499579906464,0.17993700504302979,7416858,0.18896999955177307,0.18649299442768097
2022-02-10 00:00:00,0.18045799434185028,0.186258003115654,0.18024100363254547,7277140,0.1877869963645935,0.18045799434185028
2022-02-11 00:00:00,0.17397800087928772,0.18036599457263947,0.17397800087928772,6980900,0.18609000742435455,0.17397800087928772
2022-02-12 00:00:00,0.17259299755096436,0.17396600544452667,0.1698099970817566,4995381,0.17447100579738617,0.17259299755096436
2022-02-13 00:00:00,0.16919800639152527,0.1725659966468811,0.16857199370861053,4741094,0.17284899950027466,0.16919800639152527
2022-02-14 00:00:00,0.17454199492931366,0.16908499598503113,0.1663379967212677,14392497,0.18194399774074554,0.17454199492931366
2022-02-15 00:00:00,0.1749500036239624,0.1745319962501526,0.17316900193691254,7147516,0.17822100222110748,0.1749500036239624
2022-02-16 00:00:00,0.17358499765396118,0.17495399713516235,0.17005300521850586,7518876,0.17495399713516235,0.17358499765396118
2022-02-17 00:00:00,0.16459999978542328,0.17355699837207794,0.16456599533557892,7047568,0.17461299896240234,0.16459999978542328
2022-02-18 00:00:00,0.1608240008354187,0.16463899612426758,0.1606850028038025,6334290,0.1673170030117035,0.1608240008354187
2022-02-19 00:00:00,0.15771999955177307,0.1607999950647354,0.15709200501441956,4763578,0.16315899789333344,0.15771999955177307
2022-02-20 00:00:00,0.1536339968442917,0.157710999250412,0.1502310037612915,5994612,0.15772199630737305,0.1536339968442917
2022-02-21 00:00:00,0.14826300740242004,0.15360699594020844,0.1482270061969757,7070461,0.1614300012588501,0.14826300740242004
2022-02-22 00:00:00,0.14790600538253784,0.1482039988040924,0.1442749947309494,6684225,0.1486559957265854,0.14790600538253784
2022-02-23 00:00:00,0.14624999463558197,0.14791500568389893,0.14552000164985657,4168021,0.15152299404144287,0.14624999463558197
2022-02-24 00:00:00,0.13835899531841278,0.1462949961423874,0.12631399929523468,17999439,0.14645299315452576,0.13835899531841278
2022-02-25 00:00:00,0.1454789936542511,0.1384039968252182,0.13752000033855438,6882739,0.1455489993095398,0.1454789936542511
2022-02-26 00:00:00,0.14481599628925323,0.14548300206661224,0.14424100518226624,4872894,0.1495559960603714,0.14481599628925323
2022-02-27 00:00:00,0.14041399955749512,0.14479799568653107,0.13881300389766693,6058636,0.14613300561904907,0.14041399955749512
2022-02-28 00:00:00,0.15164199471473694,0.14045600593090057,0.14041000604629517,5531592,0.15229199826717377,0.15164199471473694
2022-03-01 00:00:00,0.15220899879932404,0.15166300535202026,0.1510390043258667,6664307,0.15649299323558807,0.15220899879932404
2022-03-02 00:00:00,0.14833100140094757,0.15219299495220184,0.14705200493335724,5398525,0.1524219959974289,0.14833100140094757
2022-03-03 00:00:00,0.14518600702285767,0.14835099875926971,0.14361700415611267,4140225,0.14870400726795197,0.14518600702285767
2022-03-04 00:00:00,0.13915599882602692,0.14520299434661865,0.13774099946022034,5353558,0.14525100588798523,0.13915599882602692
2022-03-05 00:00:00,0.13970300555229187,0.13922299444675446,0.13784199953079224,3430878,0.1406870037317276,0.13970300555229187
2022-03-06 00:00:00,0.13636599481105804,0.13989999890327454,0.13627199828624725,3430921,0.14096899330615997,0.13636599481105804
2022-03-07 00:00:00,0.13411200046539307,0.1364070028066635,0.13378900289535522,3911322,0.13736100494861603,0.13411200046539307
2022-03-08 00:00:00,0.13264800608158112,0.13410499691963196,0.1322370022535324,3134796,0.13514600694179535,0.13264800608158112
2022-03-09 00:00:00,0.14103899896144867,0.1326570063829422,0.13256600499153137,5769649,0.14171600341796875,0.14103899896144867
2022-03-10 00:00:00,0.13673800230026245,0.1410139948129654,0.13355299830436707,4986865,0.1410139948129654,0.13673800230026245
2022-03-11 00:00:00,0.13326400518417358,0.1367039978504181,0.13276800513267517,3382155,0.1367039978504181,0.13326400518417358
2022-03-12 00:00:00,0.1344899982213974,0.13327699899673462,0.13276900351047516,3807582,0.13534100353717804,0.1344899982213974
2022-03-13 00:00:00,0.13226699829101562,0.13445399701595306,0.1322229951620102,2620965,0.1349869966506958,0.13226699829101562
2022-03-14 00:00:00,0.13182300329208374,0.13224700093269348,0.1303659975528717,3061513,0.13242000341415405,0.13182300329208374
2022-03-15 00:00:00,0.13120900094509125,0.13170400261878967,0.12999099493026733,2985696,0.1321990042924881,0.13120900094509125
2022-03-16 00:00:00,0.13512499630451202,0.13121800124645233,0.13087500631809235,5131725,0.13552500307559967,0.13512499630451202
2022-03-17 00:00:00,0.13471299409866333,0.13511399924755096,0.132765993475914,6736705,0.13738200068473816,0.13471299409866333
2022-03-18 00:00:00,0.13285399973392487,0.13470099866390228,0.1294810026884079,7798686,0.13470099866390228,0.13285399973392487
2022-03-19 00:00:00,0.13667599856853485,0.1328359991312027,0.1326649934053421,6505071,0.13778400421142578,0.13667599856853485
2022-03-20 00:00:00,0.13535800576210022,0.13667899370193481,0.13401299715042114,7001421,0.13809999823570251,0.13535800576210022
2022-03-21 00:00:00,0.13640600442886353,0.13541099429130554,0.13381899893283844,6067965,0.1387999951839447,0.13640600442886353
2022-03-22 00:00:00,0.1369819939136505,0.13640299439430237,0.13452200591564178,7018094,0.13934099674224854,0.1369819939136505
2022-03-23 00:00:00,0.14791500568389893,0.13700799643993378,0.13614599406719208,15601502,0.14933599531650543,0.14791500568389893
2022-03-24 00:00:00,0.14247199892997742,0.14789900183677673,0.13993099331855774,8288486,0.1480109989643097,0.14247199892997742
2022-03-25 00:00:00,0.14826899766921997,0.14247800409793854,0.1410990059375763,9900280,0.15178200602531433,0.14826899766921997
2022-03-26 00:00:00,0.14953699707984924,0.14826300740242004,0.14736199378967285,5642678,0.1516679972410202,0.14953699707984924
2022-03-27 00:00:00,0.15293599665164948,0.1495719999074936,0.14755600690841675,5219072,0.15293599665164948,0.15293599665164948
2022-03-28 00:00:00,0.1501840054988861,0.15294399857521057,0.14987899363040924,9020516,0.15480299293994904,0.1501840054988861
2022-03-29 00:00:00,0.14873799681663513,0.14980100095272064,0.1480260044336319,6858550,0.15280699729919434,0.14873799681663513
2022-03-30 00:00:00,0.14814400672912598,0.14872699975967407,0.14645099639892578,6257677,0.14933399856090546,0.14814400672912598
2022-03-31 00:00:00,0.1451379954814911,0.14819200336933136,0.1442759931087494,6070688,0.1500529944896698,0.1451379954814911
2022-04-01 00:00:00,0.14543500542640686,0.14517000317573547,0.14179399609565735,5531875,0.14622299373149872,0.14543500542640686
2022-04-02 00:00:00,0.14448200166225433,0.14543600380420685,0.14426900446414948,5186862,0.14779900014400482,0.14448200166225433
2022-04-03 00:00:00,0.14559799432754517,0.14446400105953217,0.14335699379444122,4568669,0.1465039998292923,0.14559799432754517
2022-04-04 00:00:00,0.1441659927368164,0.14559100568294525,0.14187400043010712,4417256,0.14596900343894958,0.1441659927368164
2022-04-05 00:00:00,0.14167599380016327,0.1441590040922165,0.14152200520038605,4227776,0.14435599744319916,0.14167599380016327
2022-04-06 00:00:00,0.1312279999256134,0.14163899421691895,0.12964700162410736,7691608,0.14215700328350067,0.1312279999256134
2022-04-07 00:00:00,0.13234299421310425,0.13120600581169128,0.12984099984169006,4533436,0.1332779973745346,0.13234299421310425
2022-04-08 00:00:00,0.12591199576854706,0.13260099291801453,0.12587599456310272,5094537,0.1326649934053421,0.12591199576854706
2022-04-09 00:00:00,0.1239209994673729,0.12591500580310822,0.12080900371074677,6608462,0.1274469941854477,0.1239209994673729
2022-04-10 00:00:00,0.12056999653577805,0.12395600229501724,0.12007399648427963,7160638,0.12576699256896973,0.12056999653577805
2022-04-11 00:00:00,0.1122799962759018,0.12054800242185593,0.11076000332832336,13689234,0.12066499888896942,0.1122799962759018
2022-04-12 00:00:00,0.11407899856567383,0.1123180016875267,0.11195600032806396,4911368,0.11440400034189224,0.11407899856567383
2022-04-13 00:00:00,0.12099099904298782,0.11407399922609329,0.11395800113677979,4818994,0.12102799862623215,0.12099099904298782
2022-04-14 00:00:00,0.11701499670743942,0.12098000198602676,0.11591500043869019,3928330,0.12168899923563004,0.11701499670743942
2022-04-15 00:00:00,0.11742600053548813,0.11701799929141998,0.11596299707889557,2996799,0.11907599866390228,0.11742600053548813
2022-04-16 00:00:00,0.11623399704694748,0.11742699891328812,0.1159219965338707,3060795,0.11783000081777573,0.11623399704694748
2022-04-17 00:00:00,0.11178799718618393,0.11623000353574753,0.11172500252723694,4395451,0.11624299734830856,0.11178799718618393
2022-04-18 00:00:00,0.1103999987244606,0.11181099712848663,0.1065329983830452,7027260,0.11204399913549423,0.1103999987244606
2022-04-19 00:00:00,0.10953900218009949,0.11040200293064117,0.10869000107049942,4083145,0.11178400367498398,0.10953900218009949
2022-04-20 00:00:00,0.11993899941444397,0.10953199863433838,0.10878200083971024,85681321,0.17372800409793854,0.11993899941444397
2022-04-21 00:00:00,0.1138560026884079,0.1199600026011467,0.11351499706506729,10063194,0.12110599875450134,0.1138560026884079
2022-04-22 00:00:00,0.11208900064229965,0.1138710007071495,0.10970199853181839,5098255,0.11487700045108795,0.11208900064229965
2022-04-23 00:00:00,0.11078199744224548,0.11197900027036667,0.1102520003914833,3049932,0.11213500052690506,0.11078199744224548
2022-04-24 00:00:00,0.1092969998717308,0.11077500134706497,0.10827499628067017,3972161,0.11125200241804123,0.1092969998717308
2022-04-25 00:00:00,0.10667899996042252,0.10930100083351135,0.10304799675941467,8947909,0.10938700288534164,0.10667899996042252
2022-04-26 00:00:00,0.10088600218296051,0.10656800121068954,0.10051699727773666,6035842,0.10708499699831009,0.10088600218296051
2022-04-27 00:00:00,0.10130199790000916,0.10088200122117996,0.1001729965209961,4172033,0.10233599692583084,0.10130199790000916
2022-04-28 00:00:00,0.10025300085544586,0.10129699856042862,0.09883599728345871,5800753,0.10358700156211853,0.10025300085544586
2022-04-29 00:00:00,0.09633000195026398,0.10026299953460693,0.09553100168704987,5053775,0.10038799792528152,0.09633000195026398
2022-04-30 00:00:00,0.08952800184488297,0.09631700068712234,0.08952800184488297,4677986,0.09672799706459045,0.08952800184488297
2022-05-01 00:00:00,0.09316299855709076,0.08953399956226349,0.08953399956226349,4816644,0.09330599755048752,0.09316299855709076
2022-05-02 00:00:00,0.09257599711418152,0.09318099915981293,0.0905039981007576,4086248,0.0941699966788292,0.09257599711418152
2022-05-03 00:00:00,0.0905809998512268,0.092569999396801,0.08987899869680405,3166523,0.09328500181436539,0.0905809998512268
2022-05-04 00:00:00,0.09565900266170502,0.09061600267887115,0.09061600267887115,3348140,0.09580200165510178,0.09565900266170502
2022-05-05 00:00:00,0.08938699960708618,0.09566500037908554,0.08869799971580505,4326194,0.0959789976477623,0.08938699960708618
2022-05-06 00:00:00,0.08645900338888168,0.08938699960708618,0.08465100079774857,5718547,0.08946499973535538,0.08645900338888168
2022-05-07 00:00:00,0.08462999761104584,0.08645100146532059,0.083467997610569,4095561,0.08774600178003311,0.08462999761104584
2022-05-08 00:00:00,0.0782100036740303,0.08459699898958206,0.07681900262832642,6447662,0.08459699898958206,0.0782100036740303
2022-05-09 00:00:00,0.07505899667739868,0.07822000235319138,0.07422400265932083,7042184,0.07919500023126602,0.07505899667739868
2022-05-10 00:00:00,0.08024399727582932,0.07497800141572952,0.07349400222301483,11975466,0.0907989963889122,0.08024399727582932
2022-05-11 00:00:00,0.06782200187444687,0.08025199919939041,0.06635499745607376,18910516,0.08797500282526016,0.06782200187444687
2022-05-12 00:00:00,0.06592699885368347,0.067842997610569,0.06139399856328964,15249155,0.07072100043296814,0.06592699885368347
2022-05-13 00:00:00,0.06977000087499619,0.0659400001168251,0.0654740035533905,9494617,0.0742259994149208,0.06977000087499619
2022-05-14 00:00:00,0.0702660009264946,0.06976799666881561,0.06555599719285965,4070226,0.07085300236940384,0.0702660009264946
2022-05-15 00:00:00,0.0719119980931282,0.07024600356817245,0.0685259997844696,2981755,0.07195799797773361,0.0719119980931282
2022-05-16 00:00:00,0.0673850029706955,0.07190900295972824,0.06676200032234192,3269675,0.07197999954223633,0.0673850029706955
2022-05-17 00:00:00,0.0698390007019043,0.06737899780273438,0.06737899780273438,2648801,0.06984099745750427,0.0698390007019043
2022-05-18 00:00:00,0.06607300043106079,0.06982199847698212,0.06607300043106079,2751278,0.06997299939393997,0.06607300043106079
2022-05-19 00:00:00,0.06661500036716461,0.06607700139284134,0.06517300009727478,3109459,0.06692799925804138,0.06661500036716461
2022-05-20 00:00:00,0.06575000286102295,0.06662300229072571,0.06502000242471695,2379311,0.06784900277853012,0.06575000286102295
2022-05-21 00:00:00,0.0656690001487732,0.06575600057840347,0.0652339980006218,2038633,0.06616000086069107,0.0656690001487732
2022-05-22 00:00:00,0.06775499880313873,0.06566599756479263,0.06550399959087372,2884221,0.06818199902772903,0.06775499880313873
2022-05-23 00:00:00,0.06509999930858612,0.06773699820041656,0.0650700032711029,3313437,0.06774400174617767,0.06509999930858612
2022-05-24 00:00:00,0.061576999723911285,0.06509999930858612,0.060036998242139816,4904431,0.0653190016746521,0.061576999723911285
2022-05-25 00:00:00,0.059716999530792236,0.061563000082969666,0.05959299951791763,2980024,0.06315100193023682,0.059716999530792236
2022-05-26 00:00:00,0.056859999895095825,0.05972899869084358,0.054990001022815704,3830694,0.061402998864650726,0.056859999895095825
2022-05-27 00:00:00,0.05286199972033501,0.05683400109410286,0.05275600031018257,3616818,0.056905001401901245,0.05286199972033501
2022-05-28 00:00:00,0.05610499903559685,0.053612999618053436,0.05154699832201004,3992304,0.056947000324726105,0.05610499903559685
2022-05-29 00:00:00,0.05545999854803085,0.056099001318216324,0.05432799831032753,2575394,0.056414999067783356,0.05545999854803085
2022-05-30 00:00:00,0.05788600072264671,0.0554720014333725,0.05535700172185898,4680700,0.058115001767873764,0.05788600072264671
2022-05-31 00:00:00,0.059174999594688416,0.05790200084447861,0.05697000026702881,4599156,0.059571001678705215,0.059174999594688416
2022-06-01 00:00:00,0.057133998721838,0.059160999953746796,0.055939000099897385,4170427,0.06125599890947342,0.057133998721838
2022-06-02 00:00:00,0.05765099823474884,0.0571260005235672,0.05578399822115898,2899670,0.05805100128054619,0.05765099823474884
2022-06-03 00:00:00,0.05716300010681152,0.057645998895168304,0.05525200068950653,2912519,0.05816100165247917,0.05716300010681152
2022-06-04 00:00:00,0.05677900090813637,0.05715499818325043,0.05584299936890602,2139053,0.0571959987282753,0.05677900090813637
2022-06-05 00:00:00,0.05666299909353256,0.05680700019001961,0.05595099925994873,1616127,0.05683699995279312,0.05666299909353256
2022-06-06 00:00:00,0.05920799821615219,0.056650999933481216,0.05661800131201744,3797705,0.060318998992443085,0.05920799821615219
2022-06-07 00:00:00,0.05777899920940399,0.0592150017619133,0.05601299926638603,2846215,0.05924699828028679,0.05777899920940399
2022-06-08 00:00:00,0.05665900185704231,0.05783199891448021,0.0565360002219677,2131456,0.058364998549222946,0.05665900185704231
2022-06-09 00:00:00,0.05619499832391739,0.05666400119662285,0.056154001504182816,2168741,0.05724700167775154,0.05619499832391739
2022-06-10 00:00:00,0.05408899858593941,0.05619199946522713,0.05394899845123291,2248709,0.056345999240875244,0.05408899858593941
2022-06-11 00:00:00,0.051750000566244125,0.054090000689029694,0.05101799964904785,2524008,0.05485700070858002,0.051750000566244125
2022-06-12 00:00:00,0.05143599957227707,0.05175499990582466,0.05014599859714508,2628673,0.053651001304388046,0.05143599957227707
2022-06-13 00:00:00,0.04851900041103363,0.051419999450445175,0.04802799969911575,4716654,0.051461998373270035,0.04851900041103363
2022-06-14 00:00:00,0.050234999507665634,0.04853900149464607,0.04533100128173828,3500040,0.050638001412153244,0.050234999507665634
2022-06-15 00:00:00,0.05147000029683113,0.05021499842405319,0.047171998769044876,3247667,0.05173100158572197,0.05147000029683113
2022-06-16 00:00:00,0.04998699948191643,0.05149200186133385,0.04970499873161316,2830006,0.05215499922633171,0.04998699948191643
2022-06-17 00:00:00,0.05030199885368347,0.04998200014233589,0.04995400086045265,2625351,0.051621999591588974,0.05030199885368347
2022-06-18 00:00:00,0.049215998500585556,0.05028799921274185,0.04678799957036972,2494419,0.05052199959754944,0.049215998500585556
2022-06-19 00:00:00,0.05121200159192085,0.049212001264095306,0.04834499955177307,2580789,0.05149399861693382,0.05121200159192085
2022-06-20 00:00:00,0.05182800069451332,0.05120699852705002,0.05034799873828888,2709574,0.0519849993288517,0.05182800069451332
2022-06-21 00:00:00,0.053578998893499374,0.05180399864912033,0.051513999700546265,3110796,0.05446299910545349,0.053578998893499374
2022-06-22 00:00:00,0.053001001477241516,0.05358000099658966,0.05295100063085556,3513417,0.05619800090789795,0.053001001477241516
2022-06-23 00:00:00,0.054687999188899994,0.05299200117588043,0.05268700048327446,2706408,0.05509499832987785,0.054687999188899994
2022-06-24 00:00:00,0.05613299831748009,0.054691001772880554,0.05458600074052811,2817378,0.05652499943971634,0.05613299831748009
2022-06-25 00:00:00,0.0562559999525547,0.05613800138235092,0.0552930012345314,2543724,0.05695600062608719,0.0562559999525547
2022-06-26 00:00:00,0.055341001600027084,0.05625699833035469,0.055332001298666,2418387,0.05723100155591965,0.055341001600027084
2022-06-27 00:00:00,0.05639699846506119,0.055337999016046524,0.055098000913858414,3316389,0.057750001549720764,0.05639699846506119
2022-06-28 00:00:00,0.052740998566150665,0.056356001645326614,0.052678998559713364,3408465,0.056644998490810394,0.052740998566150665
2022-06-29 00:00:00,0.051729001104831696,0.052689000964164734,0.05103699862957001,2991214,0.052928000688552856,0.051729001104831696
2022-06-30 00:00:00,0.05167299881577492,0.051725998520851135,0.05005599930882454,2635060,0.051725998520851135,0.05167299881577492
2022-07-01 00:00:00,0.05141500011086464,0.05169700086116791,0.050505999475717545,2619794,0.05238699913024902,0.05141500011086464
2022-07-02 00:00:00,0.052942000329494476,0.051426000893116,0.05060499906539917,2593321,0.0543770007789135,0.052942000329494476
2022-07-03 00:00:00,0.051701001822948456,0.052935000509023666,0.05122600123286247,1931529,0.05304599925875664,0.051701001822948456
2022-07-04 00:00:00,0.053061001002788544,0.05170699954032898,0.05132399871945381,1774199,0.053061001002788544,0.053061001002788544
2022-07-05 00:00:00,0.051412999629974365,0.05310399830341339,0.05071200057864189,3155324,0.053367000073194504,0.051412999629974365
2022-07-06 00:00:00,0.051534999161958694,0.051437001675367355,0.05095899850130081,1852537,0.05168300122022629,0.051534999161958694
2022-07-07 00:00:00,0.05316000059247017,0.051646001636981964,0.05143899843096733,2375193,0.053707998245954514,0.05316000059247017
2022-07-08 00:00:00,0.0525129996240139,0.05314299836754799,0.05206599831581116,2171975,0.05376100167632103,0.0525129996240139
2022-07-09 00:00:00,0.052577998489141464,0.052501000463962555,0.05216899886727333,1715534,0.052987001836299896,0.052577998489141464
2022-07-10 00:00:00,0.05170699954032898,0.05256799980998039,0.05146399885416031,2411160,0.05347900092601776,0.05170699954032898
2022-07-11 00:00:00,0.050783999264240265,0.05171100050210953,0.050725001841783524,1790632,0.051715001463890076,0.050783999264240265
2022-07-12 00:00:00,0.05000000074505806,0.05079200118780136,0.04999399930238724,1935308,0.05094600096344948,0.05000000074505806
2022-07-13 00:00:00,0.05081300064921379,0.04998999834060669,0.04917899891734123,2030839,0.050822000950574875,0.05081300064921379
2022-07-14 00:00:00,0.051134999841451645,0.05081599950790405,0.04996899887919426,2252055,0.05139299854636192,0.051134999841451645
2022-07-15 00:00:00,0.051906999200582504,0.05113700032234192,0.05101599916815758,1531106,0.052260998636484146,0.051906999200582504
2022-07-16 00:00:00,0.05218899995088577,0.05187800154089928,0.05119000002741814,1465972,0.052480001002550125,0.05218899995088577
2022-07-17 00:00:00,0.0517209991812706,0.052184998989105225,0.051704999059438705,1563181,0.052602000534534454,0.0517209991812706
2022-07-18 00:00:00,0.05316900089383125,0.051690999418497086,0.05167900025844574,2905596,0.05363300070166588,0.05316900089383125
2022-07-19 00:00:00,0.054701000452041626,0.05313999950885773,0.05229099839925766,2994744,0.05483299866318703,0.054701000452041626
2022-07-20 00:00:00,0.054735999554395676,0.0547109991312027,0.054237000644207,2890057,0.056710001081228256,0.054735999554395676
2022-07-21 00:00:00,0.05402899906039238,0.05473000183701515,0.052949000149965286,1714969,0.054889000952243805,0.05402899906039238
2022-07-22 00:00:00,0.05373400077223778,0.054037000983953476,0.05363500118255615,1443623,0.055201999843120575,0.05373400077223778
2022-07-23 00:00:00,0.054019998759031296,0.05371899902820587,0.0535460002720356,1339492,0.0542679987847805,0.054019998759031296
2022-07-24 00:00:00,0.05487100034952164,0.05402500182390213,0.05399399995803833,1588859,0.05500299856066704,0.05487100034952164
2022-07-25 00:00:00,0.0532350018620491,0.05486899986863136,0.0532350018620491,2907044,0.05655499920248985,0.0532350018620491
2022-07-26 00:00:00,0.05245799943804741,0.053217001259326935,0.051757000386714935,1858770,0.053217001259326935,0.05245799943804741
2022-07-27 00:00:00,0.05411799997091293,0.052473001182079315,0.05221699923276901,2116021,0.05412900075316429,0.05411799997091293
2022-07-28 00:00:00,0.055364999920129776,0.05411899834871292,0.05386599898338318,3800161,0.05579699948430061,0.055364999920129776
2022-07-29 00:00:00,0.056007999926805496,0.055344000458717346,0.05520699918270111,9377657,0.05766399949789047,0.056007999926805496
2022-07-30 00:00:00,0.057718999683856964,0.05598200112581253,0.05591500177979469,10917926,0.059112999588251114,0.057718999683856964
2022-07-31 00:00:00,0.0568699985742569,0.057711999863386154,0.05683400109410286,8345910,0.05826999992132187,0.0568699985742569
2022-08-01 00:00:00,0.05719200149178505,0.05684499815106392,0.05667499825358391,8285750,0.05739099904894829,0.05719200149178505
2022-08-02 00:00:00,0.05596400052309036,0.05716000124812126,0.055962998420000076,8157814,0.05727599933743477,0.05596400052309036
2022-08-03 00:00:00,0.05555399879813194,0.055987000465393066,0.055424999445676804,9364693,0.056891001760959625,0.05555399879813194
2022-08-04 00:00:00,0.054343000054359436,0.05554800108075142,0.053902000188827515,9043474,0.05618700012564659,0.054343000054359436
2022-08-05 00:00:00,0.05522000044584274,0.05429999902844429,0.05427199974656105,21962421,0.056175000965595245,0.05522000044584274
2022-08-06 00:00:00,0.054568998515605927,0.05519799888134003,0.054485999047756195,74673119,0.05531100183725357,0.054568998515605927
2022-08-07 00:00:00,0.054917000234127045,0.05458100140094757,0.05444300174713135,19012533,0.05530399829149246,0.054917000234127045
2022-08-08 00:00:00,0.0569549985229969,0.05490899831056595,0.05466800183057785,21477342,0.05738399922847748,0.0569549985229969
2022-08-09 00:00:00,0.05561099946498871,0.05697900056838989,0.05526899918913841,10104129,0.057204000651836395,0.05561099946498871
2022-08-10 00:00:00,0.05735599994659424,0.05561299994587898,0.05483200028538704,10323319,0.05781000107526779,0.05735599994659424
2022-08-11 00:00:00,0.056804001331329346,0.05736500024795532,0.05637500062584877,24397845,0.058139998465776443,0.056804001331329346
2022-08-12 00:00:00,0.056407999247312546,0.05680900067090988,0.05584599822759628,17372659,0.05705200135707855,0.056407999247312546
2022-08-13 00:00:00,0.056984998285770416,0.05640700086951256,0.056258998811244965,8241034,0.057436998933553696,0.056984998285770416
2022-08-14 00:00:00,0.05657399818301201,0.05699099972844124,0.05626500025391579,8401409,0.05734099820256233,0.05657399818301201
2022-08-15 00:00:00,0.055654000490903854,0.056561000645160675,0.055521998554468155,8532181,0.057259999215602875,0.055654000490903854
2022-08-16 00:00:00,0.054854001849889755,0.055656999349594116,0.05462700128555298,8163185,0.055821001529693604,0.054854001849889755
2022-08-17 00:00:00,0.05378599837422371,0.05474099889397621,0.05356699973344803,9530369,0.05549899861216545,0.05378599837422371
2022-08-18 00:00:00,0.05301300063729286,0.05379899963736534,0.05297499895095825,11192811,0.053915999829769135,0.05301300063729286
2022-08-19 00:00:00,0.048243001103401184,0.05301399901509285,0.04806799814105034,13382449,0.053043998777866364,0.048243001103401184
2022-08-20 00:00:00,0.048994001001119614,0.04824399948120117,0.04808799922466278,10567279,0.04974000155925751,0.048994001001119614
2022-08-21 00:00:00,0.0506259985268116,0.04896099865436554,0.04894600063562393,12645589,0.0507190003991127,0.0506259985268116
2022-08-22 00:00:00,0.04976300150156021,0.05061599984765053,0.04936600103974342,11038365,0.050627999007701874,0.04976300150156021
2022-08-23 00:00:00,0.048854999244213104,0.049747999757528305,0.04879999905824661,3054420,0.04988899827003479,0.048854999244213104
2022-08-24 00:00:00,0.0483039990067482,0.04885699972510338,0.048257000744342804,2449315,0.04913000017404556,0.0483039990067482
2022-08-25 00:00:00,0.0476979985833168,0.04830300062894821,0.04741799831390381,3226760,0.048478998243808746,0.0476979985833168
2022-08-26 00:00:00,0.045504000037908554,0.047683000564575195,0.045444000512361526,2488683,0.04771300032734871,0.045504000037908554
2022-08-27 00:00:00,0.045784998685121536,0.04549200087785721,0.04473700001835823,2208368,0.045942001044750214,0.045784998685121536
2022-08-28 00:00:00,0.04455599933862686,0.04579100012779236,0.04455599933862686,1650530,0.04579100012779236,0.04455599933862686
2022-08-29 00:00:00,0.04450099915266037,0.04452899843454361,0.043219998478889465,3127991,0.04506300017237663,0.04450099915266037
2022-08-30 00:00:00,0.0428990013897419,0.04450000077486038,0.042615000158548355,3426113,0.044943999499082565,0.0428990013897419
2022-08-31 00:00:00,0.043035998940467834,0.04291800037026405,0.04284600168466568,2634050,0.044075001031160355,0.043035998940467834
2022-09-01 00:00:00,0.042500000447034836,0.043053001165390015,0.042034000158309937,1671732,0.043241001665592194,0.042500000447034836
2022-09-02 00:00:00,0.0428679995238781,0.042497001588344574,0.04202200099825859,2518531,0.04292900115251541,0.0428679995238781
2022-09-03 00:00:00,0.04226800054311752,0.042796000838279724,0.042187001556158066,1860162,0.04301200062036514,0.04226800054311752
2022-09-04 00:00:00,0.04216799885034561,0.04226500168442726,0.042080000042915344,1924688,0.04253600165247917,0.04216799885034561
2022-09-05 00:00:00,0.0412059985101223,0.04217600077390671,0.0407399982213974,2281085,0.04233900085091591,0.0412059985101223
2022-09-06 00:00:00,0.04025200009346008,0.04122500121593475,0.04024500027298927,3053691,0.04184599965810776,0.04025200009346008
2022-09-07 00:00:00,0.04103400185704231,0.04024000093340874,0.03928900137543678,2489549,0.04108799993991852,0.04103400185704231
2022-09-08 00:00:00,0.040807001292705536,0.04103200137615204,0.04029599949717522,2403661,0.04188700020313263,0.040807001292705536
2022-09-09 00:00:00,0.042739998549222946,0.040807001292705536,0.040741000324487686,3371159,0.0432329997420311,0.042739998549222946
2022-09-10 00:00:00,0.04259999841451645,0.04274800047278404,0.04233400151133537,1966841,0.04301200062036514,0.04259999841451645
2022-09-11 00:00:00,0.04243599995970726,0.04257399961352348,0.04213400185108185,2042271,0.042973000556230545,0.04243599995970726
2022-09-12 00:00:00,0.04243899881839752,0.04239000007510185,0.04204300045967102,1842526,0.042872000485658646,0.04243899881839752
2022-09-13 00:00:00,0.040084999054670334,0.042381998151540756,0.039583999663591385,2384131,0.042465001344680786,0.040084999054670334
2022-09-14 00:00:00,0.040362998843193054,0.03976599872112274,0.039507001638412476,2139430,0.04062600061297417,0.040362998843193054
2022-09-15 00:00:00,0.03961800038814545,0.04036400094628334,0.039423998445272446,2017534,0.040470998734235764,0.03961800038814545
2022-09-16 00:00:00,0.03926499933004379,0.03962799906730652,0.039128001779317856,1840062,0.03966100141406059,0.03926499933004379
2022-09-17 00:00:00,0.04005499929189682,0.03925799950957298,0.03921300172805786,1789258,0.040091000497341156,0.04005499929189682
2022-09-18 00:00:00,0.03939000144600868,0.04005900025367737,0.039312999695539474,2083392,0.04041000083088875,0.03939000144600868
2022-09-19 00:00:00,0.039434999227523804,0.039395999163389206,0.03750099986791611,2556640,0.03958100080490112,0.039434999227523804
2022-09-20 00:00:00,0.03820699825882912,0.039427999407052994,0.03771999850869179,1864771,0.039466001093387604,0.03820699825882912
2022-09-21 00:00:00,0.03713399916887283,0.03820100054144859,0.03694099932909012,1572758,0.03834500163793564,0.03713399916887283
2022-09-22 00:00:00,0.038086000829935074,0.03711000084877014,0.036736998707056046,2102798,0.0382549986243248,0.038086000829935074
2022-09-23 00:00:00,0.03791699931025505,0.03808699920773506,0.03714099898934364,2306042,0.03888799995183945,0.03791699931025505
2022-09-24 00:00:00,0.03745799884200096,0.0379210002720356,0.0374240018427372,1922458,0.03840800002217293,0.03745799884200096
2022-09-25 00:00:00,0.03725599870085716,0.03745799884200096,0.03705599904060364,1857657,0.03828100115060806,0.03725599870085716
2022-09-26 00:00:00,0.0364300012588501,0.03725399821996689,0.03604700043797493,2773200,0.037358999252319336,0.0364300012588501
2022-09-27 00:00:00,0.03622699901461601,0.036410000175237656,0.036049000918865204,2953588,0.03777100145816803,0.03622699901461601
2022-09-28 08:54:00,0.03550790250301361,0.036189522594213486,0.03540969640016556,2615289,0.036325324326753616,0.03550790250301361
